code,name,created_at,deleted_at,hierarchy,parent_id
1100000000,서울특별시,19880423,,0,
1111000000,종로구,19880423,,1,1100000000
1111010100,청운동,19880423,,2,1111000000
1111010200,신교동,19880423,,2,1111000000
1111010300,궁정동,19880423,,2,1111000000
1111010400,효자동,19880423,,2,1111000000
1111010500,창성동,19880423,,2,1111000000
1111010600,통의동,19880423,,2,1111000000
1111010700,적선동,19880423,,2,1111000000
1111010800,통인동,19880423,,2,1111000000
1111010900,누상동,19880423,,2,1111000000
1111011000,누하동,19880423,,2,1111000000
1111011100,옥인동,19880423,,2,1111000000
1111011200,체부동,19880423,,2,1111000000
1111011300,필운동,19880423,,2,1111000000
1111011400,내자동,19880423,,2,1111000000
1111011500,사직동,19880423,,2,1111000000
1111011600,도렴동,19981201,,2,1111000000
1111011700,당주동,19981201,,2,1111000000
1111011800,내수동,19981201,,2,1111000000
1111011900,세종로,19981201,,2,1111000000
1111012000,신문로1가,19981201,,2,1111000000
1111012100,신문로2가,19981201,,2,1111000000
1111012200,청진동,19981201,,2,1111000000
1111012300,서린동,19981201,,2,1111000000
1111012400,수송동,19981201,,2,1111000000
1111012500,중학동,19981201,,2,1111000000
1111012600,종로1가,19981201,,2,1111000000
1111012700,공평동,19981201,,2,1111000000
1111012800,관훈동,19981201,,2,1111000000
1111012900,견지동,19981201,,2,1111000000
1111013000,와룡동,19981201,,2,1111000000
1111013100,권농동,19981201,,2,1111000000
1111013200,운니동,19981201,,2,1111000000
1111013300,익선동,19981201,,2,1111000000
1111013400,경운동,19981201,,2,1111000000
1111013500,관철동,19981201,,2,1111000000
1111013600,인사동,19981201,,2,1111000000
1111013700,낙원동,19981201,,2,1111000000
1111013800,종로2가,19981201,,2,1111000000
1111013900,팔판동,19880423,,2,1111000000
1111014000,삼청동,19880423,,2,1111000000
1111014100,안국동,19880423,,2,1111000000
1111014200,소격동,19880423,,2,1111000000
1111014300,화동,19880423,,2,1111000000
1111014400,사간동,19880423,,2,1111000000
1111014500,송현동,19880423,,2,1111000000
1111014600,가회동,19880423,,2,1111000000
1111014700,재동,19880423,,2,1111000000
1111014800,계동,19880423,,2,1111000000
1111014900,원서동,19880423,,2,1111000000
1111015000,훈정동,19981201,,2,1111000000
1111015100,묘동,19981201,,2,1111000000
1111015200,봉익동,19981201,,2,1111000000
1111015300,돈의동,19981201,,2,1111000000
1111015400,장사동,19981201,,2,1111000000
1111015500,관수동,19981201,,2,1111000000
1111015600,종로3가,19981201,,2,1111000000
1111015700,인의동,19981201,,2,1111000000
1111015800,예지동,19981201,,2,1111000000
1111015900,원남동,19981201,,2,1111000000
1111016000,연지동,19880423,,2,1111000000
1111016100,종로4가,19981201,,2,1111000000
1111016200,효제동,19880423,,2,1111000000
1111016300,종로5가,19880423,,2,1111000000
1111016400,종로6가,19880423,,2,1111000000
1111016500,이화동,19880423,,2,1111000000
1111016600,연건동,19880423,,2,1111000000
1111016700,충신동,19880423,,2,1111000000
1111016800,동숭동,19880423,,2,1111000000
1111016900,혜화동,19880423,,2,1111000000
1111017000,명륜1가,19880423,,2,1111000000
1111017100,명륜2가,19880423,,2,1111000000
1111017200,명륜4가,19880423,,2,1111000000
1111017300,명륜3가,19880423,,2,1111000000
1111017400,창신동,19880423,,2,1111000000
1111017500,숭인동,19880423,,2,1111000000
1111017600,교남동,19880423,,2,1111000000
1111017700,평동,19880423,,2,1111000000
1111017800,송월동,19880423,,2,1111000000
1111017900,홍파동,19880423,,2,1111000000
1111018000,교북동,19880423,,2,1111000000
1111018100,행촌동,19880423,,2,1111000000
1111018200,구기동,19880423,,2,1111000000
1111018300,평창동,19880423,,2,1111000000
1111018400,부암동,19880423,,2,1111000000
1111018500,홍지동,19880423,,2,1111000000
1111018600,신영동,19880423,,2,1111000000
1111018700,무악동,19880423,,2,1111000000
1114000000,중구,19880423,,1,1100000000
1114010100,무교동,19980914,,2,1114000000
1114010200,다동,19980914,,2,1114000000
1114010300,태평로1가,19980914,,2,1114000000
1114010400,을지로1가,19980914,,2,1114000000
1114010500,을지로2가,19980914,,2,1114000000
1114010600,남대문로1가,19980914,,2,1114000000
1114010700,삼각동,19980914,,2,1114000000
1114010800,수하동,19980914,,2,1114000000
1114010900,장교동,19980914,,2,1114000000
1114011000,수표동,19980914,,2,1114000000
1114011100,소공동,19880423,,2,1114000000
1114011200,남창동,19880423,,2,1114000000
1114011300,북창동,19880423,,2,1114000000
1114011400,태평로2가,19880423,,2,1114000000
1114011500,남대문로2가,19980914,,2,1114000000
1114011600,남대문로3가,19880423,,2,1114000000
1114011700,남대문로4가,19880423,,2,1114000000
1114011800,남대문로5가,19980914,,2,1114000000
1114011900,봉래동1가,19980914,,2,1114000000
1114012000,봉래동2가,19980914,,2,1114000000
1114012100,회현동1가,19880423,,2,1114000000
1114012200,회현동2가,19880423,,2,1114000000
1114012300,회현동3가,19880423,,2,1114000000
1114012400,충무로1가,19880423,,2,1114000000
1114012500,충무로2가,19880423,,2,1114000000
1114012600,명동1가,19880423,,2,1114000000
1114012700,명동2가,19880423,,2,1114000000
1114012800,남산동1가,19880423,,2,1114000000
1114012900,남산동2가,19880423,,2,1114000000
1114013000,남산동3가,19880423,,2,1114000000
1114013100,저동1가,19880423,,2,1114000000
1114013200,충무로4가,19980914,,2,1114000000
1114013300,충무로5가,19980914,,2,1114000000
1114013400,인현동2가,19980914,,2,1114000000
1114013500,예관동,19980914,,2,1114000000
1114013600,묵정동,19880423,,2,1114000000
1114013700,필동1가,19880423,,2,1114000000
1114013800,필동2가,19880423,,2,1114000000
1114013900,필동3가,19880423,,2,1114000000
1114014000,남학동,19880423,,2,1114000000
1114014100,주자동,19880423,,2,1114000000
1114014200,예장동,19880423,,2,1114000000
1114014300,장충동1가,19880423,,2,1114000000
1114014400,장충동2가,19880423,,2,1114000000
1114014500,광희동1가,19880423,,2,1114000000
1114014600,광희동2가,19880423,,2,1114000000
1114014700,쌍림동,19880423,,2,1114000000
1114014800,을지로6가,19880423,,2,1114000000
1114014900,을지로7가,19880423,,2,1114000000
1114015000,을지로4가,19880423,,2,1114000000
1114015100,을지로5가,19880423,,2,1114000000
1114015200,주교동,19880423,,2,1114000000
1114015300,방산동,19880423,,2,1114000000
1114015400,오장동,19980914,,2,1114000000
1114015500,을지로3가,19880423,,2,1114000000
1114015600,입정동,19880423,,2,1114000000
1114015700,산림동,19880423,,2,1114000000
1114015800,충무로3가,19880423,,2,1114000000
1114015900,초동,19880423,,2,1114000000
1114016000,인현동1가,19880423,,2,1114000000
1114016100,저동2가,19880423,,2,1114000000
1114016200,신당동,19880423,,2,1114000000
1114016300,흥인동,19880423,,2,1114000000
1114016400,무학동,19880423,,2,1114000000
1114016500,황학동,19880423,,2,1114000000
1114016600,서소문동,19880423,,2,1114000000
1114016700,정동,19880423,,2,1114000000
1114016800,순화동,19980914,,2,1114000000
1114016900,의주로1가,19880423,,2,1114000000
1114017000,충정로1가,19880423,,2,1114000000
1114017100,중림동,19880423,,2,1114000000
1114017200,의주로2가,19880423,,2,1114000000
1114017300,만리동1가,19880423,,2,1114000000
1114017400,만리동2가,19880423,,2,1114000000
1117000000,용산구,19880423,,1,1100000000
1117010100,후암동,19880423,,2,1117000000
1117010200,용산동2가,19880423,,2,1117000000
1117010300,용산동4가,19880423,,2,1117000000
1117010400,갈월동,19880423,,2,1117000000
1117010500,남영동,19880423,,2,1117000000
1117010600,용산동1가,19880423,,2,1117000000
1117010700,동자동,19880423,,2,1117000000
1117010800,서계동,19880423,,2,1117000000
1117010900,청파동1가,19880423,,2,1117000000
1117011000,청파동2가,19880423,,2,1117000000
1117011100,청파동3가,19880423,,2,1117000000
1117011200,원효로1가,19880423,,2,1117000000
1117011300,원효로2가,19880423,,2,1117000000
1117011400,신창동,19880423,,2,1117000000
1117011500,산천동,19880423,,2,1117000000
1117011600,청암동,19880423,,2,1117000000
1117011700,원효로3가,19880423,,2,1117000000
1117011800,원효로4가,19880423,,2,1117000000
1117011900,효창동,19880423,,2,1117000000
1117012000,도원동,19880423,,2,1117000000
1117012100,용문동,19880423,,2,1117000000
1117012200,문배동,19880423,,2,1117000000
1117012300,신계동,19880423,,2,1117000000
1117012400,한강로1가,19880423,,2,1117000000
1117012500,한강로2가,19880423,,2,1117000000
1117012600,용산동3가,19880423,,2,1117000000
1117012700,용산동5가,19880423,,2,1117000000
1117012800,한강로3가,19880423,,2,1117000000
1117012900,이촌동,19880423,,2,1117000000
1117013000,이태원동,19880423,,2,1117000000
1117013100,한남동,19880423,,2,1117000000
1117013200,동빙고동,19880423,,2,1117000000
1117013300,서빙고동,19880423,,2,1117000000
1117013400,주성동,19880423,,2,1117000000
1117013500,용산동6가,19880423,,2,1117000000
1117013600,보광동,19880423,,2,1117000000
1120000000,성동구,19880423,,1,1100000000
1120010100,상왕십리동,19880423,,2,1120000000
1120010200,하왕십리동,19880423,,2,1120000000
1120010300,홍익동,19880423,,2,1120000000
1120010400,도선동,19880423,,2,1120000000
1120010500,마장동,19880423,,2,1120000000
1120010600,사근동,19880423,,2,1120000000
1120010700,행당동,19880423,,2,1120000000
1120010800,응봉동,19880423,,2,1120000000
1120010900,금호동1가,19880423,,2,1120000000
1120011000,금호동2가,19880423,,2,1120000000
1120011100,금호동3가,19880423,,2,1120000000
1120011200,금호동4가,19880423,,2,1120000000
1120011300,옥수동,19880423,,2,1120000000
1120011400,성수동1가,19880423,,2,1120000000
1120011500,성수동2가,19880423,,2,1120000000
1120011800,송정동,19880423,,2,1120000000
1120012200,용답동,19880423,,2,1120000000
1121500000,광진구,19950301,,1,1100000000
1121510100,중곡동,19950301,,2,1121500000
1121510200,능동,19950301,,2,1121500000
1121510300,구의동,19950301,,2,1121500000
1121510400,광장동,19950301,,2,1121500000
1121510500,자양동,19950301,,2,1121500000
1121510700,화양동,19950301,,2,1121500000
1121510900,군자동,19950301,,2,1121500000
1123000000,동대문구,19880423,,1,1100000000
1123010100,신설동,19880423,,2,1123000000
1123010200,용두동,19880423,,2,1123000000
1123010300,제기동,19880423,,2,1123000000
1123010400,전농동,19880423,,2,1123000000
1123010500,답십리동,19880423,,2,1123000000
1123010600,장안동,19880423,,2,1123000000
1123010700,청량리동,19880423,,2,1123000000
1123010800,회기동,19880423,,2,1123000000
1123010900,휘경동,19880423,,2,1123000000
1123011000,이문동,19880423,,2,1123000000
1126000000,중랑구,19880423,,1,1100000000
1126010100,면목동,19880423,,2,1126000000
1126010200,상봉동,19880423,,2,1126000000
1126010300,중화동,19880423,,2,1126000000
1126010400,묵동,19880423,,2,1126000000
1126010500,망우동,19880423,,2,1126000000
1126010600,신내동,19960301,,2,1126000000
1129000000,성북구,19880423,,1,1100000000
1129010100,성북동,19880423,,2,1129000000
1129010200,성북동1가,19880423,,2,1129000000
1129010300,돈암동,19880423,,2,1129000000
1129010400,동소문동1가,19880423,,2,1129000000
1129010500,동소문동2가,19880423,,2,1129000000
1129010600,동소문동3가,19880423,,2,1129000000
1129010700,동소문동4가,19880423,,2,1129000000
1129010800,동소문동5가,19880423,,2,1129000000
1129010900,동소문동6가,19880423,,2,1129000000
1129011000,동소문동7가,19880423,,2,1129000000
1129011100,삼선동1가,19880423,,2,1129000000
1129011200,삼선동2가,19880423,,2,1129000000
1129011300,삼선동3가,19880423,,2,1129000000
1129011400,삼선동4가,19880423,,2,1129000000
1129011500,삼선동5가,19880423,,2,1129000000
1129011600,동선동1가,19880423,,2,1129000000
1129011700,동선동2가,19880423,,2,1129000000
1129011800,동선동3가,19880423,,2,1129000000
1129011900,동선동4가,19880423,,2,1129000000
1129012000,동선동5가,19880423,,2,1129000000
1129012100,안암동1가,19880423,,2,1129000000
1129012200,안암동2가,19880423,,2,1129000000
1129012300,안암동3가,19880423,,2,1129000000
1129012400,안암동4가,19880423,,2,1129000000
1129012500,안암동5가,19880423,,2,1129000000
1129012600,보문동4가,19880423,,2,1129000000
1129012700,보문동5가,19880423,,2,1129000000
1129012800,보문동6가,19880423,,2,1129000000
1129012900,보문동7가,19880423,,2,1129000000
1129013000,보문동1가,19880423,,2,1129000000
1129013100,보문동2가,19880423,,2,1129000000
1129013200,보문동3가,19880423,,2,1129000000
1129013300,정릉동,19880423,,2,1129000000
1129013400,길음동,19880423,,2,1129000000
1129013500,종암동,19880423,,2,1129000000
1129013600,하월곡동,19890427,,2,1129000000
1129013700,상월곡동,19880423,,2,1129000000
1129013800,장위동,19880423,,2,1129000000
1129013900,석관동,19880423,,2,1129000000
1130500000,강북구,19950301,,1,1100000000
1130510100,미아동,19980928,,2,1130500000
1130510200,번동,19950301,,2,1130500000
1130510300,수유동,19950301,,2,1130500000
1130510400,우이동,19950301,,2,1130500000
1132000000,도봉구,19880423,,1,1100000000
1132010500,쌍문동,19880423,,2,1132000000
1132010600,방학동,19880423,,2,1132000000
1132010700,창동,19890101,,2,1132000000
1132010800,도봉동,19890101,,2,1132000000
1135000000,노원구,19880423,,1,1100000000
1135010200,월계동,19880423,,2,1135000000
1135010300,공릉동,19880423,,2,1135000000
1135010400,하계동,19890901,,2,1135000000
1135010500,상계동,19920701,,2,1135000000
1135010600,중계동,19920701,,2,1135000000
1138000000,은평구,19880423,,1,1100000000
1138010100,수색동,19880423,,2,1138000000
1138010200,녹번동,19880423,,2,1138000000
1138010300,불광동,19880423,,2,1138000000
1138010400,갈현동,19890601,,2,1138000000
1138010500,구산동,19880423,,2,1138000000
1138010600,대조동,19880423,,2,1138000000
1138010700,응암동,19880423,,2,1138000000
1138010800,역촌동,19880423,,2,1138000000
1138010900,신사동,19890901,,2,1138000000
1138011000,증산동,19880423,,2,1138000000
1138011400,진관동,20070813,,2,1138000000
1141000000,서대문구,19880423,,1,1100000000
1141010100,충정로2가,19880423,,2,1141000000
1141010200,충정로3가,19880423,,2,1141000000
1141010300,합동,19880423,,2,1141000000
1141010400,미근동,19880423,,2,1141000000
1141010500,냉천동,19880423,,2,1141000000
1141010600,천연동,19880423,,2,1141000000
1141010700,옥천동,19880423,,2,1141000000
1141010800,영천동,19880423,,2,1141000000
1141010900,현저동,19981001,,2,1141000000
1141011000,북아현동,19880423,,2,1141000000
1141011100,홍제동,19880423,,2,1141000000
1141011200,대현동,19880423,,2,1141000000
1141011300,대신동,19880423,,2,1141000000
1141011400,신촌동,19880423,,2,1141000000
1141011500,봉원동,19880423,,2,1141000000
1141011600,창천동,19880423,,2,1141000000
1141011700,연희동,19880423,,2,1141000000
1141011800,홍은동,19880423,,2,1141000000
1141011900,북가좌동,19880423,,2,1141000000
1141012000,남가좌동,19880423,,2,1141000000
1144000000,마포구,19880423,,1,1100000000
1144010100,아현동,19880423,,2,1144000000
1144010200,공덕동,19880423,,2,1144000000
1144010300,신공덕동,19880423,,2,1144000000
1144010400,도화동,19880423,,2,1144000000
1144010500,용강동,19880423,,2,1144000000
1144010600,토정동,19880423,,2,1144000000
1144010700,마포동,19880423,,2,1144000000
1144010800,대흥동,19880423,,2,1144000000
1144010900,염리동,19880423,,2,1144000000
1144011000,노고산동,19880423,,2,1144000000
1144011100,신수동,19880423,,2,1144000000
1144011200,현석동,19880423,,2,1144000000
1144011300,구수동,19880423,,2,1144000000
1144011400,창전동,19880423,,2,1144000000
1144011500,상수동,19880423,,2,1144000000
1144011600,하중동,19880423,,2,1144000000
1144011700,신정동,19880423,,2,1144000000
1144011800,당인동,19880423,,2,1144000000
1144012000,서교동,19880423,,2,1144000000
1144012100,동교동,19880423,,2,1144000000
1144012200,합정동,19880423,,2,1144000000
1144012300,망원동,19880423,,2,1144000000
1144012400,연남동,19880423,,2,1144000000
1144012500,성산동,19880423,,2,1144000000
1144012600,중동,19880423,,2,1144000000
1144012700,상암동,19880423,,2,1144000000
1147000000,양천구,19880423,,1,1100000000
1147010100,신정동,19880423,,2,1147000000
1147010200,목동,19880423,,2,1147000000
1147010300,신월동,19880423,,2,1147000000
1150000000,강서구,19880423,,1,1100000000
1150010100,염창동,19880423,,2,1150000000
1150010200,등촌동,19880423,,2,1150000000
1150010300,화곡동,19880423,,2,1150000000
1150010400,가양동,19930401,,2,1150000000
1150010500,마곡동,19930401,,2,1150000000
1150010600,내발산동,19890901,,2,1150000000
1150010700,외발산동,19890901,,2,1150000000
1150010800,공항동,19880423,,2,1150000000
1150010900,방화동,19880423,,2,1150000000
1150011000,개화동,19880423,,2,1150000000
1150011100,과해동,19981201,,2,1150000000
1150011200,오곡동,19981201,,2,1150000000
1150011300,오쇠동,19981201,,2,1150000000
1153000000,구로구,19880423,,1,1100000000
1153010100,신도림동,19880423,,2,1153000000
1153010200,구로동,19880423,,2,1153000000
1153010300,가리봉동,19880423,,2,1153000000
1153010600,고척동,19880423,,2,1153000000
1153010700,개봉동,19880423,,2,1153000000
1153010800,오류동,19880423,,2,1153000000
1153010900,궁동,19880701,,2,1153000000
1153011000,온수동,19880701,,2,1153000000
1153011100,천왕동,19880423,,2,1153000000
1153011200,항동,19880423,,2,1153000000
1154500000,금천구,19950301,,1,1100000000
1154510100,가산동,19950301,,2,1154500000
1154510200,독산동,19950301,,2,1154500000
1154510300,시흥동,19950301,,2,1154500000
1156000000,영등포구,19880423,,1,1100000000
1156010100,영등포동,19880423,,2,1156000000
1156010200,영등포동1가,19880423,,2,1156000000
1156010300,영등포동2가,19880423,,2,1156000000
1156010400,영등포동3가,19880423,,2,1156000000
1156010500,영등포동4가,19880423,,2,1156000000
1156010600,영등포동5가,19880423,,2,1156000000
1156010700,영등포동6가,19880423,,2,1156000000
1156010800,영등포동7가,19880423,,2,1156000000
1156010900,영등포동8가,19880423,,2,1156000000
1156011000,여의도동,19880423,,2,1156000000
1156011100,당산동1가,19880423,,2,1156000000
1156011200,당산동2가,19880423,,2,1156000000
1156011300,당산동3가,19880423,,2,1156000000
1156011400,당산동4가,19880423,,2,1156000000
1156011500,당산동5가,19880423,,2,1156000000
1156011600,당산동6가,19880423,,2,1156000000
1156011700,당산동,19880423,,2,1156000000
1156011800,도림동,19880423,,2,1156000000
1156011900,문래동1가,19880423,,2,1156000000
1156012000,문래동2가,19880423,,2,1156000000
1156012100,문래동3가,19880423,,2,1156000000
1156012200,문래동4가,19880423,,2,1156000000
1156012300,문래동5가,19880423,,2,1156000000
1156012400,문래동6가,19880423,,2,1156000000
1156012500,양평동1가,19880423,,2,1156000000
1156012600,양평동2가,19880423,,2,1156000000
1156012700,양평동3가,19910907,,2,1156000000
1156012800,양평동4가,19880423,,2,1156000000
1156012900,양평동5가,19880423,,2,1156000000
1156013000,양평동6가,19880423,,2,1156000000
1156013100,양화동,19880423,,2,1156000000
1156013200,신길동,19880423,,2,1156000000
1156013300,대림동,19880423,,2,1156000000
1156013400,양평동,19980420,,2,1156000000
1159000000,동작구,19880423,,1,1100000000
1159010100,노량진동,19880423,,2,1159000000
1159010200,상도동,19880423,,2,1159000000
1159010300,상도1동,19880423,,2,1159000000
1159010400,본동,19880423,,2,1159000000
1159010500,흑석동,19880423,,2,1159000000
1159010600,동작동,19880423,,2,1159000000
1159010700,사당동,19880423,,2,1159000000
1159010800,대방동,19880423,,2,1159000000
1159010900,신대방동,19880423,,2,1159000000
1162000000,관악구,19880423,,1,1100000000
1162010100,봉천동,19880423,,2,1162000000
1162010200,신림동,19880423,,2,1162000000
1162010300,남현동,19880423,,2,1162000000
1165000000,서초구,19880423,,1,1100000000
1165010100,방배동,19890427,,2,1165000000
1165010200,양재동,19920701,,2,1165000000
1165010300,우면동,19920701,,2,1165000000
1165010400,원지동,19920701,,2,1165000000
1165010600,잠원동,19880423,,2,1165000000
1165010700,반포동,19880423,,2,1165000000
1165010800,서초동,19880423,,2,1165000000
1165010900,내곡동,19880423,,2,1165000000
1165011000,염곡동,19880423,,2,1165000000
1165011100,신원동,19880423,,2,1165000000
1168000000,강남구,19880423,,1,1100000000
1168010100,역삼동,19880423,,2,1168000000
1168010300,개포동,19880423,,2,1168000000
1168010400,청담동,19880701,,2,1168000000
1168010500,삼성동,19880423,,2,1168000000
1168010600,대치동,19880423,,2,1168000000
1168010700,신사동,19880423,,2,1168000000
1168010800,논현동,19921001,,2,1168000000
1168011000,압구정동,19880423,,2,1168000000
1168011100,세곡동,19880423,,2,1168000000
1168011200,자곡동,19880423,,2,1168000000
1168011300,율현동,19880423,,2,1168000000
1168011400,일원동,19880423,,2,1168000000
1168011500,수서동,19921001,,2,1168000000
1168011800,도곡동,19890101,,2,1168000000
1171000000,송파구,19880423,,1,1100000000
1171010100,잠실동,19880423,,2,1171000000
1171010200,신천동,19880423,,2,1171000000
1171010300,풍납동,19880423,,2,1171000000
1171010400,송파동,19880423,,2,1171000000
1171010500,석촌동,19880423,,2,1171000000
1171010600,삼전동,19880701,,2,1171000000
1171010700,가락동,19880701,,2,1171000000
1171010800,문정동,19890901,,2,1171000000
1171010900,장지동,19890901,,2,1171000000
1171011100,방이동,19920701,,2,1171000000
1171011200,오금동,19880423,,2,1171000000
1171011300,거여동,19920701,,2,1171000000
1171011400,마천동,19880423,,2,1171000000
1174000000,강동구,19880423,,1,1100000000
1174010100,명일동,19880501,,2,1174000000
1174010200,고덕동,19880423,,2,1174000000
1174010300,상일동,19880423,,2,1174000000
1174010500,길동,19880423,,2,1174000000
1174010600,둔촌동,19880423,,2,1174000000
1174010700,암사동,19880423,,2,1174000000
1174010800,성내동,19880423,,2,1174000000
1174010900,천호동,19880423,,2,1174000000
1174011000,강일동,20070101,,2,1174000000
2600000000,부산광역시,19950101,,0,
2611000000,중구,19950101,,1,2600000000
2611010100,영주동,19950101,,2,2611000000
2611010200,대창동1가,19950101,,2,2611000000
2611010300,대창동2가,19950101,,2,2611000000
2611010400,중앙동1가,19950101,,2,2611000000
2611010500,중앙동2가,19950101,,2,2611000000
2611010600,중앙동3가,19950101,,2,2611000000
2611010700,중앙동4가,19950101,,2,2611000000
2611010800,중앙동5가,19950101,,2,2611000000
2611010900,중앙동6가,19950101,,2,2611000000
2611011000,중앙동7가,19950101,,2,2611000000
2611011100,동광동1가,19950101,,2,2611000000
2611011200,동광동2가,19950101,,2,2611000000
2611011300,동광동3가,19950101,,2,2611000000
2611011400,동광동4가,19950101,,2,2611000000
2611011500,동광동5가,19950101,,2,2611000000
2611011600,대청동1가,19950101,,2,2611000000
2611011700,대청동2가,19950101,,2,2611000000
2611011800,대청동3가,19950101,,2,2611000000
2611011900,대청동4가,19950101,,2,2611000000
2611012000,보수동1가,19990101,,2,2611000000
2611012100,보수동2가,19990101,,2,2611000000
2611012200,보수동3가,19990101,,2,2611000000
2611012300,부평동1가,19950101,,2,2611000000
2611012400,부평동2가,19950101,,2,2611000000
2611012500,부평동3가,19950101,,2,2611000000
2611012600,부평동4가,19950101,,2,2611000000
2611012700,신창동1가,19950101,,2,2611000000
2611012800,신창동2가,19950101,,2,2611000000
2611012900,신창동3가,19950101,,2,2611000000
2611013000,신창동4가,19950101,,2,2611000000
2611013100,창선동1가,19950101,,2,2611000000
2611013200,창선동2가,19950101,,2,2611000000
2611013300,광복동1가,19950101,,2,2611000000
2611013400,광복동2가,19950101,,2,2611000000
2611013500,광복동3가,19950101,,2,2611000000
2611013600,남포동1가,19950101,,2,2611000000
2611013700,남포동2가,19950101,,2,2611000000
2611013800,남포동3가,19950101,,2,2611000000
2611013900,남포동4가,19950101,,2,2611000000
2611014000,남포동5가,19950101,,2,2611000000
2611014100,남포동6가,19950101,,2,2611000000
2614000000,서구,19950101,,1,2600000000
2614010100,동대신동1가,19950101,,2,2614000000
2614010200,동대신동2가,19950101,,2,2614000000
2614010300,동대신동3가,19950101,,2,2614000000
2614010400,서대신동1가,19950101,,2,2614000000
2614010500,서대신동2가,19950101,,2,2614000000
2614010600,서대신동3가,19950101,,2,2614000000
2614010700,부용동1가,19981001,,2,2614000000
2614010800,부용동2가,19981001,,2,2614000000
2614010900,부민동1가,19950101,,2,2614000000
2614011000,부민동2가,19950101,,2,2614000000
2614011100,부민동3가,19950101,,2,2614000000
2614011200,토성동1가,19981001,,2,2614000000
2614011300,토성동2가,19981001,,2,2614000000
2614011400,토성동3가,19981001,,2,2614000000
2614011500,아미동1가,19981001,,2,2614000000
2614011600,아미동2가,19981001,,2,2614000000
2614011700,토성동4가,19981001,,2,2614000000
2614011800,토성동5가,19981001,,2,2614000000
2614011900,초장동,19950101,,2,2614000000
2614012000,충무동1가,19950101,,2,2614000000
2614012100,충무동2가,19950101,,2,2614000000
2614012200,충무동3가,19950101,,2,2614000000
2614012300,남부민동,19950101,,2,2614000000
2614012400,암남동,19950101,,2,2614000000
2617000000,동구,19950101,,1,2600000000
2617010100,초량동,19950101,,2,2617000000
2617010200,수정동,19950101,,2,2617000000
2617010300,좌천동,19980917,,2,2617000000
2617010400,범일동,19950101,,2,2617000000
2620000000,영도구,19950101,,1,2600000000
2620010100,대교동1가,19981001,,2,2620000000
2620010200,대교동2가,19981001,,2,2620000000
2620010300,대평동1가,19981001,,2,2620000000
2620010400,대평동2가,19981001,,2,2620000000
2620010500,남항동1가,19950101,,2,2620000000
2620010600,남항동2가,19950101,,2,2620000000
2620010700,남항동3가,19950101,,2,2620000000
2620010800,영선동1가,19950101,,2,2620000000
2620010900,영선동2가,19960210,,2,2620000000
2620011000,영선동3가,19950101,,2,2620000000
2620011100,영선동4가,19950101,,2,2620000000
2620011200,신선동1가,19950101,,2,2620000000
2620011300,신선동2가,19950101,,2,2620000000
2620011400,신선동3가,19960210,,2,2620000000
2620011500,봉래동1가,19950101,,2,2620000000
2620011600,봉래동2가,19950101,,2,2620000000
2620011700,봉래동3가,19981001,,2,2620000000
2620011800,봉래동4가,19960210,,2,2620000000
2620011900,봉래동5가,19950101,,2,2620000000
2620012000,청학동,19950101,,2,2620000000
2620012100,동삼동,19950101,,2,2620000000
2623000000,부산진구,19950101,,1,2600000000
2623010100,양정동,19950101,,2,2623000000
2623010200,전포동,19950101,,2,2623000000
2623010300,부전동,19950101,,2,2623000000
2623010400,범천동,19950101,,2,2623000000
2623010500,범전동,19950101,,2,2623000000
2623010600,연지동,19950101,,2,2623000000
2623010700,초읍동,19950101,,2,2623000000
2623010800,부암동,19950101,,2,2623000000
2623010900,당감동,19950101,,2,2623000000
2623011000,가야동,19950101,,2,2623000000
2623011100,개금동,19950101,,2,2623000000
2626000000,동래구,19950101,,1,2600000000
2626010100,명장동,19950101,,2,2626000000
2626010200,안락동,19950101,,2,2626000000
2626010300,칠산동,19950101,,2,2626000000
2626010400,낙민동,19950101,,2,2626000000
2626010500,복천동,19950101,,2,2626000000
2626010600,수안동,19950101,,2,2626000000
2626010700,명륜동,19950101,,2,2626000000
2626010800,온천동,19950101,,2,2626000000
2626010900,사직동,19950101,,2,2626000000
2629000000,남구,19950101,,1,2600000000
2629010600,대연동,19950101,,2,2629000000
2629010700,용호동,19950101,,2,2629000000
2629010800,용당동,19950101,,2,2629000000
2629010900,문현동,19950101,,2,2629000000
2629011000,우암동,19950101,,2,2629000000
2629011100,감만동,19950101,,2,2629000000
2632000000,북구,19950101,,1,2600000000
2632010100,금곡동,19950101,,2,2632000000
2632010200,화명동,19950101,,2,2632000000
2632010300,만덕동,19950101,,2,2632000000
2632010400,덕천동,19950101,,2,2632000000
2632010500,구포동,19950101,,2,2632000000
2635000000,해운대구,19950101,,1,2600000000
2635010100,반송동,19950101,,2,2635000000
2635010200,석대동,19981001,,2,2635000000
2635010300,반여동,19950101,,2,2635000000
2635010400,재송동,19950101,,2,2635000000
2635010500,우동,19950101,,2,2635000000
2635010600,중동,19950101,,2,2635000000
2635010700,좌동,19950101,,2,2635000000
2635010800,송정동,19950101,,2,2635000000
2638000000,사하구,19950101,,1,2600000000
2638010100,괴정동,19950101,,2,2638000000
2638010200,당리동,19950101,,2,2638000000
2638010300,하단동,19950101,,2,2638000000
2638010400,신평동,19950101,,2,2638000000
2638010500,장림동,19950101,,2,2638000000
2638010600,다대동,19950101,,2,2638000000
2638010700,구평동,19950101,,2,2638000000
2638010800,감천동,19950101,,2,2638000000
2641000000,금정구,19950101,,1,2600000000
2641010100,두구동,19981101,,2,2641000000
2641010200,노포동,19981101,,2,2641000000
2641010300,청룡동,19950101,,2,2641000000
2641010400,남산동,19950101,,2,2641000000
2641010500,선동,19981101,,2,2641000000
2641010600,오륜동,19981101,,2,2641000000
2641010700,구서동,19950101,,2,2641000000
2641010800,장전동,19950101,,2,2641000000
2641010900,부곡동,19950101,,2,2641000000
2641011000,서동,19950101,,2,2641000000
2641011100,금사동,19950101,,2,2641000000
2641011200,회동동,19950101,,2,2641000000
2641011300,금성동,19950101,,2,2641000000
2644000000,강서구,19950101,,1,2600000000
2644010100,대저1동,19990201,,2,2644000000
2644010200,대저2동,19990201,,2,2644000000
2644010300,강동동,19950101,,2,2644000000
2644010400,명지동,19950101,,2,2644000000
2644010500,죽림동,19950101,,2,2644000000
2644010600,식만동,19950101,,2,2644000000
2644010700,죽동동,19950101,,2,2644000000
2644010800,봉림동,19950101,,2,2644000000
2644010900,송정동,19950101,,2,2644000000
2644011000,화전동,19950101,,2,2644000000
2644011100,녹산동,19950101,,2,2644000000
2644011200,생곡동,19950101,,2,2644000000
2644011300,구랑동,19950101,,2,2644000000
2644011400,지사동,19950101,,2,2644000000
2644011500,미음동,19950101,,2,2644000000
2644011600,범방동,19950101,,2,2644000000
2644011700,신호동,19950101,,2,2644000000
2644011800,동선동,19950101,,2,2644000000
2644011900,성북동,19950101,,2,2644000000
2644012000,눌차동,19950101,,2,2644000000
2644012100,천성동,19950101,,2,2644000000
2644012200,대항동,19950101,,2,2644000000
2647000000,연제구,19950301,,1,2600000000
2647010100,거제동,19950301,,2,2647000000
2647010200,연산동,19950301,,2,2647000000
2650000000,수영구,19950301,,1,2600000000
2650010100,망미동,19950301,,2,2650000000
2650010200,수영동,19950301,,2,2650000000
2650010300,민락동,19950301,,2,2650000000
2650010400,광안동,19950301,,2,2650000000
2650010500,남천동,19950301,,2,2650000000
2653000000,사상구,19950301,,1,2600000000
2653010100,삼락동,19950301,,2,2653000000
2653010200,모라동,19950301,,2,2653000000
2653010300,덕포동,19950301,,2,2653000000
2653010400,괘법동,19950301,,2,2653000000
2653010500,감전동,19950301,,2,2653000000
2653010600,주례동,19950301,,2,2653000000
2653010700,학장동,19950301,,2,2653000000
2653010800,엄궁동,19950301,,2,2653000000
2671000000,기장군,19950301,,1,2600000000
2671025000,기장읍,19950301,,2,2671000000
2671025021,부산광역시 기장군 기장읍 동부리,19950301,,3,
2671025022,부산광역시 기장군 기장읍 교리,19950301,,3,
2671025023,부산광역시 기장군 기장읍 신천리,19950301,,3,
2671025024,부산광역시 기장군 기장읍 죽성리,19950301,,3,
2671025025,부산광역시 기장군 기장읍 서부리,19950301,,3,
2671025026,부산광역시 기장군 기장읍 대라리,19950301,,3,
2671025027,부산광역시 기장군 기장읍 청강리,19950301,,3,
2671025028,부산광역시 기장군 기장읍 대변리,19950301,,3,
2671025029,부산광역시 기장군 기장읍 연화리,19950301,,3,
2671025030,부산광역시 기장군 기장읍 만화리,19950301,,3,
2671025031,부산광역시 기장군 기장읍 석산리,19950301,,3,
2671025032,부산광역시 기장군 기장읍 당사리,19950301,,3,
2671025033,부산광역시 기장군 기장읍 시랑리,19950301,,3,
2671025034,부산광역시 기장군 기장읍 내리,19950301,,3,
2671025300,장안읍,19950301,,2,2671000000
2671025321,부산광역시 기장군 장안읍 좌천리,19950301,,3,
2671025322,부산광역시 기장군 장안읍 효암리,19950301,,3,
2671025323,부산광역시 기장군 장안읍 고리,19950301,,3,
2671025324,부산광역시 기장군 장안읍 좌동리,19950301,,3,
2671025325,부산광역시 기장군 장안읍 장안리,19950301,,3,
2671025326,부산광역시 기장군 장안읍 덕선리,19950301,,3,
2671025327,부산광역시 기장군 장안읍 용소리,19950301,,3,
2671025328,부산광역시 기장군 장안읍 기룡리,19950301,,3,
2671025329,부산광역시 기장군 장안읍 명례리,19950301,,3,
2671025330,부산광역시 기장군 장안읍 월내리,19950301,,3,
2671025331,부산광역시 기장군 장안읍 반룡리,19950301,,3,
2671025332,부산광역시 기장군 장안읍 임랑리,19950301,,3,
2671025333,부산광역시 기장군 장안읍 오리,19950301,,3,
2671025334,부산광역시 기장군 장안읍 길천리,19950301,,3,
2671025600,정관읍,20150923,,2,2671000000
2671025621,부산광역시 기장군 정관읍 방곡리,20150923,,3,
2671025622,부산광역시 기장군 정관읍 매학리,20150923,,3,
2671025623,부산광역시 기장군 정관읍 임곡리,20150923,,3,
2671025624,부산광역시 기장군 정관읍 월평리,20150923,,3,
2671025625,부산광역시 기장군 정관읍 달산리,20150923,,3,
2671025626,부산광역시 기장군 정관읍 병산리,20150923,,3,
2671025627,부산광역시 기장군 정관읍 모전리,20150923,,3,
2671025628,부산광역시 기장군 정관읍 용수리,20150923,,3,
2671025629,부산광역시 기장군 정관읍 두명리,20150923,,3,
2671025630,부산광역시 기장군 정관읍 예림리,20150923,,3,
2671025900,일광읍,20220401,,2,2671000000
2671025921,부산광역시 기장군 일광읍 삼성리,20220401,,3,
2671025922,부산광역시 기장군 일광읍 이천리,20220401,,3,
2671025923,부산광역시 기장군 일광읍 학리,20220401,,3,
2671025924,부산광역시 기장군 일광읍 동백리,20220401,,3,
2671025925,부산광역시 기장군 일광읍 문중리,20220401,,3,
2671025926,부산광역시 기장군 일광읍 신평리,20220401,,3,
2671025927,부산광역시 기장군 일광읍 칠암리,20220401,,3,
2671025928,부산광역시 기장군 일광읍 문동리,20220401,,3,
2671025929,부산광역시 기장군 일광읍 청광리,20220401,,3,
2671025930,부산광역시 기장군 일광읍 원리,20220401,,3,
2671025931,부산광역시 기장군 일광읍 화전리,20220401,,3,
2671025932,부산광역시 기장군 일광읍 횡계리,20220401,,3,
2671025933,부산광역시 기장군 일광읍 용천리,20220401,,3,
2671033000,철마면,19950301,,2,2671000000
2671033021,부산광역시 기장군 철마면 와여리,19950301,,3,
2671033022,부산광역시 기장군 철마면 장전리,19950301,,3,
2671033023,부산광역시 기장군 철마면 백길리,19950301,,3,
2671033024,부산광역시 기장군 철마면 송정리,19950301,,3,
2671033025,부산광역시 기장군 철마면 웅천리,19950301,,3,
2671033026,부산광역시 기장군 철마면 연구리,19950301,,3,
2671033027,부산광역시 기장군 철마면 구칠리,19950301,,3,
2671033028,부산광역시 기장군 철마면 이곡리,19950301,,3,
2671033029,부산광역시 기장군 철마면 고촌리,19950301,,3,
2671033030,부산광역시 기장군 철마면 안평리,19950301,,3,
2671033031,부산광역시 기장군 철마면 임기리,19950301,,3,
2700000000,대구광역시,19950101,,0,
2711000000,중구,19950101,,1,2700000000
2711010100,동인동1가,19980914,,2,2711000000
2711010200,동인동2가,19980914,,2,2711000000
2711010300,동인동3가,19950101,,2,2711000000
2711010400,동인동4가,19980914,,2,2711000000
2711010500,삼덕동1가,19980701,,2,2711000000
2711010600,삼덕동2가,19980701,,2,2711000000
2711010700,삼덕동3가,19980701,,2,2711000000
2711010800,봉산동,19980914,,2,2711000000
2711010900,장관동,19980914,,2,2711000000
2711011000,상서동,19980914,,2,2711000000
2711011100,수동,19980914,,2,2711000000
2711011200,덕산동,19980914,,2,2711000000
2711011300,종로1가,19980914,,2,2711000000
2711011400,종로2가,19980914,,2,2711000000
2711011500,사일동,19980914,,2,2711000000
2711011600,동일동,19980914,,2,2711000000
2711011700,남일동,19980914,,2,2711000000
2711011800,전동,19980914,,2,2711000000
2711011900,동성로3가,19980914,,2,2711000000
2711012000,동문동,19980914,,2,2711000000
2711012100,문화동,19980914,,2,2711000000
2711012200,공평동,19980914,,2,2711000000
2711012300,동성로2가,19980914,,2,2711000000
2711012400,태평로1가,19980914,,2,2711000000
2711012500,교동,19980914,,2,2711000000
2711012600,용덕동,19980914,,2,2711000000
2711012700,상덕동,19980914,,2,2711000000
2711012800,완전동,19980914,,2,2711000000
2711012900,도원동,19980914,,2,2711000000
2711013000,수창동,19980914,,2,2711000000
2711013100,태평로3가,19980914,,2,2711000000
2711013200,인교동,19980914,,2,2711000000
2711013300,서야동,19980914,,2,2711000000
2711013400,서성로1가,19980914,,2,2711000000
2711013500,시장북로,19980914,,2,2711000000
2711013600,하서동,19980914,,2,2711000000
2711013700,남성로,19980914,,2,2711000000
2711013800,계산동1가,19980914,,2,2711000000
2711013900,계산동2가,19980914,,2,2711000000
2711014000,동산동,19980914,,2,2711000000
2711014100,서문로2가,19980914,,2,2711000000
2711014200,서성로2가,19980914,,2,2711000000
2711014300,포정동,19980914,,2,2711000000
2711014400,서문로1가,19980914,,2,2711000000
2711014500,서내동,19980914,,2,2711000000
2711014600,북성로2가,19980914,,2,2711000000
2711014700,대안동,19980914,,2,2711000000
2711014800,동성로1가,19980914,,2,2711000000
2711014900,태평로2가,19980914,,2,2711000000
2711015000,북성로1가,19980914,,2,2711000000
2711015100,화전동,19980914,,2,2711000000
2711015200,향촌동,19980914,,2,2711000000
2711015300,북내동,19980914,,2,2711000000
2711015400,대신동,19980914,,2,2711000000
2711015500,달성동,19980914,,2,2711000000
2711015600,남산동,19950101,,2,2711000000
2711015700,대봉동,19950101,,2,2711000000
2714000000,동구,19950101,,1,2700000000
2714010100,신암동,19950101,,2,2714000000
2714010200,신천동,19980901,,2,2714000000
2714010300,효목동,19950101,,2,2714000000
2714010400,평광동,19980901,,2,2714000000
2714010500,봉무동,19950101,,2,2714000000
2714010600,불로동,19950101,,2,2714000000
2714010700,도동,19980901,,2,2714000000
2714010800,지저동,19950101,,2,2714000000
2714010900,입석동,19980901,,2,2714000000
2714011000,검사동,19980901,,2,2714000000
2714011100,방촌동,19980901,,2,2714000000
2714011200,둔산동,19980901,,2,2714000000
2714011300,부동,19980901,,2,2714000000
2714011400,신평동,19980901,,2,2714000000
2714011500,서호동,19980901,,2,2714000000
2714011600,동호동,19980901,,2,2714000000
2714011700,신기동,19950101,,2,2714000000
2714011800,율하동,19950101,,2,2714000000
2714011900,용계동,19950101,,2,2714000000
2714012000,율암동,19950101,,2,2714000000
2714012100,상매동,19950101,,2,2714000000
2714012200,매여동,19950101,,2,2714000000
2714012300,각산동,19980901,,2,2714000000
2714012400,신서동,19980901,,2,2714000000
2714012500,동내동,19980901,,2,2714000000
2714012600,괴전동,19980901,,2,2714000000
2714012700,금강동,19980901,,2,2714000000
2714012800,대림동,19980901,,2,2714000000
2714012900,사복동,19980901,,2,2714000000
2714013000,숙천동,19980901,,2,2714000000
2714013100,내곡동,19980901,,2,2714000000
2714013200,능성동,19980901,,2,2714000000
2714013300,진인동,19980901,,2,2714000000
2714013400,도학동,19980901,,2,2714000000
2714013500,백안동,19980901,,2,2714000000
2714013600,미곡동,19980901,,2,2714000000
2714013700,용수동,19980901,,2,2714000000
2714013800,신무동,19980901,,2,2714000000
2714013900,미대동,19980901,,2,2714000000
2714014000,내동,19980901,,2,2714000000
2714014100,신용동,19980901,,2,2714000000
2714014200,중대동,19980901,,2,2714000000
2714014300,송정동,19980901,,2,2714000000
2714014400,덕곡동,19980901,,2,2714000000
2714014500,지묘동,19980901,,2,2714000000
2717000000,서구,19950101,,1,2700000000
2717010100,내당동,19950101,,2,2717000000
2717010200,비산동,19950101,,2,2717000000
2717010300,평리동,19950101,,2,2717000000
2717010400,상리동,19980925,,2,2717000000
2717010500,중리동,19980925,,2,2717000000
2717010600,이현동,19980925,,2,2717000000
2717010700,원대동1가,19970101,,2,2717000000
2717010800,원대동2가,19970101,,2,2717000000
2717010900,원대동3가,19970101,,2,2717000000
2720000000,남구,19950101,,1,2700000000
2720010100,이천동,19980701,,2,2720000000
2720010200,봉덕동,19950101,,2,2720000000
2720010300,대명동,19980701,,2,2720000000
2723000000,북구,19950101,,1,2700000000
2723010100,칠성동1가,19981012,,2,2723000000
2723010200,칠성동2가,19981012,,2,2723000000
2723010300,고성동1가,19950101,,2,2723000000
2723010400,고성동2가,19950101,,2,2723000000
2723010500,고성동3가,19950101,,2,2723000000
2723010600,침산동,19950101,,2,2723000000
2723010700,노원동1가,19981012,,2,2723000000
2723010800,노원동2가,19981012,,2,2723000000
2723010900,노원동3가,19981012,,2,2723000000
2723011000,대현동,19981012,,2,2723000000
2723011100,산격동,19950101,,2,2723000000
2723011200,복현동,19950101,,2,2723000000
2723011300,검단동,19950101,,2,2723000000
2723011400,동변동,19981012,,2,2723000000
2723011500,서변동,19981012,,2,2723000000
2723011600,조야동,19981012,,2,2723000000
2723011700,노곡동,19981012,,2,2723000000
2723011800,읍내동,19950101,,2,2723000000
2723011900,동호동,19950101,,2,2723000000
2723012000,학정동,19950101,,2,2723000000
2723012100,도남동,19950101,,2,2723000000
2723012200,국우동,19950101,,2,2723000000
2723012300,구암동,19950101,,2,2723000000
2723012400,동천동,19950101,,2,2723000000
2723012500,관음동,19950101,,2,2723000000
2723012600,태전동,19950101,,2,2723000000
2723012700,매천동,19950101,,2,2723000000
2723012800,팔달동,19950101,,2,2723000000
2723012900,금호동,19950101,,2,2723000000
2723013000,사수동,19950101,,2,2723000000
2723013100,연경동,19981012,,2,2723000000
2726000000,수성구,19950101,,1,2700000000
2726010100,범어동,19950101,,2,2726000000
2726010200,만촌동,19950101,,2,2726000000
2726010300,수성동1가,19950101,,2,2726000000
2726010400,수성동2가,19950101,,2,2726000000
2726010500,수성동3가,19950101,,2,2726000000
2726010600,수성동4가,19950101,,2,2726000000
2726010700,황금동,19950101,,2,2726000000
2726010800,중동,19950101,,2,2726000000
2726010900,상동,19950101,,2,2726000000
2726011000,파동,19950101,,2,2726000000
2726011100,두산동,19950101,,2,2726000000
2726011200,지산동,19950101,,2,2726000000
2726011300,범물동,19960101,,2,2726000000
2726011400,시지동,19950101,,2,2726000000
2726011500,매호동,19960101,,2,2726000000
2726011600,성동,19960101,,2,2726000000
2726011700,사월동,19950101,,2,2726000000
2726011800,신매동,19950101,,2,2726000000
2726011900,욱수동,19950101,,2,2726000000
2726012000,노변동,19950101,,2,2726000000
2726012200,삼덕동,19950101,,2,2726000000
2726012300,연호동,19950101,,2,2726000000
2726012400,이천동,19950101,,2,2726000000
2726012500,고모동,19950101,,2,2726000000
2726012600,가천동,19950101,,2,2726000000
2726012700,대흥동,19980701,,2,2726000000
2729000000,달서구,19950101,,1,2700000000
2729010100,성당동,19950101,,2,2729000000
2729010200,두류동,19950101,,2,2729000000
2729010400,파호동,19960101,,2,2729000000
2729010500,호림동,19960101,,2,2729000000
2729010600,갈산동,19960201,,2,2729000000
2729010700,신당동,19960201,,2,2729000000
2729010800,이곡동,19960201,,2,2729000000
2729010900,장동,19960201,,2,2729000000
2729011000,장기동,19960201,,2,2729000000
2729011100,용산동,19960201,,2,2729000000
2729011200,죽전동,19960201,,2,2729000000
2729011300,감삼동,19960201,,2,2729000000
2729011400,본리동,19950101,,2,2729000000
2729011500,상인동,19960201,,2,2729000000
2729011600,도원동,19970315,,2,2729000000
2729011700,진천동,19960201,,2,2729000000
2729011800,유천동,19960201,,2,2729000000
2729011900,대천동,19960201,,2,2729000000
2729012000,월성동,19960201,,2,2729000000
2729012100,월암동,19960201,,2,2729000000
2729012200,송현동,19950101,,2,2729000000
2729012300,대곡동,19960201,,2,2729000000
2729012400,본동,19950101,,2,2729000000
2729012500,호산동,20050430,,2,2729000000
2771000000,달성군,19950301,,1,2700000000
2771025000,화원읍,19950301,,2,2771000000
2771025021,대구광역시 달성군 화원읍 천내리,19950301,,3,
2771025022,대구광역시 달성군 화원읍 구라리,19950301,,3,
2771025023,대구광역시 달성군 화원읍 성산리,19950301,,3,
2771025024,대구광역시 달성군 화원읍 설화리,19950301,,3,
2771025025,대구광역시 달성군 화원읍 명곡리,19950301,,3,
2771025026,대구광역시 달성군 화원읍 본리리,19950301,,3,
2771025300,논공읍,19960901,,2,2771000000
2771025321,대구광역시 달성군 논공읍 노이리,19960901,,3,
2771025322,대구광역시 달성군 논공읍 금포리,19960901,,3,
2771025323,대구광역시 달성군 논공읍 삼리리,19960901,,3,
2771025324,대구광역시 달성군 논공읍 위천리,19960901,,3,
2771025325,대구광역시 달성군 논공읍 상리,19960901,,3,
2771025326,대구광역시 달성군 논공읍 하리,19960901,,3,
2771025327,대구광역시 달성군 논공읍 남리,19960901,,3,
2771025328,대구광역시 달성군 논공읍 북리,19960901,,3,
2771025329,대구광역시 달성군 논공읍 본리리,19960901,,3,
2771025600,다사읍,19971101,,2,2771000000
2771025621,대구광역시 달성군 다사읍 이천리,19971101,,3,
2771025622,대구광역시 달성군 다사읍 달천리,19971101,,3,
2771025623,대구광역시 달성군 다사읍 박곡리,19971101,,3,
2771025624,대구광역시 달성군 다사읍 방천리,19971101,,3,
2771025625,대구광역시 달성군 다사읍 서재리,19971101,,3,
2771025626,대구광역시 달성군 다사읍 세천리,19971101,,3,
2771025627,대구광역시 달성군 다사읍 죽곡리,19971101,,3,
2771025628,대구광역시 달성군 다사읍 매곡리,19971101,,3,
2771025629,대구광역시 달성군 다사읍 부곡리,19971101,,3,
2771025630,대구광역시 달성군 다사읍 문양리,19971101,,3,
2771025631,대구광역시 달성군 다사읍 문산리,19971101,,3,
2771025900,유가읍,20180301,,2,2771000000
2771025921,대구광역시 달성군 유가읍 음리,20180301,,3,
2771025922,대구광역시 달성군 유가읍 양리,20180301,,3,
2771025923,대구광역시 달성군 유가읍 용리,20180301,,3,
2771025924,대구광역시 달성군 유가읍 봉리,20180301,,3,
2771025925,대구광역시 달성군 유가읍 쌍계리,20180301,,3,
2771025926,대구광역시 달성군 유가읍 초곡리,20180301,,3,
2771025927,대구광역시 달성군 유가읍 상리,20180301,,3,
2771025928,대구광역시 달성군 유가읍 금리,20180301,,3,
2771025929,대구광역시 달성군 유가읍 유곡리,20180301,,3,
2771025930,대구광역시 달성군 유가읍 도의리,20180301,,3,
2771025931,대구광역시 달성군 유가읍 가태리,20180301,,3,
2771025932,대구광역시 달성군 유가읍 한정리,20180301,,3,
2771025933,대구광역시 달성군 유가읍 본말리,20180301,,3,
2771026200,옥포읍,20181101,,2,2771000000
2771026221,대구광역시 달성군 옥포읍 신당리,20181101,,3,
2771026222,대구광역시 달성군 옥포읍 교항리,20181101,,3,
2771026223,대구광역시 달성군 옥포읍 강림리,20181101,,3,
2771026224,대구광역시 달성군 옥포읍 송촌리,20181101,,3,
2771026225,대구광역시 달성군 옥포읍 간경리,20181101,,3,
2771026226,대구광역시 달성군 옥포읍 기세리,20181101,,3,
2771026227,대구광역시 달성군 옥포읍 반송리,20181101,,3,
2771026228,대구광역시 달성군 옥포읍 김흥리,20181101,,3,
2771026229,대구광역시 달성군 옥포읍 본리리,20181101,,3,
2771026500,현풍읍,20181101,,2,2771000000
2771026521,대구광역시 달성군 현풍읍 상리,20181101,,3,
2771026522,대구광역시 달성군 현풍읍 중리,20181101,,3,
2771026523,대구광역시 달성군 현풍읍 부리,20181101,,3,
2771026524,대구광역시 달성군 현풍읍 하리,20181101,,3,
2771026525,대구광역시 달성군 현풍읍 성하리,20181101,,3,
2771026526,대구광역시 달성군 현풍읍 원교리,20181101,,3,
2771026527,대구광역시 달성군 현풍읍 자모리,20181101,,3,
2771026528,대구광역시 달성군 현풍읍 오산리,20181101,,3,
2771026529,대구광역시 달성군 현풍읍 지리,20181101,,3,
2771026530,대구광역시 달성군 현풍읍 대리,20181101,,3,
2771026531,대구광역시 달성군 현풍읍 신기리,20181101,,3,
2771031000,가창면,19950301,,2,2771000000
2771031021,대구광역시 달성군 가창면 용계리,19950301,,3,
2771031022,대구광역시 달성군 가창면 오리,19950301,,3,
2771031023,대구광역시 달성군 가창면 정대리,19950301,,3,
2771031024,대구광역시 달성군 가창면 냉천리,19950301,,3,
2771031025,대구광역시 달성군 가창면 행정리,19950301,,3,
2771031026,대구광역시 달성군 가창면 상원리,19950301,,3,
2771031027,대구광역시 달성군 가창면 단산리,19950301,,3,
2771031028,대구광역시 달성군 가창면 대일리,19950301,,3,
2771031029,대구광역시 달성군 가창면 주리,19950301,,3,
2771031030,대구광역시 달성군 가창면 옥분리,19950301,,3,
2771031031,대구광역시 달성군 가창면 삼산리,19950301,,3,
2771031032,대구광역시 달성군 가창면 우록리,19950301,,3,
2771033000,하빈면,19950301,,2,2771000000
2771033021,대구광역시 달성군 하빈면 하산리,19950301,,3,
2771033022,대구광역시 달성군 하빈면 묘리,19950301,,3,
2771033023,대구광역시 달성군 하빈면 기곡리,19950301,,3,
2771033024,대구광역시 달성군 하빈면 대평리,19950301,,3,
2771033025,대구광역시 달성군 하빈면 무등리,19950301,,3,
2771033026,대구광역시 달성군 하빈면 현내리,19950301,,3,
2771033027,대구광역시 달성군 하빈면 감문리,19950301,,3,
2771033028,대구광역시 달성군 하빈면 동곡리,19950301,,3,
2771033029,대구광역시 달성군 하빈면 봉촌리,19950301,,3,
2771038000,구지면,19950301,,2,2771000000
2771038021,대구광역시 달성군 구지면 창리,19950301,,3,
2771038022,대구광역시 달성군 구지면 응암리,19950301,,3,
2771038023,대구광역시 달성군 구지면 고봉리,19950301,,3,
2771038024,대구광역시 달성군 구지면 가천리,19950301,,3,
2771038025,대구광역시 달성군 구지면 평촌리,19950301,,3,
2771038026,대구광역시 달성군 구지면 예현리,19950301,,3,
2771038027,대구광역시 달성군 구지면 유산리,19950301,,3,
2771038028,대구광역시 달성군 구지면 목단리,19950301,,3,
2771038029,대구광역시 달성군 구지면 대암리,19950301,,3,
2771038030,대구광역시 달성군 구지면 내리,19950301,,3,
2771038031,대구광역시 달성군 구지면 화산리,19950301,,3,
2771038032,대구광역시 달성군 구지면 수리리,19950301,,3,
2771038033,대구광역시 달성군 구지면 징리,19950301,,3,
2771038034,대구광역시 달성군 구지면 오설리,19950301,,3,
2771038035,대구광역시 달성군 구지면 도동리,19950301,,3,
2772000000,군위군,20230701,,1,2700000000
2772025000,군위읍,20230701,,2,2772000000
2772025021,대구광역시 군위군 군위읍 동부리,20230701,,3,
2772025022,대구광역시 군위군 군위읍 서부리,20230701,,3,
2772025023,대구광역시 군위군 군위읍 금구리,20230701,,3,
2772025024,대구광역시 군위군 군위읍 무성리,20230701,,3,
2772025025,대구광역시 군위군 군위읍 수서리,20230701,,3,
2772025026,대구광역시 군위군 군위읍 사직리,20230701,,3,
2772025027,대구광역시 군위군 군위읍 내량리,20230701,,3,
2772025028,대구광역시 군위군 군위읍 외량리,20230701,,3,
2772025029,대구광역시 군위군 군위읍 삽령리,20230701,,3,
2772025030,대구광역시 군위군 군위읍 대북리,20230701,,3,
2772025031,대구광역시 군위군 군위읍 오곡리,20230701,,3,
2772025032,대구광역시 군위군 군위읍 정리,20230701,,3,
2772025033,대구광역시 군위군 군위읍 하곡리,20230701,,3,
2772025034,대구광역시 군위군 군위읍 용대리,20230701,,3,
2772025035,대구광역시 군위군 군위읍 상곡리,20230701,,3,
2772025036,대구광역시 군위군 군위읍 광현리,20230701,,3,
2772025037,대구광역시 군위군 군위읍 대흥리,20230701,,3,
2772031000,소보면,20230701,,2,2772000000
2772031021,대구광역시 군위군 소보면 사리리,20230701,,3,
2772031022,대구광역시 군위군 소보면 보현리,20230701,,3,
2772031023,대구광역시 군위군 소보면 복성리,20230701,,3,
2772031024,대구광역시 군위군 소보면 위성리,20230701,,3,
2772031025,대구광역시 군위군 소보면 달산리,20230701,,3,
2772031026,대구광역시 군위군 소보면 송원리,20230701,,3,
2772031027,대구광역시 군위군 소보면 신계리,20230701,,3,
2772031028,대구광역시 군위군 소보면 도산리,20230701,,3,
2772031029,대구광역시 군위군 소보면 서경리,20230701,,3,
2772031030,대구광역시 군위군 소보면 평호리,20230701,,3,
2772031031,대구광역시 군위군 소보면 산법리,20230701,,3,
2772031032,대구광역시 군위군 소보면 내의리,20230701,,3,
2772031033,대구광역시 군위군 소보면 봉황리,20230701,,3,
2772031034,대구광역시 군위군 소보면 봉소리,20230701,,3,
2772032000,효령면,20230701,,2,2772000000
2772032021,대구광역시 군위군 효령면 노행리,20230701,,3,
2772032022,대구광역시 군위군 효령면 오천리,20230701,,3,
2772032023,대구광역시 군위군 효령면 성리,20230701,,3,
2772032024,대구광역시 군위군 효령면 병수리,20230701,,3,
2772032025,대구광역시 군위군 효령면 불로리,20230701,,3,
2772032026,대구광역시 군위군 효령면 내리리,20230701,,3,
2772032027,대구광역시 군위군 효령면 중구리,20230701,,3,
2772032028,대구광역시 군위군 효령면 거매리,20230701,,3,
2772032029,대구광역시 군위군 효령면 장군리,20230701,,3,
2772032030,대구광역시 군위군 효령면 장기리,20230701,,3,
2772032031,대구광역시 군위군 효령면 금매리,20230701,,3,
2772032032,대구광역시 군위군 효령면 화계리,20230701,,3,
2772032033,대구광역시 군위군 효령면 마시리,20230701,,3,
2772032034,대구광역시 군위군 효령면 매곡리,20230701,,3,
2772032035,대구광역시 군위군 효령면 고곡리,20230701,,3,
2772033000,부계면,20230701,,2,2772000000
2772033021,대구광역시 군위군 부계면 창평리,20230701,,3,
2772033022,대구광역시 군위군 부계면 가호리,20230701,,3,
2772033023,대구광역시 군위군 부계면 춘산리,20230701,,3,
2772033024,대구광역시 군위군 부계면 대율리,20230701,,3,
2772033025,대구광역시 군위군 부계면 동산리,20230701,,3,
2772033026,대구광역시 군위군 부계면 남산리,20230701,,3,
2772033027,대구광역시 군위군 부계면 명산리,20230701,,3,
2772033028,대구광역시 군위군 부계면 신화리,20230701,,3,
2772034000,우보면,20230701,,2,2772000000
2772034021,대구광역시 군위군 우보면 나호리,20230701,,3,
2772034022,대구광역시 군위군 우보면 이화리,20230701,,3,
2772034023,대구광역시 군위군 우보면 두북리,20230701,,3,
2772034024,대구광역시 군위군 우보면 선곡리,20230701,,3,
2772034025,대구광역시 군위군 우보면 미성리,20230701,,3,
2772034026,대구광역시 군위군 우보면 모산리,20230701,,3,
2772034027,대구광역시 군위군 우보면 문덕리,20230701,,3,
2772034028,대구광역시 군위군 우보면 달산리,20230701,,3,
2772034029,대구광역시 군위군 우보면 봉산리,20230701,,3,
2772035000,의흥면,20230701,,2,2772000000
2772035021,대구광역시 군위군 의흥면 읍내리,20230701,,3,
2772035022,대구광역시 군위군 의흥면 수북리,20230701,,3,
2772035023,대구광역시 군위군 의흥면 수서리,20230701,,3,
2772035024,대구광역시 군위군 의흥면 이지리,20230701,,3,
2772035025,대구광역시 군위군 의흥면 파전리,20230701,,3,
2772035026,대구광역시 군위군 의흥면 신덕리,20230701,,3,
2772035027,대구광역시 군위군 의흥면 지호리,20230701,,3,
2772035028,대구광역시 군위군 의흥면 연계리,20230701,,3,
2772035029,대구광역시 군위군 의흥면 매성리,20230701,,3,
2772035030,대구광역시 군위군 의흥면 원산리,20230701,,3,
2772035031,대구광역시 군위군 의흥면 금양리,20230701,,3,
2772036000,산성면,20230701,,2,2772000000
2772036021,대구광역시 군위군 산성면 백학리,20230701,,3,
2772036022,대구광역시 군위군 산성면 삼산리,20230701,,3,
2772036023,대구광역시 군위군 산성면 봉림리,20230701,,3,
2772036024,대구광역시 군위군 산성면 무암리,20230701,,3,
2772036025,대구광역시 군위군 산성면 운산리,20230701,,3,
2772036026,대구광역시 군위군 산성면 화본리,20230701,,3,
2772036027,대구광역시 군위군 산성면 화전리,20230701,,3,
2772037000,삼국유사면,20230701,,2,2772000000
2772037021,대구광역시 군위군 삼국유사면 화수리,20230701,,3,
2772037022,대구광역시 군위군 삼국유사면 화북리,20230701,,3,
2772037023,대구광역시 군위군 삼국유사면 괴산리,20230701,,3,
2772037024,대구광역시 군위군 삼국유사면 학성리,20230701,,3,
2772037025,대구광역시 군위군 삼국유사면 장곡리,20230701,,3,
2772037026,대구광역시 군위군 삼국유사면 인곡리,20230701,,3,
2772037027,대구광역시 군위군 삼국유사면 양지리,20230701,,3,
2772037028,대구광역시 군위군 삼국유사면 낙전리,20230701,,3,
2772037029,대구광역시 군위군 삼국유사면 가암리,20230701,,3,
2772037030,대구광역시 군위군 삼국유사면 석산리,20230701,,3,
2772037031,대구광역시 군위군 삼국유사면 학암리,20230701,,3,
2800000000,인천광역시,19950101,,0,
2811000000,중구,19950101,,1,2800000000
2811010100,중앙동1가,19981010,,2,2811000000
2811010200,중앙동2가,19981010,,2,2811000000
2811010300,중앙동3가,19981010,,2,2811000000
2811010400,중앙동4가,19981010,,2,2811000000
2811010500,해안동1가,19981010,,2,2811000000
2811010600,해안동2가,19981010,,2,2811000000
2811010700,해안동3가,19981010,,2,2811000000
2811010800,해안동4가,19981010,,2,2811000000
2811010900,관동1가,19981010,,2,2811000000
2811011000,관동2가,19981010,,2,2811000000
2811011100,관동3가,19981010,,2,2811000000
2811011200,항동1가,19981010,,2,2811000000
2811011300,항동2가,19981010,,2,2811000000
2811011400,항동3가,19981010,,2,2811000000
2811011500,항동4가,19981010,,2,2811000000
2811011600,항동5가,19981010,,2,2811000000
2811011700,항동6가,19981010,,2,2811000000
2811011800,항동7가,19981010,,2,2811000000
2811011900,송학동1가,19981010,,2,2811000000
2811012000,송학동2가,19981010,,2,2811000000
2811012100,송학동3가,19981010,,2,2811000000
2811012200,사동,19950101,,2,2811000000
2811012300,신생동,19950101,,2,2811000000
2811012400,신포동,19950101,,2,2811000000
2811012500,답동,19950101,,2,2811000000
2811012600,신흥동1가,19950101,,2,2811000000
2811012700,신흥동2가,19950101,,2,2811000000
2811012800,신흥동3가,19981010,,2,2811000000
2811012900,선화동,19981010,,2,2811000000
2811013000,유동,19950101,,2,2811000000
2811013100,율목동,19950101,,2,2811000000
2811013200,도원동,19950101,,2,2811000000
2811013300,내동,19981010,,2,2811000000
2811013400,경동,19981010,,2,2811000000
2811013500,용동,19981010,,2,2811000000
2811013600,인현동,19981010,,2,2811000000
2811013700,전동,19981010,,2,2811000000
2811013800,북성동1가,19950101,,2,2811000000
2811013900,북성동2가,19950101,,2,2811000000
2811014000,북성동3가,19950101,,2,2811000000
2811014100,선린동,19950101,,2,2811000000
2811014200,송월동1가,19950101,,2,2811000000
2811014300,송월동2가,19950101,,2,2811000000
2811014400,송월동3가,19950101,,2,2811000000
2811014500,중산동,19950101,,2,2811000000
2811014600,운남동,19950101,,2,2811000000
2811014700,운서동,19950101,,2,2811000000
2811014800,운북동,19950101,,2,2811000000
2811014900,을왕동,19950101,,2,2811000000
2811015000,남북동,19950101,,2,2811000000
2811015100,덕교동,19950101,,2,2811000000
2811015200,무의동,19950101,,2,2811000000
2811500000,중구영종출장,19950101,,1,2800000000
2811600000,중구용유출장,19950101,,1,2800000000
2814000000,동구,19950101,,1,2800000000
2814010100,만석동,19950101,,2,2814000000
2814010200,화수동,19981101,,2,2814000000
2814010300,송현동,19981101,,2,2814000000
2814010400,화평동,19981101,,2,2814000000
2814010500,창영동,19950101,,2,2814000000
2814010600,금곡동,19950101,,2,2814000000
2814010700,송림동,19981101,,2,2814000000
2817700000,미추홀구,20180701,,1,2800000000
2817710100,숭의동,20180701,,2,2817700000
2817710200,용현동,20180701,,2,2817700000
2817710300,학익동,20180701,,2,2817700000
2817710400,도화동,20180701,,2,2817700000
2817710500,주안동,20180701,,2,2817700000
2817710600,관교동,20180701,,2,2817700000
2817710700,문학동,20180701,,2,2817700000
2818500000,연수구,19950301,,1,2800000000
2818510100,옥련동,19950301,,2,2818500000
2818510200,선학동,19950301,,2,2818500000
2818510300,연수동,19950301,,2,2818500000
2818510400,청학동,19950301,,2,2818500000
2818510500,동춘동,19950301,,2,2818500000
2818510600,송도동,20060306,,2,2818500000
2820000000,남동구,19950101,,1,2800000000
2820010100,구월동,19950101,,2,2820000000
2820010200,간석동,19950101,,2,2820000000
2820010300,만수동,19950101,,2,2820000000
2820010400,장수동,19981101,,2,2820000000
2820010500,서창동,19981101,,2,2820000000
2820010600,운연동,19981101,,2,2820000000
2820010700,남촌동,19981101,,2,2820000000
2820010800,수산동,19981101,,2,2820000000
2820010900,도림동,19981101,,2,2820000000
2820011000,논현동,19981101,,2,2820000000
2820011100,고잔동,19981101,,2,2820000000
2823700000,부평구,19950301,,1,2800000000
2823710100,부평동,19950301,,2,2823700000
2823710200,십정동,19950301,,2,2823700000
2823710300,산곡동,19950301,,2,2823700000
2823710400,청천동,19950301,,2,2823700000
2823710500,삼산동,19950301,,2,2823700000
2823710600,갈산동,19950301,,2,2823700000
2823710700,부개동,19950301,,2,2823700000
2823710800,일신동,19950301,,2,2823700000
2823710900,구산동,19950301,,2,2823700000
2824500000,계양구,19950301,,1,2800000000
2824510100,효성동,19950301,,2,2824500000
2824510200,계산동,19950301,,2,2824500000
2824510300,작전동,19981101,,2,2824500000
2824510400,서운동,19981101,,2,2824500000
2824510500,임학동,19950301,,2,2824500000
2824510600,용종동,19970707,,2,2824500000
2824510700,병방동,19950301,,2,2824500000
2824510800,방축동,19950301,,2,2824500000
2824510900,박촌동,19950301,,2,2824500000
2824511000,동양동,19950301,,2,2824500000
2824511100,귤현동,19950301,,2,2824500000
2824511200,상야동,19950301,,2,2824500000
2824511300,하야동,19950301,,2,2824500000
2824511400,평동,19950301,,2,2824500000
2824511500,노오지동,19950301,,2,2824500000
2824511600,선주지동,19950301,,2,2824500000
2824511700,이화동,19950301,,2,2824500000
2824511800,오류동,19950301,,2,2824500000
2824511900,갈현동,19950301,,2,2824500000
2824512000,둑실동,19950301,,2,2824500000
2824512100,목상동,19950301,,2,2824500000
2824512200,다남동,19950301,,2,2824500000
2824512300,장기동,19950301,,2,2824500000
2826000000,서구,19950101,,1,2800000000
2826010100,백석동,19981101,,2,2826000000
2826010200,시천동,19981101,,2,2826000000
2826010300,검암동,19981101,,2,2826000000
2826010400,경서동,19981101,,2,2826000000
2826010500,공촌동,19950101,,2,2826000000
2826010600,연희동,19950101,,2,2826000000
2826010700,심곡동,19950101,,2,2826000000
2826010800,가정동,19950101,,2,2826000000
2826010900,신현동,19981101,,2,2826000000
2826011000,석남동,19950101,,2,2826000000
2826011100,원창동,19981101,,2,2826000000
2826011200,가좌동,19950101,,2,2826000000
2826011300,마전동,19950301,,2,2826000000
2826011400,당하동,19950301,,2,2826000000
2826011500,원당동,19950301,,2,2826000000
2826011700,대곡동,19950301,,2,2826000000
2826011800,금곡동,19950301,,2,2826000000
2826011900,오류동,19950301,,2,2826000000
2826012000,왕길동,19950301,,2,2826000000
2826012100,불로동,20080916,,2,2826000000
2826012200,청라동,20180701,,2,2826000000
2826500000,서구검단출장,19950301,,1,2800000000
2871000000,강화군,19950301,,1,2800000000
2871025000,강화읍,19950301,,2,2871000000
2871025021,인천광역시 강화군 강화읍 신문리,19950301,,3,
2871025022,인천광역시 강화군 강화읍 관청리,19950301,,3,
2871025023,인천광역시 강화군 강화읍 국화리,19950301,,3,
2871025024,인천광역시 강화군 강화읍 남산리,19950301,,3,
2871025025,인천광역시 강화군 강화읍 갑곳리,19950301,,3,
2871025026,인천광역시 강화군 강화읍 용정리,19950301,,3,
2871025027,인천광역시 강화군 강화읍 옥림리,19950301,,3,
2871025028,인천광역시 강화군 강화읍 월곳리,19950301,,3,
2871025029,인천광역시 강화군 강화읍 대산리,19950301,,3,
2871031000,선원면,19950301,,2,2871000000
2871031021,인천광역시 강화군 선원면 금월리,19950301,,3,
2871031022,인천광역시 강화군 선원면 연리,19950301,,3,
2871031023,인천광역시 강화군 선원면 지산리,19950301,,3,
2871031024,인천광역시 강화군 선원면 신정리,19950301,,3,
2871031025,인천광역시 강화군 선원면 창리,19950301,,3,
2871031026,인천광역시 강화군 선원면 선행리,19950301,,3,
2871031027,인천광역시 강화군 선원면 냉정리,19950301,,3,
2871032000,불은면,19950301,,2,2871000000
2871032021,인천광역시 강화군 불은면 두운리,19950301,,3,
2871032022,인천광역시 강화군 불은면 고능리,19950301,,3,
2871032023,인천광역시 강화군 불은면 오두리,19950301,,3,
2871032024,인천광역시 강화군 불은면 넙성리,19950301,,3,
2871032025,인천광역시 강화군 불은면 신현리,19950301,,3,
2871032026,인천광역시 강화군 불은면 삼동암리,19950301,,3,
2871032027,인천광역시 강화군 불은면 삼성리,19950301,,3,
2871032028,인천광역시 강화군 불은면 덕성리,19950301,,3,
2871033000,길상면,19950301,,2,2871000000
2871033021,인천광역시 강화군 길상면 온수리,19950301,,3,
2871033022,인천광역시 강화군 길상면 선두리,19950301,,3,
2871033023,인천광역시 강화군 길상면 동검리,19950301,,3,
2871033024,인천광역시 강화군 길상면 초지리,19950301,,3,
2871033025,인천광역시 강화군 길상면 장흥리,19950301,,3,
2871033026,인천광역시 강화군 길상면 길직리,19950301,,3,
2871034000,화도면,19950301,,2,2871000000
2871034021,인천광역시 강화군 화도면 내리,19950301,,3,
2871034022,인천광역시 강화군 화도면 상방리,19950301,,3,
2871034023,인천광역시 강화군 화도면 문산리,19950301,,3,
2871034024,인천광역시 강화군 화도면 덕포리,19950301,,3,
2871034025,인천광역시 강화군 화도면 사기리,19950301,,3,
2871034026,인천광역시 강화군 화도면 동막리,19950301,,3,
2871034027,인천광역시 강화군 화도면 흥왕리,19950301,,3,
2871034028,인천광역시 강화군 화도면 여차리,19950301,,3,
2871034029,인천광역시 강화군 화도면 장화리,19950301,,3,
2871035000,양도면,19950301,,2,2871000000
2871035021,인천광역시 강화군 양도면 하일리,19950301,,3,
2871035022,인천광역시 강화군 양도면 능내리,19950301,,3,
2871035023,인천광역시 강화군 양도면 건평리,19950301,,3,
2871035024,인천광역시 강화군 양도면 인산리,19950301,,3,
2871035025,인천광역시 강화군 양도면 삼흥리,19950301,,3,
2871035026,인천광역시 강화군 양도면 길정리,19950301,,3,
2871035027,인천광역시 강화군 양도면 도장리,19950301,,3,
2871035028,인천광역시 강화군 양도면 조산리,19950301,,3,
2871036000,내가면,19950301,,2,2871000000
2871036021,인천광역시 강화군 내가면 고천리,19950301,,3,
2871036022,인천광역시 강화군 내가면 오상리,19950301,,3,
2871036023,인천광역시 강화군 내가면 외포리,19950301,,3,
2871036024,인천광역시 강화군 내가면 황청리,19950301,,3,
2871036025,인천광역시 강화군 내가면 구하리,19950301,,3,
2871037000,하점면,19950301,,2,2871000000
2871037021,인천광역시 강화군 하점면 신봉리,19950301,,3,
2871037022,인천광역시 강화군 하점면 장정리,19950301,,3,
2871037023,인천광역시 강화군 하점면 부근리,19950301,,3,
2871037024,인천광역시 강화군 하점면 삼거리,19950301,,3,
2871037025,인천광역시 강화군 하점면 신삼리,19950301,,3,
2871037026,인천광역시 강화군 하점면 망월리,19950301,,3,
2871037027,인천광역시 강화군 하점면 창후리,19950301,,3,
2871037028,인천광역시 강화군 하점면 이강리,19950301,,3,
2871038000,양사면,19950301,,2,2871000000
2871038021,인천광역시 강화군 양사면 철산리,19950301,,3,
2871038022,인천광역시 강화군 양사면 덕하리,19950301,,3,
2871038023,인천광역시 강화군 양사면 북성리,19950301,,3,
2871038024,인천광역시 강화군 양사면 교산리,19950301,,3,
2871038025,인천광역시 강화군 양사면 인화리,19950301,,3,
2871039000,송해면,19950301,,2,2871000000
2871039021,인천광역시 강화군 송해면 솔정리,19950301,,3,
2871039022,인천광역시 강화군 송해면 신당리,19950301,,3,
2871039023,인천광역시 강화군 송해면 숭뢰리,19950301,,3,
2871039024,인천광역시 강화군 송해면 당산리,19950301,,3,
2871039025,인천광역시 강화군 송해면 상도리,19950301,,3,
2871039026,인천광역시 강화군 송해면 하도리,19950301,,3,
2871039027,인천광역시 강화군 송해면 양오리,19950301,,3,
2871040000,교동면,19950301,,2,2871000000
2871040021,인천광역시 강화군 교동면 대룡리,19950301,,3,
2871040022,인천광역시 강화군 교동면 읍내리,19950301,,3,
2871040023,인천광역시 강화군 교동면 상용리,19950301,,3,
2871040024,인천광역시 강화군 교동면 봉소리,19950301,,3,
2871040025,인천광역시 강화군 교동면 고구리,19950301,,3,
2871040026,인천광역시 강화군 교동면 삼선리,19950301,,3,
2871040027,인천광역시 강화군 교동면 인사리,19950301,,3,
2871040028,인천광역시 강화군 교동면 난정리,19950301,,3,
2871040029,인천광역시 강화군 교동면 양갑리,19950301,,3,
2871040030,인천광역시 강화군 교동면 동산리,19950301,,3,
2871040031,인천광역시 강화군 교동면 서한리,19950301,,3,
2871040032,인천광역시 강화군 교동면 무학리,19950301,,3,
2871040033,인천광역시 강화군 교동면 지석리,19950301,,3,
2871041000,삼산면,19950301,,2,2871000000
2871041021,인천광역시 강화군 삼산면 석모리,19950301,,3,
2871041022,인천광역시 강화군 삼산면 상리,19950301,,3,
2871041023,인천광역시 강화군 삼산면 하리,19950301,,3,
2871041024,인천광역시 강화군 삼산면 석포리,19950301,,3,
2871041025,인천광역시 강화군 삼산면 매음리,19950301,,3,
2871041026,인천광역시 강화군 삼산면 서검리,19950301,,3,
2871041027,인천광역시 강화군 삼산면 미법리,19950301,,3,
2871042000,서도면,19950301,,2,2871000000
2871042021,인천광역시 강화군 서도면 주문도리,19950301,,3,
2871042022,인천광역시 강화군 서도면 아차도리,19950301,,3,
2871042023,인천광역시 강화군 서도면 말도리,19950301,,3,
2871042024,인천광역시 강화군 서도면 볼음도리,19950301,,3,
2872000000,옹진군,19950301,,1,2800000000
2872031000,북도면,19950301,,2,2872000000
2872031021,인천광역시 옹진군 북도면 시도리,19950301,,3,
2872031022,인천광역시 옹진군 북도면 신도리,19950301,,3,
2872031023,인천광역시 옹진군 북도면 모도리,19950301,,3,
2872031024,인천광역시 옹진군 북도면 장봉리,19950301,,3,
2872033000,백령면,19950301,,2,2872000000
2872033021,인천광역시 옹진군 백령면 진촌리,19950301,,3,
2872033022,인천광역시 옹진군 백령면 북포리,19950301,,3,
2872033023,인천광역시 옹진군 백령면 가을리,19950301,,3,
2872033024,인천광역시 옹진군 백령면 연화리,19950301,,3,
2872033025,인천광역시 옹진군 백령면 남포리,19950301,,3,
2872034000,대청면,19950301,,2,2872000000
2872034021,인천광역시 옹진군 대청면 대청리,19950301,,3,
2872034022,인천광역시 옹진군 대청면 소청리,19950301,,3,
2872035000,덕적면,19950301,,2,2872000000
2872035021,인천광역시 옹진군 덕적면 북리,19950301,,3,
2872035022,인천광역시 옹진군 덕적면 진리,19950301,,3,
2872035023,인천광역시 옹진군 덕적면 서포리,19950301,,3,
2872035024,인천광역시 옹진군 덕적면 소야리,19950301,,3,
2872035025,인천광역시 옹진군 덕적면 울도리,19950301,,3,
2872035026,인천광역시 옹진군 덕적면 백아리,19950301,,3,
2872035027,인천광역시 옹진군 덕적면 문갑리,19950301,,3,
2872035028,인천광역시 옹진군 덕적면 굴업리,19950301,,3,
2872036000,영흥면,19950301,,2,2872000000
2872036021,인천광역시 옹진군 영흥면 외리,19950301,,3,
2872036022,인천광역시 옹진군 영흥면 내리,19950301,,3,
2872036023,인천광역시 옹진군 영흥면 선재리,19950301,,3,
2872037000,자월면,19950301,,2,2872000000
2872037021,인천광역시 옹진군 자월면 자월리,19950301,,3,
2872037022,인천광역시 옹진군 자월면 이작리,19950301,,3,
2872037023,인천광역시 옹진군 자월면 승봉리,19950301,,3,
2872038000,연평면,19990720,,2,2872000000
2872038021,인천광역시 옹진군 연평면 연평리,19990720,,3,
2900000000,광주광역시,19950101,,0,
2911000000,동구,19950101,,1,2900000000
2911010100,대인동,19980427,,2,2911000000
2911010200,금남로5가,19980427,,2,2911000000
2911010300,충장로5가,19980427,,2,2911000000
2911010400,수기동,19980427,,2,2911000000
2911010500,대의동,19980427,,2,2911000000
2911010600,궁동,19980427,,2,2911000000
2911010700,장동,19980427,,2,2911000000
2911010800,동명동,19980427,,2,2911000000
2911010900,계림동,19950101,,2,2911000000
2911011000,산수동,19950101,,2,2911000000
2911011100,지산동,19980427,,2,2911000000
2911011200,남동,19980427,,2,2911000000
2911011300,광산동,19980427,,2,2911000000
2911011400,금동,19980427,,2,2911000000
2911011500,호남동,19980427,,2,2911000000
2911011600,불로동,19980427,,2,2911000000
2911011700,황금동,19980427,,2,2911000000
2911011800,서석동,19980427,,2,2911000000
2911011900,소태동,19880423,,2,2911000000
2911012000,용연동,19880423,,2,2911000000
2911012100,운림동,19950101,,2,2911000000
2911012200,학동,19950101,,2,2911000000
2911012300,월남동,19880423,,2,2911000000
2911012400,선교동,19880423,,2,2911000000
2911012500,내남동,19880423,,2,2911000000
2911012600,용산동,19880423,,2,2911000000
2911012700,충장로1가,19980427,,2,2911000000
2911012800,충장로2가,19980427,,2,2911000000
2911012900,충장로3가,19980427,,2,2911000000
2911013000,충장로4가,19980427,,2,2911000000
2911013100,금남로1가,19980427,,2,2911000000
2911013200,금남로2가,19980427,,2,2911000000
2911013300,금남로3가,19980427,,2,2911000000
2911013400,금남로4가,19980427,,2,2911000000
2914000000,서구,19950101,,1,2900000000
2914010400,양동,19990118,,2,2914000000
2914010600,농성동,19950101,,2,2914000000
2914011500,광천동,19950101,,2,2914000000
2914011600,유촌동,19950101,,2,2914000000
2914011700,덕흥동,19950101,,2,2914000000
2914011800,쌍촌동,19950101,,2,2914000000
2914011900,화정동,19950101,,2,2914000000
2914012000,치평동,19950101,,2,2914000000
2914012100,내방동,19950101,,2,2914000000
2914012500,서창동,19950420,,2,2914000000
2914012600,세하동,19950420,,2,2914000000
2914012700,용두동,19950420,,2,2914000000
2914012800,풍암동,19950420,,2,2914000000
2914012900,벽진동,19950420,,2,2914000000
2914013000,금호동,19950420,,2,2914000000
2914013100,마륵동,19950420,,2,2914000000
2914013200,매월동,19950420,,2,2914000000
2914013300,동천동,20111001,,2,2914000000
2915500000,남구,19950301,,1,2900000000
2915510100,사동,19981001,,2,2915500000
2915510200,구동,19981001,,2,2915500000
2915510300,서동,19981001,,2,2915500000
2915510400,월산동,19950301,,2,2915500000
2915510500,백운동,19950301,,2,2915500000
2915510600,주월동,19950301,,2,2915500000
2915510700,노대동,19950301,,2,2915500000
2915510800,진월동,19950301,,2,2915500000
2915510900,덕남동,19950301,,2,2915500000
2915511000,행암동,19950301,,2,2915500000
2915511100,임암동,19950301,,2,2915500000
2915511200,송하동,19950301,,2,2915500000
2915511300,양림동,19950301,,2,2915500000
2915511400,방림동,19950301,,2,2915500000
2915511500,봉선동,19950301,,2,2915500000
2915511600,구소동,19950420,,2,2915500000
2915511700,양촌동,19950420,,2,2915500000
2915511800,도금동,19950420,,2,2915500000
2915511900,승촌동,19950420,,2,2915500000
2915512000,지석동,19950420,,2,2915500000
2915512100,압촌동,19950420,,2,2915500000
2915512200,화장동,19950420,,2,2915500000
2915512300,칠석동,19950420,,2,2915500000
2915512400,석정동,19950420,,2,2915500000
2915512500,신장동,19950420,,2,2915500000
2915512600,양과동,19950420,,2,2915500000
2915512700,이장동,19950420,,2,2915500000
2915512800,대지동,19950420,,2,2915500000
2915512900,원산동,19950420,,2,2915500000
2915513000,월성동,19950420,,2,2915500000
2917000000,북구,19950101,,1,2900000000
2917010100,중흥동,19950101,,2,2917000000
2917010200,유동,19970301,,2,2917000000
2917010300,누문동,19970301,,2,2917000000
2917010400,북동,19970301,,2,2917000000
2917010500,임동,19950101,,2,2917000000
2917010600,신안동,19950101,,2,2917000000
2917010700,용봉동,19950101,,2,2917000000
2917010800,동림동,19970301,,2,2917000000
2917010900,운암동,19970301,,2,2917000000
2917011000,우산동,19950101,,2,2917000000
2917011100,풍향동,19970301,,2,2917000000
2917011200,문흥동,19950101,,2,2917000000
2917011300,각화동,19950101,,2,2917000000
2917011400,두암동,19950101,,2,2917000000
2917011500,오치동,19970301,,2,2917000000
2917011600,삼각동,19950101,,2,2917000000
2917011700,매곡동,19970301,,2,2917000000
2917011800,충효동,19980921,,2,2917000000
2917011900,덕의동,19980921,,2,2917000000
2917012000,금곡동,19980921,,2,2917000000
2917012100,망월동,19980921,,2,2917000000
2917012200,청풍동,19980921,,2,2917000000
2917012300,화암동,19980921,,2,2917000000
2917012400,장등동,19980921,,2,2917000000
2917012500,운정동,19980921,,2,2917000000
2917012600,본촌동,19980921,,2,2917000000
2917012700,일곡동,19980921,,2,2917000000
2917012800,양산동,19980921,,2,2917000000
2917012900,연제동,19980921,,2,2917000000
2917013000,신용동,19980921,,2,2917000000
2917013100,용두동,19980921,,2,2917000000
2917013200,지야동,19980921,,2,2917000000
2917013300,태령동,19980921,,2,2917000000
2917013400,수곡동,19980921,,2,2917000000
2917013500,효령동,19980921,,2,2917000000
2917013600,용전동,19980921,,2,2917000000
2917013700,용강동,19980921,,2,2917000000
2917013800,생용동,19980921,,2,2917000000
2917013900,월출동,19980921,,2,2917000000
2917014000,대촌동,19980921,,2,2917000000
2917014100,오룡동,19980921,,2,2917000000
2920000000,광산구,19950101,,1,2900000000
2920010100,송정동,19950101,,2,2920000000
2920010200,도산동,19950101,,2,2920000000
2920010300,도호동,19950101,,2,2920000000
2920010400,신촌동,19950101,,2,2920000000
2920010500,서봉동,19981015,,2,2920000000
2920010600,운수동,19981015,,2,2920000000
2920010700,선암동,19981015,,2,2920000000
2920010800,소촌동,19981015,,2,2920000000
2920010900,우산동,19950101,,2,2920000000
2920011000,황룡동,19950101,,2,2920000000
2920011100,박호동,19981015,,2,2920000000
2920011200,비아동,19970701,,2,2920000000
2920011300,도천동,19970701,,2,2920000000
2920011400,수완동,19970701,,2,2920000000
2920011500,월계동,19880423,,2,2920000000
2920011600,쌍암동,19880423,,2,2920000000
2920011700,산월동,19880423,,2,2920000000
2920011800,신창동,19970701,,2,2920000000
2920011900,신가동,19970701,,2,2920000000
2920012000,운남동,19970701,,2,2920000000
2920012100,안청동,19981015,,2,2920000000
2920012200,진곡동,19981015,,2,2920000000
2920012300,장덕동,19981015,,2,2920000000
2920012400,흑석동,19981015,,2,2920000000
2920012500,하남동,19981015,,2,2920000000
2920012600,장수동,19981015,,2,2920000000
2920012700,산정동,19981015,,2,2920000000
2920012800,월곡동,19950301,,2,2920000000
2920012900,등임동,19981015,,2,2920000000
2920013000,산막동,19981015,,2,2920000000
2920013100,고룡동,19981015,,2,2920000000
2920013200,신룡동,19981015,,2,2920000000
2920013300,두정동,19981015,,2,2920000000
2920013400,임곡동,19981015,,2,2920000000
2920013500,광산동,19981015,,2,2920000000
2920013600,오산동,19981015,,2,2920000000
2920013700,사호동,19981015,,2,2920000000
2920013800,하산동,19981015,,2,2920000000
2920013900,유계동,19981015,,2,2920000000
2920014000,본덕동,19981015,,2,2920000000
2920014100,용봉동,19981015,,2,2920000000
2920014200,요기동,19981015,,2,2920000000
2920014300,복룡동,19981015,,2,2920000000
2920014400,송대동,19981015,,2,2920000000
2920014500,옥동,19981015,,2,2920000000
2920014600,월전동,19981015,,2,2920000000
2920014700,장록동,19981015,,2,2920000000
2920014800,송촌동,19981015,,2,2920000000
2920014900,지죽동,19981015,,2,2920000000
2920015000,용동,19981015,,2,2920000000
2920015100,용곡동,19981015,,2,2920000000
2920015200,지정동,19981015,,2,2920000000
2920015300,명화동,19981015,,2,2920000000
2920015400,동산동,19981015,,2,2920000000
2920015500,연산동,19981015,,2,2920000000
2920015600,도덕동,19981015,,2,2920000000
2920015700,송산동,19981015,,2,2920000000
2920015800,지평동,19981015,,2,2920000000
2920015900,오운동,19981015,,2,2920000000
2920016000,삼거동,19981015,,2,2920000000
2920016100,양동,19981015,,2,2920000000
2920016200,내산동,19981015,,2,2920000000
2920016300,대산동,19981015,,2,2920000000
2920016400,송학동,19981015,,2,2920000000
2920016500,신동,19981015,,2,2920000000
2920016600,삼도동,19981015,,2,2920000000
2920016700,남산동,19981015,,2,2920000000
2920016800,송치동,19981015,,2,2920000000
2920016900,산수동,19981015,,2,2920000000
2920017000,선동,19981015,,2,2920000000
2920017100,지산동,19981015,,2,2920000000
2920017200,왕동,19981015,,2,2920000000
2920017300,북산동,19981015,,2,2920000000
2920017400,명도동,19981015,,2,2920000000
2920017500,동호동,19981015,,2,2920000000
2920017600,덕림동,19981015,,2,2920000000
2920017700,양산동,19981015,,2,2920000000
2920017800,동림동,19981015,,2,2920000000
2920020200,오선동,19981015,,2,2920000000
3000000000,대전광역시,19950101,,0,
3011000000,동구,19950101,,1,3000000000
3011010100,원동,19981214,,2,3011000000
3011010200,인동,19950101,,2,3011000000
3011010300,효동,19950101,,2,3011000000
3011010400,천동,19950101,,2,3011000000
3011010500,가오동,19950101,,2,3011000000
3011010600,신흥동,19950101,,2,3011000000
3011010700,판암동,19950101,,2,3011000000
3011010800,삼정동,19950101,,2,3011000000
3011010900,용운동,19950101,,2,3011000000
3011011000,대동,19981214,,2,3011000000
3011011100,자양동,19950101,,2,3011000000
3011011200,신안동,19981214,,2,3011000000
3011011300,소제동,19950101,,2,3011000000
3011011400,가양동,19950101,,2,3011000000
3011011500,용전동,19950101,,2,3011000000
3011011600,성남동,19950101,,2,3011000000
3011011700,홍도동,19950101,,2,3011000000
3011011800,삼성동,19950101,,2,3011000000
3011011900,정동,19981214,,2,3011000000
3011012000,중동,19981214,,2,3011000000
3011012100,추동,19981214,,2,3011000000
3011012200,비룡동,19981214,,2,3011000000
3011012300,주산동,19981214,,2,3011000000
3011012400,용계동,19981214,,2,3011000000
3011012500,마산동,19981214,,2,3011000000
3011012600,효평동,19981214,,2,3011000000
3011012700,직동,19981214,,2,3011000000
3011012800,세천동,19981214,,2,3011000000
3011012900,신상동,19981214,,2,3011000000
3011013000,신하동,19981214,,2,3011000000
3011013100,신촌동,19981214,,2,3011000000
3011013200,사성동,19981214,,2,3011000000
3011013300,내탑동,19981214,,2,3011000000
3011013400,오동,19981214,,2,3011000000
3011013500,주촌동,19981214,,2,3011000000
3011013600,낭월동,19950101,,2,3011000000
3011013700,대별동,19950101,,2,3011000000
3011013800,이사동,19950101,,2,3011000000
3011013900,대성동,19950101,,2,3011000000
3011014000,장척동,19950101,,2,3011000000
3011014100,소호동,19950101,,2,3011000000
3011014200,구도동,19950101,,2,3011000000
3011014300,삼괴동,19950101,,2,3011000000
3011014400,상소동,19950101,,2,3011000000
3011014500,하소동,19950101,,2,3011000000
3014000000,중구,19950101,,1,3000000000
3014010100,은행동,19981123,,2,3014000000
3014010200,선화동,19981123,,2,3014000000
3014010300,목동,19950101,,2,3014000000
3014010400,중촌동,19950101,,2,3014000000
3014010500,대흥동,19980101,,2,3014000000
3014010600,문창동,19980101,,2,3014000000
3014010700,석교동,19950101,,2,3014000000
3014010800,호동,19950101,,2,3014000000
3014010900,옥계동,19950101,,2,3014000000
3014011000,대사동,19950101,,2,3014000000
3014011100,부사동,19950101,,2,3014000000
3014011200,용두동,19981123,,2,3014000000
3014011300,오류동,19950101,,2,3014000000
3014011400,태평동,19950101,,2,3014000000
3014011500,유천동,19950101,,2,3014000000
3014011600,문화동,19950101,,2,3014000000
3014011700,산성동,19950101,,2,3014000000
3014011800,사정동,19950101,,2,3014000000
3014011900,안영동,19950101,,2,3014000000
3014012000,무수동,19981123,,2,3014000000
3014012100,구완동,19981123,,2,3014000000
3014012200,침산동,19981123,,2,3014000000
3014012300,목달동,19981123,,2,3014000000
3014012400,정생동,19981123,,2,3014000000
3014012500,어남동,19981123,,2,3014000000
3014012600,금동,19981123,,2,3014000000
3017000000,서구,19950101,,1,3000000000
3017010100,복수동,19950101,,2,3017000000
3017010200,변동,19950101,,2,3017000000
3017010300,도마동,19950101,,2,3017000000
3017010400,정림동,19950101,,2,3017000000
3017010500,용문동,19950101,,2,3017000000
3017010600,탄방동,19950101,,2,3017000000
3017010800,괴정동,19950101,,2,3017000000
3017010900,가장동,19950101,,2,3017000000
3017011000,내동,19960826,,2,3017000000
3017011100,갈마동,19980101,,2,3017000000
3017011200,둔산동,19960101,,2,3017000000
3017011300,월평동,19950101,,2,3017000000
3017011400,가수원동,19950101,,2,3017000000
3017011500,도안동,19950101,,2,3017000000
3017011600,관저동,19950101,,2,3017000000
3017011700,흑석동,19950101,,2,3017000000
3017011800,매노동,19950101,,2,3017000000
3017011900,산직동,19950101,,2,3017000000
3017012000,장안동,19950101,,2,3017000000
3017012100,평촌동,19950101,,2,3017000000
3017012200,오동,19950101,,2,3017000000
3017012300,우명동,19950101,,2,3017000000
3017012400,원정동,19950101,,2,3017000000
3017012500,용촌동,19950101,,2,3017000000
3017012600,봉곡동,19950101,,2,3017000000
3017012700,괴곡동,19950101,,2,3017000000
3017012800,만년동,19980101,,2,3017000000
3020000000,유성구,19950101,,1,3000000000
3020010100,원내동,19981026,,2,3020000000
3020010200,교촌동,19981026,,2,3020000000
3020010300,대정동,19981026,,2,3020000000
3020010400,용계동,19981026,,2,3020000000
3020010500,학하동,19981026,,2,3020000000
3020010600,계산동,19981026,,2,3020000000
3020010700,성북동,19981026,,2,3020000000
3020010800,세동,19981026,,2,3020000000
3020010900,송정동,19981026,,2,3020000000
3020011000,방동,19981026,,2,3020000000
3020011100,봉명동,19950101,,2,3020000000
3020011200,구암동,19950101,,2,3020000000
3020011300,덕명동,19950101,,2,3020000000
3020011400,원신흥동,19950101,,2,3020000000
3020011500,상대동,19950101,,2,3020000000
3020011600,복용동,19950101,,2,3020000000
3020011700,장대동,19950101,,2,3020000000
3020011800,갑동,19950101,,2,3020000000
3020011900,노은동,19950101,,2,3020000000
3020012000,지족동,19950101,,2,3020000000
3020012100,죽동,19950101,,2,3020000000
3020012200,궁동,19950101,,2,3020000000
3020012300,어은동,19950101,,2,3020000000
3020012400,구성동,19950101,,2,3020000000
3020012500,신성동,19950101,,2,3020000000
3020012600,가정동,19950101,,2,3020000000
3020012700,도룡동,19950101,,2,3020000000
3020012800,장동,19950101,,2,3020000000
3020012900,방현동,19950101,,2,3020000000
3020013000,화암동,19950101,,2,3020000000
3020013100,덕진동,19950101,,2,3020000000
3020013200,하기동,19950101,,2,3020000000
3020013300,추목동,19950101,,2,3020000000
3020013400,자운동,19950101,,2,3020000000
3020013500,신봉동,19950101,,2,3020000000
3020013600,수남동,19981026,,2,3020000000
3020013700,안산동,19981026,,2,3020000000
3020013800,외삼동,19981026,,2,3020000000
3020013900,반석동,19981026,,2,3020000000
3020014000,문지동,19950101,,2,3020000000
3020014100,전민동,19950101,,2,3020000000
3020014200,원촌동,19950101,,2,3020000000
3020014300,탑립동,19950101,,2,3020000000
3020014400,용산동,19950101,,2,3020000000
3020014500,봉산동,19950101,,2,3020000000
3020014600,관평동,19950101,,2,3020000000
3020014700,송강동,19950101,,2,3020000000
3020014800,금고동,19950101,,2,3020000000
3020014900,대동,19950101,,2,3020000000
3020015000,금탄동,19950101,,2,3020000000
3020015100,신동,19950101,,2,3020000000
3020015200,둔곡동,19950101,,2,3020000000
3020015300,구룡동,19950101,,2,3020000000
3023000000,대덕구,19950101,,1,3000000000
3023010100,오정동,19950101,,2,3023000000
3023010200,대화동,19950101,,2,3023000000
3023010300,읍내동,19950101,,2,3023000000
3023010400,연축동,19950101,,2,3023000000
3023010500,신대동,19950101,,2,3023000000
3023010600,와동,19950101,,2,3023000000
3023010700,송촌동,19950101,,2,3023000000
3023010800,법동,19960101,,2,3023000000
3023010900,중리동,19950101,,2,3023000000
3023011000,비래동,19950101,,2,3023000000
3023011100,석봉동,19950101,,2,3023000000
3023011200,목상동,19950101,,2,3023000000
3023011300,문평동,19950101,,2,3023000000
3023011400,신일동,19950101,,2,3023000000
3023011500,덕암동,19950101,,2,3023000000
3023011600,상서동,19950101,,2,3023000000
3023011700,평촌동,19950101,,2,3023000000
3023011800,장동,19950101,,2,3023000000
3023011900,용호동,19950101,,2,3023000000
3023012000,이현동,19950101,,2,3023000000
3023012100,갈전동,19950101,,2,3023000000
3023012200,부수동,19950101,,2,3023000000
3023012300,황호동,19950101,,2,3023000000
3023012400,삼정동,19950101,,2,3023000000
3023012500,미호동,19950101,,2,3023000000
3023012600,신탄진동,19971226,,2,3023000000
3100000000,울산광역시,19970715,,0,
3111000000,중구,19970715,,1,3100000000
3111010100,학성동,19970715,,2,3111000000
3111010200,학산동,19970715,,2,3111000000
3111010300,복산동,19970715,,2,3111000000
3111010400,북정동,19970715,,2,3111000000
3111010500,옥교동,19970715,,2,3111000000
3111010600,성남동,19970715,,2,3111000000
3111010700,교동,19970715,,2,3111000000
3111010800,우정동,19970715,,2,3111000000
3111010900,성안동,19970715,,2,3111000000
3111011000,유곡동,19970715,,2,3111000000
3111011100,태화동,19970715,,2,3111000000
3111011200,다운동,19970715,,2,3111000000
3111011300,동동,19970715,,2,3111000000
3111011400,서동,19970715,,2,3111000000
3111011500,남외동,19970715,,2,3111000000
3111011600,장현동,19970715,,2,3111000000
3111011700,약사동,19970715,,2,3111000000
3111011800,반구동,19970715,,2,3111000000
3114000000,남구,19970715,,1,3100000000
3114010100,무거동,19970715,,2,3114000000
3114010200,옥동,19970715,,2,3114000000
3114010300,두왕동,19970715,,2,3114000000
3114010400,신정동,19970715,,2,3114000000
3114010500,달동,19970715,,2,3114000000
3114010600,삼산동,19970715,,2,3114000000
3114010700,여천동,19981017,,2,3114000000
3114010800,야음동,19981017,,2,3114000000
3114010900,선암동,19970715,,2,3114000000
3114011000,상개동,19970715,,2,3114000000
3114011100,부곡동,19981017,,2,3114000000
3114011200,고사동,19981017,,2,3114000000
3114011300,성암동,19981017,,2,3114000000
3114011400,황성동,19981017,,2,3114000000
3114011500,용연동,19981017,,2,3114000000
3114011600,남화동,19981017,,2,3114000000
3114011700,용잠동,19981017,,2,3114000000
3114011800,장생포동,19981017,,2,3114000000
3114011900,매암동,19981017,,2,3114000000
3117000000,동구,19970715,,1,3100000000
3117010100,방어동,19970715,,2,3117000000
3117010200,화정동,19970715,,2,3117000000
3117010300,일산동,19970715,,2,3117000000
3117010400,전하동,19970715,,2,3117000000
3117010500,미포동,19970715,,2,3117000000
3117010600,주전동,19981001,,2,3117000000
3117010700,동부동,19970715,,2,3117000000
3117010800,서부동,19970715,,2,3117000000
3120000000,북구,19970715,,1,3100000000
3120010100,창평동,19970715,,2,3120000000
3120010200,호계동,19970715,,2,3120000000
3120010300,매곡동,19970715,,2,3120000000
3120010400,가대동,19970715,,2,3120000000
3120010500,신천동,19970715,,2,3120000000
3120010600,중산동,19970715,,2,3120000000
3120010700,상안동,19970715,,2,3120000000
3120010800,천곡동,19970715,,2,3120000000
3120010900,달천동,19970715,,2,3120000000
3120011000,시례동,19970715,,2,3120000000
3120011100,무룡동,19970715,,2,3120000000
3120011200,구유동,19970715,,2,3120000000
3120011300,정자동,19970715,,2,3120000000
3120011400,신명동,19970715,,2,3120000000
3120011500,대안동,19970715,,2,3120000000
3120011600,당사동,19970715,,2,3120000000
3120011700,신현동,19970715,,2,3120000000
3120011800,산하동,19970715,,2,3120000000
3120011900,어물동,19970715,,2,3120000000
3120012000,명촌동,19981001,,2,3120000000
3120012100,진장동,19981001,,2,3120000000
3120012200,연암동,19970715,,2,3120000000
3120012300,효문동,19970715,,2,3120000000
3120012400,양정동,19970715,,2,3120000000
3120012500,화봉동,19970715,,2,3120000000
3120012600,송정동,19970715,,2,3120000000
3120012700,염포동,19980301,,2,3120000000
3171000000,울주군,19970715,,1,3100000000
3171025000,온산읍,19970715,,2,3171000000
3171025021,울산광역시 울주군 온산읍 화산리,19970715,,3,
3171025022,울산광역시 울주군 온산읍 삼평리,19970715,,3,
3171025023,울산광역시 울주군 온산읍 강양리,19970715,,3,
3171025024,울산광역시 울주군 온산읍 우봉리,19970715,,3,
3171025025,울산광역시 울주군 온산읍 당월리,19970715,,3,
3171025026,울산광역시 울주군 온산읍 처용리,19970715,,3,
3171025027,울산광역시 울주군 온산읍 산암리,19970715,,3,
3171025028,울산광역시 울주군 온산읍 대정리,19970715,,3,
3171025029,울산광역시 울주군 온산읍 방도리,19970715,,3,
3171025030,울산광역시 울주군 온산읍 이진리,19970715,,3,
3171025031,울산광역시 울주군 온산읍 원산리,19970715,,3,
3171025032,울산광역시 울주군 온산읍 덕신리,19970715,,3,
3171025033,울산광역시 울주군 온산읍 학남리,19970715,,3,
3171025300,언양읍,19970715,,2,3171000000
3171025321,울산광역시 울주군 언양읍 반송리,19970715,,3,
3171025322,울산광역시 울주군 언양읍 반천리,19970715,,3,
3171025323,울산광역시 울주군 언양읍 반곡리,19970715,,3,
3171025324,울산광역시 울주군 언양읍 어음리,19970715,,3,
3171025325,울산광역시 울주군 언양읍 송대리,19970715,,3,
3171025326,울산광역시 울주군 언양읍 평리,19970715,,3,
3171025327,울산광역시 울주군 언양읍 다개리,19970715,,3,
3171025328,울산광역시 울주군 언양읍 대곡리,19970715,,3,
3171025329,울산광역시 울주군 언양읍 직동리,19970715,,3,
3171025330,울산광역시 울주군 언양읍 동부리,19970715,,3,
3171025331,울산광역시 울주군 언양읍 서부리,19970715,,3,
3171025332,울산광역시 울주군 언양읍 남부리,19970715,,3,
3171025333,울산광역시 울주군 언양읍 반연리,19970715,,3,
3171025334,울산광역시 울주군 언양읍 태기리,19970715,,3,
3171025335,울산광역시 울주군 언양읍 구수리,19970715,,3,
3171025600,온양읍,20010301,,2,3171000000
3171025621,울산광역시 울주군 온양읍 발리,20010301,,3,
3171025622,울산광역시 울주군 온양읍 대안리,20010301,,3,
3171025623,울산광역시 울주군 온양읍 망양리,20010301,,3,
3171025624,울산광역시 울주군 온양읍 남창리,20010301,,3,
3171025625,울산광역시 울주군 온양읍 동상리,20010301,,3,
3171025626,울산광역시 울주군 온양읍 삼광리,20010301,,3,
3171025627,울산광역시 울주군 온양읍 내광리,20010301,,3,
3171025628,울산광역시 울주군 온양읍 외광리,20010301,,3,
3171025629,울산광역시 울주군 온양읍 운화리,20010301,,3,
3171025630,울산광역시 울주군 온양읍 고산리,20010301,,3,
3171025900,범서읍,20010301,,2,3171000000
3171025921,울산광역시 울주군 범서읍 사연리,20010301,,3,
3171025922,울산광역시 울주군 범서읍 천상리,20010301,,3,
3171025923,울산광역시 울주군 범서읍 입암리,20010301,,3,
3171025924,울산광역시 울주군 범서읍 굴화리,20010301,,3,
3171025925,울산광역시 울주군 범서읍 서사리,20010301,,3,
3171025926,울산광역시 울주군 범서읍 두산리,20010301,,3,
3171025927,울산광역시 울주군 범서읍 구영리,20010301,,3,
3171025928,울산광역시 울주군 범서읍 중리,20010301,,3,
3171025929,울산광역시 울주군 범서읍 망성리,20010301,,3,
3171025930,울산광역시 울주군 범서읍 척과리,20010301,,3,
3171026200,청량읍,20180401,,2,3171000000
3171026221,울산광역시 울주군 청량읍 덕하리,20180401,,3,
3171026222,울산광역시 울주군 청량읍 동천리,20180401,,3,
3171026223,울산광역시 울주군 청량읍 상남리,20180401,,3,
3171026224,울산광역시 울주군 청량읍 개곡리,20180401,,3,
3171026225,울산광역시 울주군 청량읍 중리,20180401,,3,
3171026226,울산광역시 울주군 청량읍 문죽리,20180401,,3,
3171026227,울산광역시 울주군 청량읍 삼정리,20180401,,3,
3171026228,울산광역시 울주군 청량읍 율리,20180401,,3,
3171026229,울산광역시 울주군 청량읍 용암리,20180401,,3,
3171026500,삼남읍,20201101,,2,3171000000
3171026521,울산광역시 울주군 삼남읍 교동리,20201101,,3,
3171026522,울산광역시 울주군 삼남읍 상천리,20201101,,3,
3171026523,울산광역시 울주군 삼남읍 신화리,20201101,,3,
3171026524,울산광역시 울주군 삼남읍 방기리,20201101,,3,
3171026525,울산광역시 울주군 삼남읍 가천리,20201101,,3,
3171031000,서생면,19970715,,2,3171000000
3171031021,울산광역시 울주군 서생면 신암리,19970715,,3,
3171031022,울산광역시 울주군 서생면 명산리,19970715,,3,
3171031023,울산광역시 울주군 서생면 나사리,19970715,,3,
3171031024,울산광역시 울주군 서생면 화산리,19970715,,3,
3171031025,울산광역시 울주군 서생면 대송리,19970715,,3,
3171031026,울산광역시 울주군 서생면 용리,19970715,,3,
3171031027,울산광역시 울주군 서생면 서생리,19970715,,3,
3171031028,울산광역시 울주군 서생면 진하리,19970715,,3,
3171031029,울산광역시 울주군 서생면 화정리,19970715,,3,
3171031030,울산광역시 울주군 서생면 위양리,19970715,,3,
3171034000,웅촌면,19970715,,2,3171000000
3171034021,울산광역시 울주군 웅촌면 초천리,19970715,,3,
3171034022,울산광역시 울주군 웅촌면 석천리,19970715,,3,
3171034023,울산광역시 울주군 웅촌면 곡천리,19970715,,3,
3171034024,울산광역시 울주군 웅촌면 검단리,19970715,,3,
3171034025,울산광역시 울주군 웅촌면 은현리,19970715,,3,
3171034026,울산광역시 울주군 웅촌면 고연리,19970715,,3,
3171034027,울산광역시 울주군 웅촌면 대대리,19970715,,3,
3171034028,울산광역시 울주군 웅촌면 통천리,19970715,,3,
3171034029,울산광역시 울주군 웅촌면 대복리,19970715,,3,
3171036000,두동면,19970715,,2,3171000000
3171036021,울산광역시 울주군 두동면 만화리,19970715,,3,
3171036022,울산광역시 울주군 두동면 구미리,19970715,,3,
3171036023,울산광역시 울주군 두동면 월평리,19970715,,3,
3171036024,울산광역시 울주군 두동면 삼정리,19970715,,3,
3171036025,울산광역시 울주군 두동면 이전리,19970715,,3,
3171036026,울산광역시 울주군 두동면 봉계리,19970715,,3,
3171036027,울산광역시 울주군 두동면 천전리,19970715,,3,
3171036028,울산광역시 울주군 두동면 은편리,19970715,,3,
3171037000,두서면,19970715,,2,3171000000
3171037021,울산광역시 울주군 두서면 차리,19970715,,3,
3171037022,울산광역시 울주군 두서면 구량리,19970715,,3,
3171037023,울산광역시 울주군 두서면 복안리,19970715,,3,
3171037024,울산광역시 울주군 두서면 미호리,19970715,,3,
3171037025,울산광역시 울주군 두서면 활천리,19970715,,3,
3171037026,울산광역시 울주군 두서면 내와리,19970715,,3,
3171037027,울산광역시 울주군 두서면 전읍리,19970715,,3,
3171037028,울산광역시 울주군 두서면 인보리,19970715,,3,
3171037029,울산광역시 울주군 두서면 서하리,19970715,,3,
3171038000,상북면,19970715,,2,3171000000
3171038021,울산광역시 울주군 상북면 지내리,19970715,,3,
3171038022,울산광역시 울주군 상북면 양등리,19970715,,3,
3171038023,울산광역시 울주군 상북면 산전리,19970715,,3,
3171038024,울산광역시 울주군 상북면 길천리,19970715,,3,
3171038025,울산광역시 울주군 상북면 이천리,19970715,,3,
3171038026,울산광역시 울주군 상북면 덕현리,19970715,,3,
3171038027,울산광역시 울주군 상북면 명촌리,19970715,,3,
3171038028,울산광역시 울주군 상북면 천전리,19970715,,3,
3171038029,울산광역시 울주군 상북면 거리,19970715,,3,
3171038030,울산광역시 울주군 상북면 궁근정리,19970715,,3,
3171038032,울산광역시 울주군 상북면 향산리,19970715,,3,
3171038033,울산광역시 울주군 상북면 소호리,19970715,,3,
3171038034,울산광역시 울주군 상북면 등억알프스리,20150514,,3,
3171040000,삼동면,19970715,,2,3171000000
3171040021,울산광역시 울주군 삼동면 둔기리,19970715,,3,
3171040022,울산광역시 울주군 삼동면 조일리,19970715,,3,
3171040023,울산광역시 울주군 삼동면 출강리,19970715,,3,
3171040024,울산광역시 울주군 삼동면 작동리,19970715,,3,
3171040025,울산광역시 울주군 삼동면 보은리,19970715,,3,
3171040026,울산광역시 울주군 삼동면 하잠리,19970715,,3,
3171040027,울산광역시 울주군 삼동면 금곡리,19970715,,3,
3600000000,세종특별자치시,20120701,,0,
3611000000,세종특별자치시,20120701,,0,
3611010100,반곡동,20120701,,2,3611000000
3611010200,소담동,20120701,,2,3611000000
3611010300,보람동,20120701,,2,3611000000
3611010400,대평동,20120701,,2,3611000000
3611010500,가람동,20120701,,2,3611000000
3611010600,한솔동,20120701,,2,3611000000
3611010700,나성동,20120701,,2,3611000000
3611010800,새롬동,20120701,,2,3611000000
3611010900,다정동,20120701,,2,3611000000
3611011000,어진동,20120701,,2,3611000000
3611011100,종촌동,20120701,,2,3611000000
3611011200,고운동,20120701,,2,3611000000
3611011300,아름동,20120701,,2,3611000000
3611011400,도담동,20120701,,2,3611000000
3611011500,산울동,20200715,,2,3611000000
3611011600,해밀동,20200715,,2,3611000000
3611011700,합강동,20200715,,2,3611000000
3611011800,집현동,20200715,,2,3611000000
3611011900,세종동,20220701,,2,3611000000
3611012000,누리동,20220701,,2,3611000000
3611012100,한별동,20220701,,2,3611000000
3611012200,다솜동,20220701,,2,3611000000
3611012300,용호동,20220701,,2,3611000000
3611025000,조치원읍,20120701,,2,3611000000
3611025021,세종특별자치시 조치원읍 원리,20120701,,3,
3611025022,세종특별자치시 조치원읍 상리,20120701,,3,
3611025023,세종특별자치시 조치원읍 평리,20120701,,3,
3611025024,세종특별자치시 조치원읍 교리,20120701,,3,
3611025025,세종특별자치시 조치원읍 정리,20120701,,3,
3611025026,세종특별자치시 조치원읍 명리,20120701,,3,
3611025027,세종특별자치시 조치원읍 남리,20120701,,3,
3611025028,세종특별자치시 조치원읍 침산리,20120701,,3,
3611025029,세종특별자치시 조치원읍 신흥리,20120701,,3,
3611025030,세종특별자치시 조치원읍 죽림리,20120701,,3,
3611025031,세종특별자치시 조치원읍 번암리,20120701,,3,
3611025032,세종특별자치시 조치원읍 신안리,20120701,,3,
3611025033,세종특별자치시 조치원읍 봉산리,20120701,,3,
3611025034,세종특별자치시 조치원읍 서창리,20120701,,3,
3611031000,연기면,20120701,,2,3611000000
3611031021,세종특별자치시 연기면 연기리,20120701,,3,
3611031022,세종특별자치시 연기면 보통리,20120701,,3,
3611031023,세종특별자치시 연기면 눌왕리,20120701,,3,
3611031024,세종특별자치시 연기면 수산리,20120701,,3,
3611032000,연동면,20120701,,2,3611000000
3611032021,세종특별자치시 연동면 내판리,20120701,,3,
3611032022,세종특별자치시 연동면 문주리,20120701,,3,
3611032023,세종특별자치시 연동면 명학리,20120701,,3,
3611032024,세종특별자치시 연동면 응암리,20120701,,3,
3611032025,세종특별자치시 연동면 노송리,20120701,,3,
3611032026,세종특별자치시 연동면 예양리,20120701,,3,
3611032027,세종특별자치시 연동면 송용리,20120701,,3,
3611032028,세종특별자치시 연동면 합강리,20120701,,3,
3611033000,부강면,20120701,,2,3611000000
3611033021,세종특별자치시 부강면 부강리,20120701,,3,
3611033022,세종특별자치시 부강면 행산리,20120701,,3,
3611033023,세종특별자치시 부강면 산수리,20120701,,3,
3611033024,세종특별자치시 부강면 갈산리,20120701,,3,
3611033025,세종특별자치시 부강면 문곡리,20120701,,3,
3611033026,세종특별자치시 부강면 등곡리,20120701,,3,
3611033027,세종특별자치시 부강면 노호리,20120701,,3,
3611033028,세종특별자치시 부강면 금호리,20120701,,3,
3611034000,금남면,20120701,,2,3611000000
3611034021,세종특별자치시 금남면 용포리,20120701,,3,
3611034022,세종특별자치시 금남면 발산리,20120701,,3,
3611034023,세종특별자치시 금남면 감성리,20120701,,3,
3611034024,세종특별자치시 금남면 두만리,20120701,,3,
3611034025,세종특별자치시 금남면 용담리,20120701,,3,
3611034026,세종특별자치시 금남면 축산리,20120701,,3,
3611034027,세종특별자치시 금남면 금천리,20120701,,3,
3611034028,세종특별자치시 금남면 영치리,20120701,,3,
3611034029,세종특별자치시 금남면 남곡리,20120701,,3,
3611034030,세종특별자치시 금남면 황용리,20120701,,3,
3611034031,세종특별자치시 금남면 영대리,20120701,,3,
3611034032,세종특별자치시 금남면 달전리,20120701,,3,
3611034033,세종특별자치시 금남면 박산리,20120701,,3,
3611034034,세종특별자치시 금남면 대박리,20120701,,3,
3611034035,세종특별자치시 금남면 부용리,20120701,,3,
3611034036,세종특별자치시 금남면 장재리,20120701,,3,
3611034037,세종특별자치시 금남면 호탄리,20120701,,3,
3611034038,세종특별자치시 금남면 신촌리,20120701,,3,
3611034039,세종특별자치시 금남면 도암리,20120701,,3,
3611034040,세종특별자치시 금남면 성덕리,20120701,,3,
3611034041,세종특별자치시 금남면 영곡리,20120701,,3,
3611034042,세종특별자치시 금남면 성강리,20120701,,3,
3611034043,세종특별자치시 금남면 봉암리,20120701,,3,
3611034044,세종특별자치시 금남면 국곡리,20120701,,3,
3611034045,세종특별자치시 금남면 원봉리,20120701,,3,
3611034046,세종특별자치시 금남면 도남리,20120701,,3,
3611035000,장군면,20120701,,2,3611000000
3611035021,세종특별자치시 장군면 도계리,20120701,,3,
3611035022,세종특별자치시 장군면 평기리,20120701,,3,
3611035023,세종특별자치시 장군면 대교리,20120701,,3,
3611035024,세종특별자치시 장군면 봉안리,20120701,,3,
3611035025,세종특별자치시 장군면 금암리,20120701,,3,
3611035026,세종특별자치시 장군면 하봉리,20120701,,3,
3611035027,세종특별자치시 장군면 은용리,20120701,,3,
3611035028,세종특별자치시 장군면 산학리,20120701,,3,
3611035029,세종특별자치시 장군면 송문리,20120701,,3,
3611035030,세종특별자치시 장군면 송정리,20120701,,3,
3611035031,세종특별자치시 장군면 송학리,20120701,,3,
3611035032,세종특별자치시 장군면 용현리,20120701,,3,
3611035033,세종특별자치시 장군면 용암리,20120701,,3,
3611035034,세종특별자치시 장군면 태산리,20120701,,3,
3611036000,연서면,20120701,,2,3611000000
3611036021,세종특별자치시 연서면 월하리,20120701,,3,
3611036022,세종특별자치시 연서면 쌍전리,20120701,,3,
3611036023,세종특별자치시 연서면 성제리,20120701,,3,
3611036024,세종특별자치시 연서면 고복리,20120701,,3,
3611036025,세종특별자치시 연서면 용암리,20120701,,3,
3611036026,세종특별자치시 연서면 쌍류리,20120701,,3,
3611036027,세종특별자치시 연서면 청라리,20120701,,3,
3611036028,세종특별자치시 연서면 기룡리,20120701,,3,
3611036029,세종특별자치시 연서면 신대리,20120701,,3,
3611036030,세종특별자치시 연서면 국촌리,20120701,,3,
3611036031,세종특별자치시 연서면 와촌리,20120701,,3,
3611036032,세종특별자치시 연서면 부동리,20120701,,3,
3611036033,세종특별자치시 연서면 봉암리,20120701,,3,
3611037000,전의면,20120701,,2,3611000000
3611037021,세종특별자치시 전의면 읍내리,20120701,,3,
3611037022,세종특별자치시 전의면 동교리,20120701,,3,
3611037023,세종특별자치시 전의면 서정리,20120701,,3,
3611037024,세종특별자치시 전의면 원성리,20120701,,3,
3611037025,세종특별자치시 전의면 신흥리,20120701,,3,
3611037026,세종특별자치시 전의면 유천리,20120701,,3,
3611037027,세종특별자치시 전의면 관정리,20120701,,3,
3611037028,세종특별자치시 전의면 신정리,20120701,,3,
3611037029,세종특별자치시 전의면 노곡리,20120701,,3,
3611037030,세종특별자치시 전의면 신방리,20120701,,3,
3611037031,세종특별자치시 전의면 영당리,20120701,,3,
3611037032,세종특별자치시 전의면 양곡리,20120701,,3,
3611037033,세종특별자치시 전의면 달전리,20120701,,3,
3611037034,세종특별자치시 전의면 금사리,20120701,,3,
3611037035,세종특별자치시 전의면 다방리,20120701,,3,
3611038000,전동면,20120701,,2,3611000000
3611038021,세종특별자치시 전동면 노장리,20120701,,3,
3611038022,세종특별자치시 전동면 봉대리,20120701,,3,
3611038023,세종특별자치시 전동면 청송리,20120701,,3,
3611038024,세종특별자치시 전동면 석곡리,20120701,,3,
3611038025,세종특별자치시 전동면 보덕리,20120701,,3,
3611038026,세종특별자치시 전동면 송곡리,20120701,,3,
3611038027,세종특별자치시 전동면 송정리,20120701,,3,
3611038028,세종특별자치시 전동면 청람리,20120701,,3,
3611038029,세종특별자치시 전동면 미곡리,20120701,,3,
3611038030,세종특별자치시 전동면 송성리,20120701,,3,
3611038031,세종특별자치시 전동면 심중리,20120701,,3,
3611039000,소정면,20120701,,2,3611000000
3611039021,세종특별자치시 소정면 소정리,20120701,,3,
3611039022,세종특별자치시 소정면 운당리,20120701,,3,
3611039023,세종특별자치시 소정면 대곡리,20120701,,3,
3611039024,세종특별자치시 소정면 고등리,20120701,,3,
4100000000,경기도,19880423,,0,
4110500000,북부출장소,19880423,,0,
4111000000,수원시,19880423,,1,4100000000
4111100000,수원시 장안구,19880701,,1,4100000000
4111112900,파장동,20031124,,2,4111100000
4111113000,정자동,20031124,,2,4111100000
4111113100,이목동,20031124,,2,4111100000
4111113200,율전동,20031124,,2,4111100000
4111113300,천천동,20031124,,2,4111100000
4111113400,영화동,20031124,,2,4111100000
4111113500,송죽동,20031124,,2,4111100000
4111113600,조원동,20031124,,2,4111100000
4111113700,연무동,20031124,,2,4111100000
4111113800,상광교동,20031124,,2,4111100000
4111113900,하광교동,20031124,,2,4111100000
4111300000,수원시 권선구,19880701,,1,4100000000
4111312600,세류동,20031124,,2,4111300000
4111312700,평동,20031124,,2,4111300000
4111312800,고색동,20031124,,2,4111300000
4111312900,오목천동,20031124,,2,4111300000
4111313000,평리동,20031124,,2,4111300000
4111313100,서둔동,20031124,,2,4111300000
4111313200,구운동,20031124,,2,4111300000
4111313300,탑동,20031124,,2,4111300000
4111313400,금곡동,20031124,,2,4111300000
4111313500,호매실동,20031124,,2,4111300000
4111313600,곡반정동,20031124,,2,4111300000
4111313700,권선동,20031124,,2,4111300000
4111313800,장지동,20031124,,2,4111300000
4111313900,대황교동,20031124,,2,4111300000
4111314000,입북동,20031124,,2,4111300000
4111314100,당수동,20031124,,2,4111300000
4111500000,수원시 팔달구,19930115,,1,4100000000
4111512000,팔달로1가,20031124,,2,4111500000
4111512100,팔달로2가,20031124,,2,4111500000
4111512200,팔달로3가,20031124,,2,4111500000
4111512300,남창동,20031124,,2,4111500000
4111512400,영동,20031124,,2,4111500000
4111512500,중동,20031124,,2,4111500000
4111512600,구천동,20031124,,2,4111500000
4111512700,남수동,20031124,,2,4111500000
4111512800,매향동,20031124,,2,4111500000
4111512900,북수동,20031124,,2,4111500000
4111513000,신풍동,20031124,,2,4111500000
4111513100,장안동,20031124,,2,4111500000
4111513200,교동,20031124,,2,4111500000
4111513300,매교동,20031124,,2,4111500000
4111513400,매산로1가,20031124,,2,4111500000
4111513500,매산로2가,20031124,,2,4111500000
4111513600,매산로3가,20031124,,2,4111500000
4111513700,고등동,20031124,,2,4111500000
4111513800,화서동,20031124,,2,4111500000
4111513900,지동,20031124,,2,4111500000
4111514000,우만동,20031124,,2,4111500000
4111514100,인계동,20031124,,2,4111500000
4111700000,수원시 영통구,20031124,,1,4100000000
4111710100,매탄동,20031124,,2,4111700000
4111710200,원천동,20031124,,2,4111700000
4111710300,이의동,20031124,,2,4111700000
4111710400,하동,20031124,,2,4111700000
4111710500,영통동,20031124,,2,4111700000
4111710600,신동,20031124,,2,4111700000
4111710700,망포동,20031124,,2,4111700000
4113000000,성남시,19880423,,1,4100000000
4113100000,성남시 수정구,19890501,,1,4100000000
4113110100,신흥동,19890501,,2,4113100000
4113110200,태평동,19890501,,2,4113100000
4113110300,수진동,19890501,,2,4113100000
4113110400,단대동,19890501,,2,4113100000
4113110500,산성동,19890501,,2,4113100000
4113110600,양지동,19890501,,2,4113100000
4113110700,복정동,19890101,,2,4113100000
4113110800,창곡동,19890101,,2,4113100000
4113110900,신촌동,19890501,,2,4113100000
4113111000,오야동,19890501,,2,4113100000
4113111100,심곡동,19890501,,2,4113100000
4113111200,고등동,19890501,,2,4113100000
4113111300,상적동,19890501,,2,4113100000
4113111400,둔전동,19890501,,2,4113100000
4113111500,시흥동,19890501,,2,4113100000
4113111600,금토동,19890501,,2,4113100000
4113111700,사송동,19890501,,2,4113100000
4113300000,성남시 중원구,19890501,,1,4100000000
4113310100,성남동,19890501,,2,4113300000
4113310300,금광동,19890501,,2,4113300000
4113310400,은행동,19890501,,2,4113300000
4113310500,상대원동,19890501,,2,4113300000
4113310600,여수동,19890101,,2,4113300000
4113310700,도촌동,19890101,,2,4113300000
4113310800,갈현동,19890101,,2,4113300000
4113310900,하대원동,19890101,,2,4113300000
4113313200,중앙동,20111107,,2,4113300000
4113500000,성남시 분당구,19910916,,1,4100000000
4113510100,분당동,19910916,,2,4113500000
4113510200,수내동,19930527,,2,4113500000
4113510300,정자동,19950307,,2,4113500000
4113510400,율동,19930115,,2,4113500000
4113510500,서현동,19920604,,2,4113500000
4113510600,이매동,19910916,,2,4113500000
4113510700,야탑동,19930527,,2,4113500000
4113510800,판교동,19910916,,2,4113500000
4113510900,삼평동,19930115,,2,4113500000
4113511000,백현동,19930115,,2,4113500000
4113511100,금곡동,19910916,,2,4113500000
4113511200,궁내동,19910916,,2,4113500000
4113511300,동원동,19910916,,2,4113500000
4113511400,구미동,19910916,,2,4113500000
4113511500,운중동,19910916,,2,4113500000
4113511600,대장동,19910916,,2,4113500000
4113511700,석운동,19910916,,2,4113500000
4113511800,하산운동,19910916,,2,4113500000
4115000000,의정부시,19880423,,1,4100000000
4115010100,의정부동,19880423,,2,4115000000
4115010200,호원동,19920801,,2,4115000000
4115010300,장암동,19940701,,2,4115000000
4115010400,신곡동,19950302,,2,4115000000
4115010500,용현동,19880423,,2,4115000000
4115010600,민락동,19880423,,2,4115000000
4115010700,낙양동,19880423,,2,4115000000
4115010800,자일동,19880423,,2,4115000000
4115010900,금오동,19880423,,2,4115000000
4115011000,가능동,19981019,,2,4115000000
4115011100,녹양동,19880423,,2,4115000000
4115011200,고산동,19880423,,2,4115000000
4115011300,산곡동,19880423,,2,4115000000
4117000000,안양시,19880423,,1,4100000000
4117100000,안양시 만안구,19921001,,1,4100000000
4117110100,안양동,19921001,,2,4117100000
4117110200,석수동,19921001,,2,4117100000
4117110300,박달동,19940701,,2,4117100000
4117300000,안양시 동안구,19921001,,1,4100000000
4117310100,비산동,19921001,,2,4117300000
4117310200,관양동,19921001,,2,4117300000
4117310300,평촌동,19921001,,2,4117300000
4117310400,호계동,19921001,,2,4117300000
4119000000,부천시,19880423,,1,4100000000
4119200000,부천시 원미구,20240101,,1,4100000000
4119210100,원미동,20240101,,2,4119200000
4119210200,심곡동,20240101,,2,4119200000
4119210300,춘의동,20240101,,2,4119200000
4119210400,도당동,20240101,,2,4119200000
4119210500,약대동,20240101,,2,4119200000
4119210600,소사동,20240101,,2,4119200000
4119210700,역곡동,20240101,,2,4119200000
4119210800,중동,20240101,,2,4119200000
4119210900,상동,20240101,,2,4119200000
4119400000,부천시 소사구,20240101,,1,4100000000
4119410100,소사본동,20240101,,2,4119400000
4119410200,심곡본동,20240101,,2,4119400000
4119410300,범박동,20240101,,2,4119400000
4119410400,괴안동,20240101,,2,4119400000
4119410500,송내동,20240101,,2,4119400000
4119410600,옥길동,20240101,,2,4119400000
4119410700,계수동,20240101,,2,4119400000
4119600000,부천시 오정구,20240101,,1,4100000000
4119610100,오정동,20240101,,2,4119600000
4119610200,여월동,20240101,,2,4119600000
4119610300,작동,20240101,,2,4119600000
4119610400,원종동,20240101,,2,4119600000
4119610500,고강동,20240101,,2,4119600000
4119610600,대장동,20240101,,2,4119600000
4119610700,삼정동,20240101,,2,4119600000
4119610800,내동,20240101,,2,4119600000
4121000000,광명시,19880423,,1,4100000000
4121010100,광명동,19880423,,2,4121000000
4121010200,철산동,19880423,,2,4121000000
4121010300,하안동,19900520,,2,4121000000
4121010400,소하동,19880423,,2,4121000000
4121010500,노온사동,19880423,,2,4121000000
4121010600,일직동,19880423,,2,4121000000
4121010700,가학동,19880423,,2,4121000000
4121010800,옥길동,19880423,,2,4121000000
4122000000,평택시,19950510,,1,4100000000
4122010100,서정동,19950510,,2,4122000000
4122010200,장당동,19950510,,2,4122000000
4122010300,모곡동,19960419,,2,4122000000
4122010400,칠괴동,19960419,,2,4122000000
4122010500,칠원동,19981001,,2,4122000000
4122010600,도일동,19981001,,2,4122000000
4122010700,가재동,19960419,,2,4122000000
4122010800,장안동,19960419,,2,4122000000
4122010900,이충동,19950510,,2,4122000000
4122011000,지산동,19950510,,2,4122000000
4122011100,독곡동,19950510,,2,4122000000
4122011200,신장동,19950510,,2,4122000000
4122011300,평택동,19950510,,2,4122000000
4122011400,통복동,19950510,,2,4122000000
4122011500,군문동,19950510,,2,4122000000
4122011600,유천동,19950510,,2,4122000000
4122011700,합정동,19950510,,2,4122000000
4122011800,비전동,19950510,,2,4122000000
4122011900,동삭동,19950510,,2,4122000000
4122012000,세교동,19950510,,2,4122000000
4122012100,지제동,19950510,,2,4122000000
4122012200,신대동,19950510,,2,4122000000
4122012300,소사동,19950510,,2,4122000000
4122012400,용이동,19950510,,2,4122000000
4122012500,월곡동,19950510,,2,4122000000
4122012600,청룡동,19950510,,2,4122000000
4122012700,죽백동,19950510,,2,4122000000
4122012800,고덕동,20211117,,2,4122000000
4122025000,팽성읍,19950510,,2,4122000000
4122025021,경기도 평택시 팽성읍 객사리,19950510,,3,
4122025022,경기도 평택시 팽성읍 남산리,19950510,,3,
4122025023,경기도 평택시 팽성읍 추팔리,19950510,,3,
4122025024,경기도 평택시 팽성읍 노와리,19950510,,3,
4122025025,경기도 평택시 팽성읍 평궁리,19950510,,3,
4122025026,경기도 평택시 팽성읍 신궁리,19950510,,3,
4122025027,경기도 평택시 팽성읍 두리,19950510,,3,
4122025028,경기도 평택시 팽성읍 신호리,19950510,,3,
4122025029,경기도 평택시 팽성읍 근내리,19950510,,3,
4122025030,경기도 평택시 팽성읍 석봉리,19950510,,3,
4122025031,경기도 평택시 팽성읍 원정리,19950510,,3,
4122025032,경기도 평택시 팽성읍 도두리,19950510,,3,
4122025033,경기도 평택시 팽성읍 함정리,19950510,,3,
4122025034,경기도 평택시 팽성읍 신대리,19950510,,3,
4122025035,경기도 평택시 팽성읍 본정리,19950510,,3,
4122025036,경기도 평택시 팽성읍 노양리,19950510,,3,
4122025037,경기도 평택시 팽성읍 노성리,19950510,,3,
4122025038,경기도 평택시 팽성읍 두정리,19950510,,3,
4122025039,경기도 평택시 팽성읍 석근리,19950510,,3,
4122025040,경기도 평택시 팽성읍 대사리,19950510,,3,
4122025041,경기도 평택시 팽성읍 안정리,19950510,,3,
4122025042,경기도 평택시 팽성읍 동창리,19950510,,3,
4122025043,경기도 평택시 팽성읍 내리,19950510,,3,
4122025044,경기도 평택시 팽성읍 대추리,19950510,,3,
4122025045,경기도 평택시 팽성읍 송화리,19950510,,3,
4122025300,안중읍,20021105,,2,4122000000
4122025321,경기도 평택시 안중읍 안중리,20021105,,3,
4122025322,경기도 평택시 안중읍 학현리,20021105,,3,
4122025323,경기도 평택시 안중읍 금곡리,20021105,,3,
4122025324,경기도 평택시 안중읍 대반리,20021105,,3,
4122025325,경기도 평택시 안중읍 삼정리,20021105,,3,
4122025326,경기도 평택시 안중읍 용성리,20021105,,3,
4122025327,경기도 평택시 안중읍 덕우리,20021105,,3,
4122025328,경기도 평택시 안중읍 성해리,20021105,,3,
4122025329,경기도 평택시 안중읍 송담리,20021105,,3,
4122025330,경기도 평택시 안중읍 현화리,20021105,,3,
4122025600,포승읍,20061229,,2,4122000000
4122025621,경기도 평택시 포승읍 내기리,20061229,,3,
4122025622,경기도 평택시 포승읍 도곡리,20061229,,3,
4122025623,경기도 평택시 포승읍 원정리,20061229,,3,
4122025624,경기도 평택시 포승읍 만호리,20061229,,3,
4122025625,경기도 평택시 포승읍 희곡리,20061229,,3,
4122025626,경기도 평택시 포승읍 신영리,20061229,,3,
4122025627,경기도 평택시 포승읍 방림리,20061229,,3,
4122025628,경기도 평택시 포승읍 석정리,20061229,,3,
4122025629,경기도 평택시 포승읍 홍원리,20061229,,3,
4122025900,청북읍,20160728,,2,4122000000
4122025921,경기도 평택시 청북읍 현곡리,20160728,,3,
4122025922,경기도 평택시 청북읍 삼계리,20160728,,3,
4122025923,경기도 평택시 청북읍 고잔리,20160728,,3,
4122025924,경기도 평택시 청북읍 옥길리,20160728,,3,
4122025925,경기도 평택시 청북읍 후사리,20160728,,3,
4122025926,경기도 평택시 청북읍 토진리,20160728,,3,
4122025927,경기도 평택시 청북읍 백봉리,20160728,,3,
4122025928,경기도 평택시 청북읍 어연리,20160728,,3,
4122025929,경기도 평택시 청북읍 율북리,20160728,,3,
4122025930,경기도 평택시 청북읍 한산리,20160728,,3,
4122025931,경기도 평택시 청북읍 어소리,20160728,,3,
4122025932,경기도 평택시 청북읍 고렴리,20160728,,3,
4122031000,진위면,19950510,,2,4122000000
4122031021,경기도 평택시 진위면 봉남리,19950510,,3,
4122031022,경기도 평택시 진위면 마산리,19950510,,3,
4122031023,경기도 평택시 진위면 은산리,19950510,,3,
4122031024,경기도 평택시 진위면 동천리,19950510,,3,
4122031025,경기도 평택시 진위면 고현리,19950510,,3,
4122031026,경기도 평택시 진위면 청호리,19950510,,3,
4122031027,경기도 평택시 진위면 갈곶리,19950510,,3,
4122031028,경기도 평택시 진위면 야막리,19950510,,3,
4122031029,경기도 평택시 진위면 가곡리,19950510,,3,
4122031030,경기도 평택시 진위면 견산리,19950510,,3,
4122031031,경기도 평택시 진위면 하북리,19950510,,3,
4122031032,경기도 평택시 진위면 신리,19950510,,3,
4122032000,서탄면,19950510,,2,4122000000
4122032021,경기도 평택시 서탄면 금암리,19950510,,3,
4122032022,경기도 평택시 서탄면 사리,19950510,,3,
4122032023,경기도 평택시 서탄면 수월암리,19950510,,3,
4122032024,경기도 평택시 서탄면 내천리,19950510,,3,
4122032025,경기도 평택시 서탄면 마두리,19950510,,3,
4122032026,경기도 평택시 서탄면 회화리,19950510,,3,
4122032027,경기도 평택시 서탄면 적봉리,19950510,,3,
4122032028,경기도 평택시 서탄면 장등리,19950510,,3,
4122032029,경기도 평택시 서탄면 금각리,19950510,,3,
4122032030,경기도 평택시 서탄면 황구지리,19950510,,3,
4122033000,고덕면,19950510,,2,4122000000
4122033021,경기도 평택시 고덕면 당현리,19950510,,3,
4122033022,경기도 평택시 고덕면 두릉리,19950510,,3,
4122033023,경기도 평택시 고덕면 문곡리,19950510,,3,
4122033024,경기도 평택시 고덕면 동청리,19950510,,3,
4122033025,경기도 평택시 고덕면 해창리,19950510,,3,
4122033026,경기도 평택시 고덕면 궁리,19950510,,3,
4122033027,경기도 평택시 고덕면 동고리,19950510,,3,
4122033028,경기도 평택시 고덕면 방축리,19950510,,3,
4122033029,경기도 평택시 고덕면 여염리,19950510,,3,
4122033031,경기도 평택시 고덕면 좌교리,19950510,,3,
4122034000,오성면,19950510,,2,4122000000
4122034021,경기도 평택시 오성면 숙성리,19950510,,3,
4122034022,경기도 평택시 오성면 교포리,19950510,,3,
4122034023,경기도 평택시 오성면 신리,19950510,,3,
4122034024,경기도 평택시 오성면 안화리,19950510,,3,
4122034025,경기도 평택시 오성면 양교리,19950510,,3,
4122034026,경기도 평택시 오성면 죽리,19950510,,3,
4122034027,경기도 평택시 오성면 길음리,19950510,,3,
4122034028,경기도 평택시 오성면 당거리,19950510,,3,
4122034029,경기도 평택시 오성면 창내리,19950510,,3,
4122037000,현덕면,19950510,,2,4122000000
4122037021,경기도 평택시 현덕면 도대리,19950510,,3,
4122037022,경기도 평택시 현덕면 운정리,19950510,,3,
4122037023,경기도 평택시 현덕면 화양리,19950510,,3,
4122037024,경기도 평택시 현덕면 황산리,19950510,,3,
4122037025,경기도 평택시 현덕면 인광리,19950510,,3,
4122037026,경기도 평택시 현덕면 덕목리,19950510,,3,
4122037027,경기도 평택시 현덕면 신왕리,19950510,,3,
4122037028,경기도 평택시 현덕면 대안리,19950510,,3,
4122037029,경기도 평택시 현덕면 기산리,19950510,,3,
4122037030,경기도 평택시 현덕면 권관리,19950510,,3,
4122037031,경기도 평택시 현덕면 장수리,19950510,,3,
4122037032,경기도 평택시 현덕면 방축리,19950510,,3,
4125000000,동두천시,19880423,,1,4100000000
4125010100,송내동,19981130,,2,4125000000
4125010200,지행동,19981130,,2,4125000000
4125010300,생연동,19981130,,2,4125000000
4125010400,광암동,19981130,,2,4125000000
4125010500,걸산동,19880423,,2,4125000000
4125010600,보산동,19880423,,2,4125000000
4125010700,동두천동,19981130,,2,4125000000
4125010800,안흥동,19981130,,2,4125000000
4125010900,상봉암동,19880423,,2,4125000000
4125011000,하봉암동,19880423,,2,4125000000
4125011100,탑동동,19981130,,2,4125000000
4125011200,상패동,19880423,,2,4125000000
4127000000,안산시,19880423,,1,4100000000
4127100000,안산시 상록구,20021101,,1,4100000000
4127110100,일동,20021101,,2,4127100000
4127110200,이동,20021101,,2,4127100000
4127110300,사동,20021101,,2,4127100000
4127110400,본오동,20021101,,2,4127100000
4127110500,팔곡이동,20021101,,2,4127100000
4127110600,양상동,20021101,,2,4127100000
4127110700,부곡동,20021101,,2,4127100000
4127110800,성포동,20021101,,2,4127100000
4127110900,월피동,20021101,,2,4127100000
4127111000,팔곡일동,20021101,,2,4127100000
4127111100,건건동,20021101,,2,4127100000
4127111200,사사동,20021101,,2,4127100000
4127111300,수암동,20021101,,2,4127100000
4127111400,장상동,20021101,,2,4127100000
4127111500,장하동,20021101,,2,4127100000
4127300000,안산시 단원구,20021101,,1,4100000000
4127310100,고잔동,20021101,,2,4127300000
4127310200,와동,20021101,,2,4127300000
4127310300,신길동,20021101,,2,4127300000
4127310400,성곡동,20021101,,2,4127300000
4127310500,원시동,20021101,,2,4127300000
4127310600,목내동,20021101,,2,4127300000
4127310700,초지동,20021101,,2,4127300000
4127310800,원곡동,20021101,,2,4127300000
4127310900,선부동,20021101,,2,4127300000
4127311000,대부동동,20021101,,2,4127300000
4127311100,대부북동,20021101,,2,4127300000
4127311200,대부남동,20021101,,2,4127300000
4127311300,선감동,20021101,,2,4127300000
4127311400,풍도동,20021101,,2,4127300000
4127311500,화정동,20021101,,2,4127300000
4128000000,고양시,19920504,,1,4100000000
4128100000,고양시 덕양구,19960301,,1,4100000000
4128110100,주교동,19960301,,2,4128100000
4128110200,원당동,19960301,,2,4128100000
4128110300,신원동,19960301,,2,4128100000
4128110400,원흥동,19960301,,2,4128100000
4128110500,도내동,19960301,,2,4128100000
4128110600,성사동,19960301,,2,4128100000
4128110700,북한동,19960301,,2,4128100000
4128110800,효자동,19960301,,2,4128100000
4128110900,지축동,19960301,,2,4128100000
4128111000,오금동,19960301,,2,4128100000
4128111100,삼송동,19960301,,2,4128100000
4128111200,동산동,19960301,,2,4128100000
4128111300,용두동,19960301,,2,4128100000
4128111400,벽제동,19960301,,2,4128100000
4128111500,선유동,19960301,,2,4128100000
4128111600,고양동,19960301,,2,4128100000
4128111700,대자동,19960301,,2,4128100000
4128111800,관산동,19960301,,2,4128100000
4128111900,내유동,19960301,,2,4128100000
4128112000,토당동,19960301,,2,4128100000
4128112100,내곡동,19960301,,2,4128100000
4128112200,대장동,19960301,,2,4128100000
4128112300,화정동,19961021,,2,4128100000
4128112400,강매동,19960301,,2,4128100000
4128112500,행주내동,19960301,,2,4128100000
4128112600,행주외동,19960301,,2,4128100000
4128112700,신평동,19960301,,2,4128100000
4128112800,행신동,19960301,,2,4128100000
4128112900,화전동,19960301,,2,4128100000
4128113000,현천동,19960301,,2,4128100000
4128113100,덕은동,19960301,,2,4128100000
4128113200,향동동,19960301,,2,4128100000
4128500000,고양시 일산동구,20050516,,1,4100000000
4128510100,식사동,20050516,,2,4128500000
4128510200,중산동,20050516,,2,4128500000
4128510300,정발산동,20050516,,2,4128500000
4128510400,장항동,20050516,,2,4128500000
4128510500,마두동,20050516,,2,4128500000
4128510600,백석동,20050516,,2,4128500000
4128510700,풍동,20050516,,2,4128500000
4128510800,산황동,20050516,,2,4128500000
4128510900,사리현동,20050516,,2,4128500000
4128511000,지영동,20050516,,2,4128500000
4128511100,설문동,20050516,,2,4128500000
4128511200,문봉동,20050516,,2,4128500000
4128511300,성석동,20050516,,2,4128500000
4128700000,고양시 일산서구,20050516,,1,4100000000
4128710100,일산동,20050516,,2,4128700000
4128710200,주엽동,20050516,,2,4128700000
4128710300,탄현동,20050516,,2,4128700000
4128710400,대화동,20050516,,2,4128700000
4128710500,덕이동,20050516,,2,4128700000
4128710600,가좌동,20050516,,2,4128700000
4128710700,구산동,20050516,,2,4128700000
4128710800,법곳동,20050516,,2,4128700000
4129000000,과천시,19880423,,1,4100000000
4129010100,관문동,19880423,,2,4129000000
4129010200,문원동,19930115,,2,4129000000
4129010300,갈현동,19880423,,2,4129000000
4129010400,막계동,19880423,,2,4129000000
4129010500,과천동,19880423,,2,4129000000
4129010600,주암동,19880423,,2,4129000000
4129010700,중앙동,19880423,,2,4129000000
4129010800,원문동,19880423,,2,4129000000
4129010900,별양동,19880423,,2,4129000000
4129011000,부림동,19880423,,2,4129000000
4131000000,구리시,19880423,,1,4100000000
4131010100,갈매동,19880423,,2,4131000000
4131010200,사노동,19880423,,2,4131000000
4131010300,인창동,19880423,,2,4131000000
4131010400,교문동,19880423,,2,4131000000
4131010500,수택동,19960108,,2,4131000000
4131010600,아천동,19950302,,2,4131000000
4131010700,토평동,19960108,,2,4131000000
4136000000,남양주시,19950101,,1,4100000000
4136010100,호평동,19950101,,2,4136000000
4136010200,평내동,19950101,,2,4136000000
4136010300,금곡동,19950101,,2,4136000000
4136010400,일패동,19950101,,2,4136000000
4136010500,이패동,19950101,,2,4136000000
4136010600,삼패동,19950101,,2,4136000000
4136010800,수석동,19950101,,2,4136000000
4136010900,지금동,19950101,,2,4136000000
4136011000,도농동,19950101,,2,4136000000
4136011100,별내동,20120102,,2,4136000000
4136011200,다산동,20171218,,2,4136000000
4136025000,와부읍,19950101,,2,4136000000
4136025021,경기도 남양주시 와부읍 덕소리,19950101,,3,
4136025022,경기도 남양주시 와부읍 도곡리,19950101,,3,
4136025023,경기도 남양주시 와부읍 팔당리,19950101,,3,
4136025024,경기도 남양주시 와부읍 월문리,19950101,,3,
4136025025,경기도 남양주시 와부읍 율석리,19950101,,3,
4136025300,진접읍,19950101,,2,4136000000
4136025321,경기도 남양주시 진접읍 장현리,19950101,,3,
4136025322,경기도 남양주시 진접읍 내각리,19950101,,3,
4136025323,경기도 남양주시 진접읍 내곡리,19950101,,3,
4136025324,경기도 남양주시 진접읍 연평리,19950101,,3,
4136025325,경기도 남양주시 진접읍 부평리,19950101,,3,
4136025326,경기도 남양주시 진접읍 팔야리,19950101,,3,
4136025327,경기도 남양주시 진접읍 진벌리,19950101,,3,
4136025328,경기도 남양주시 진접읍 금곡리,19950101,,3,
4136025600,화도읍,19950101,,2,4136000000
4136025621,경기도 남양주시 화도읍 마석우리,19950101,,3,
4136025622,경기도 남양주시 화도읍 묵현리,19950101,,3,
4136025623,경기도 남양주시 화도읍 가곡리,19950101,,3,
4136025624,경기도 남양주시 화도읍 구암리,19950101,,3,
4136025625,경기도 남양주시 화도읍 금남리,19950101,,3,
4136025626,경기도 남양주시 화도읍 답내리,19950101,,3,
4136025627,경기도 남양주시 화도읍 월산리,19950101,,3,
4136025628,경기도 남양주시 화도읍 창현리,19950101,,3,
4136025629,경기도 남양주시 화도읍 녹촌리,19950101,,3,
4136025630,경기도 남양주시 화도읍 차산리,19950101,,3,
4136025900,진건읍,20010912,,2,4136000000
4136025921,경기도 남양주시 진건읍 사능리,20010912,,3,
4136025922,경기도 남양주시 진건읍 배양리,20010912,,3,
4136025923,경기도 남양주시 진건읍 진관리,20010912,,3,
4136025924,경기도 남양주시 진건읍 신월리,20010912,,3,
4136025925,경기도 남양주시 진건읍 용정리,20010912,,3,
4136025926,경기도 남양주시 진건읍 송능리,20010912,,3,
4136026200,오남읍,20010912,,2,4136000000
4136026221,경기도 남양주시 오남읍 양지리,20010912,,3,
4136026222,경기도 남양주시 오남읍 팔현리,20010912,,3,
4136026223,경기도 남양주시 오남읍 오남리,20010912,,3,
4136026500,퇴계원읍,20191021,,2,4136000000
4136026521,경기도 남양주시 퇴계원읍 퇴계원리,20191021,,3,
4136031000,별내면,19950101,,2,4136000000
4136031021,경기도 남양주시 별내면 청학리,19950101,,3,
4136031022,경기도 남양주시 별내면 용암리,19950101,,3,
4136031023,경기도 남양주시 별내면 광전리,19950101,,3,
4136034000,수동면,19950101,,2,4136000000
4136034021,경기도 남양주시 수동면 운수리,19950101,,3,
4136034022,경기도 남양주시 수동면 지둔리,19950101,,3,
4136034023,경기도 남양주시 수동면 수산리,19950101,,3,
4136034024,경기도 남양주시 수동면 내방리,19950101,,3,
4136034025,경기도 남양주시 수동면 외방리,19950101,,3,
4136034026,경기도 남양주시 수동면 입석리,19950101,,3,
4136034027,경기도 남양주시 수동면 송천리,19950101,,3,
4136036000,조안면,19950101,,2,4136000000
4136036021,경기도 남양주시 조안면 능내리,19950101,,3,
4136036022,경기도 남양주시 조안면 조안리,19950101,,3,
4136036023,경기도 남양주시 조안면 진중리,19950101,,3,
4136036024,경기도 남양주시 조안면 송촌리,19950101,,3,
4136036025,경기도 남양주시 조안면 삼봉리,19950101,,3,
4136036026,경기도 남양주시 조안면 시우리,19950101,,3,
4137000000,오산시,19890101,,1,4100000000
4137010100,오산동,19890101,,2,4137000000
4137010200,부산동,19890101,,2,4137000000
4137010300,원동,19910907,,2,4137000000
4137010400,궐동,19890101,,2,4137000000
4137010500,청학동,19890101,,2,4137000000
4137010600,가장동,19890101,,2,4137000000
4137010700,금암동,19890101,,2,4137000000
4137010800,수청동,19890101,,2,4137000000
4137010900,은계동,19950113,,2,4137000000
4137011000,내삼미동,19890101,,2,4137000000
4137011100,외삼미동,19890101,,2,4137000000
4137011200,양산동,19890101,,2,4137000000
4137011300,세교동,19890101,,2,4137000000
4137011400,지곶동,19890101,,2,4137000000
4137011500,서랑동,19890101,,2,4137000000
4137011600,서동,19890101,,2,4137000000
4137011700,벌음동,19890101,,2,4137000000
4137011800,두곡동,19890101,,2,4137000000
4137011900,탑동,19890101,,2,4137000000
4137012000,누읍동,19980420,,2,4137000000
4137012100,가수동,19890101,,2,4137000000
4137012200,고현동,19950420,,2,4137000000
4137012300,청호동,19950420,,2,4137000000
4137012400,갈곶동,19980420,,2,4137000000
4139000000,시흥시,19890101,,1,4100000000
4139010100,대야동,19890101,,2,4139000000
4139010200,신천동,19890101,,2,4139000000
4139010300,방산동,19920801,,2,4139000000
4139010400,포동,19920801,,2,4139000000
4139010500,미산동,19920801,,2,4139000000
4139010600,은행동,19890101,,2,4139000000
4139010700,안현동,19890101,,2,4139000000
4139010800,매화동,19890101,,2,4139000000
4139010900,도창동,19890101,,2,4139000000
4139011000,금이동,19890101,,2,4139000000
4139011200,과림동,19920801,,2,4139000000
4139011300,계수동,19890101,,2,4139000000
4139011700,화정동,19910907,,2,4139000000
4139011800,능곡동,19910907,,2,4139000000
4139011900,하중동,19910907,,2,4139000000
4139012000,하상동,19910907,,2,4139000000
4139012100,광석동,19910907,,2,4139000000
4139012200,물왕동,19890101,,2,4139000000
4139012300,산현동,19890101,,2,4139000000
4139012400,조남동,19890101,,2,4139000000
4139012500,논곡동,19890101,,2,4139000000
4139012600,목감동,19890101,,2,4139000000
4139012700,거모동,19940701,,2,4139000000
4139012800,군자동,19940701,,2,4139000000
4139012900,장현동,19910907,,2,4139000000
4139013000,장곡동,19910907,,2,4139000000
4139013100,월곶동,19940701,,2,4139000000
4139013200,정왕동,19890101,,2,4139000000
4139013300,죽율동,19890101,,2,4139000000
4139013400,무지내동,19960301,,2,4139000000
4139013500,배곧동,20210705,,2,4139000000
4141000000,군포시,19890101,,1,4100000000
4141010100,당동,19890101,,2,4141000000
4141010200,당정동,19980930,,2,4141000000
4141010300,부곡동,19890101,,2,4141000000
4141010400,산본동,19890101,,2,4141000000
4141010500,금정동,19890101,,2,4141000000
4141010600,둔대동,19941226,,2,4141000000
4141010700,속달동,19941226,,2,4141000000
4141010800,대야미동,19941226,,2,4141000000
4141010900,도마교동,19941226,,2,4141000000
4143000000,의왕시,19890101,,1,4100000000
4143010100,고천동,19890101,,2,4143000000
4143010200,이동,19890101,,2,4143000000
4143010300,삼동,19890101,,2,4143000000
4143010400,왕곡동,19890101,,2,4143000000
4143010500,오전동,19890101,,2,4143000000
4143010600,학의동,19890101,,2,4143000000
4143010700,내손동,19890101,,2,4143000000
4143010800,청계동,19890101,,2,4143000000
4143010900,포일동,19890101,,2,4143000000
4143011000,월암동,19890101,,2,4143000000
4143011100,초평동,19890101,,2,4143000000
4145000000,하남시,19890101,,1,4100000000
4145010100,천현동,19890101,,2,4145000000
4145010200,하산곡동,19890101,,2,4145000000
4145010300,창우동,19890101,,2,4145000000
4145010400,배알미동,19890101,,2,4145000000
4145010500,상산곡동,19890101,,2,4145000000
4145010600,신장동,19890101,,2,4145000000
4145010700,당정동,19890101,,2,4145000000
4145010800,덕풍동,19890101,,2,4145000000
4145010900,망월동,19890101,,2,4145000000
4145011000,풍산동,19890101,,2,4145000000
4145011100,미사동,19890101,,2,4145000000
4145011200,선동,19890101,,2,4145000000
4145011300,감북동,19890101,,2,4145000000
4145011400,감일동,19890101,,2,4145000000
4145011500,감이동,19890101,,2,4145000000
4145011600,학암동,19890101,,2,4145000000
4145011700,교산동,19890101,,2,4145000000
4145011800,춘궁동,19890101,,2,4145000000
4145011900,하사창동,19890101,,2,4145000000
4145012000,상사창동,19890101,,2,4145000000
4145012100,항동,19890101,,2,4145000000
4145012200,초일동,19890101,,2,4145000000
4145012300,초이동,19890101,,2,4145000000
4145012400,광암동,19920416,,2,4145000000
4146000000,용인시,19960301,,1,4100000000
4146100000,용인시 처인구,20051031,,1,4100000000
4146110100,김량장동,20051031,,2,4146100000
4146110200,역북동,20051031,,2,4146100000
4146110300,삼가동,20051031,,2,4146100000
4146110400,남동,20051031,,2,4146100000
4146110500,유방동,20051031,,2,4146100000
4146110600,고림동,20051031,,2,4146100000
4146110700,마평동,20051031,,2,4146100000
4146110800,운학동,20051031,,2,4146100000
4146110900,호동,20051031,,2,4146100000
4146111000,해곡동,20051031,,2,4146100000
4146125000,포곡읍,20051031,,2,4146100000
4146125021,경기도 용인시 처인구 포곡읍 삼계리,20051031,,3,
4146125022,경기도 용인시 처인구 포곡읍 금어리,20051031,,3,
4146125023,경기도 용인시 처인구 포곡읍 둔전리,20051031,,3,
4146125024,경기도 용인시 처인구 포곡읍 영문리,20051031,,3,
4146125025,경기도 용인시 처인구 포곡읍 마성리,20051031,,3,
4146125026,경기도 용인시 처인구 포곡읍 가실리,20051031,,3,
4146125027,경기도 용인시 처인구 포곡읍 전대리,20051031,,3,
4146125028,경기도 용인시 처인구 포곡읍 유운리,20051031,,3,
4146125029,경기도 용인시 처인구 포곡읍 신원리,20051031,,3,
4146125300,모현읍,20171211,,2,4146100000
4146125321,경기도 용인시 처인구 모현읍 왕산리,20171211,,3,
4146125322,경기도 용인시 처인구 모현읍 갈담리,20171211,,3,
4146125323,경기도 용인시 처인구 모현읍 초부리,20171211,,3,
4146125324,경기도 용인시 처인구 모현읍 일산리,20171211,,3,
4146125325,경기도 용인시 처인구 모현읍 매산리,20171211,,3,
4146125326,경기도 용인시 처인구 모현읍 동림리,20171211,,3,
4146125327,경기도 용인시 처인구 모현읍 능원리,20171211,,3,
4146125328,경기도 용인시 처인구 모현읍 오산리,20171211,,3,
4146125600,이동읍,20171211,,2,4146100000
4146125621,경기도 용인시 처인구 이동읍 송전리,20171211,,3,
4146125622,경기도 용인시 처인구 이동읍 어비리,20171211,,3,
4146125623,경기도 용인시 처인구 이동읍 묘봉리,20171211,,3,
4146125624,경기도 용인시 처인구 이동읍 화산리,20171211,,3,
4146125625,경기도 용인시 처인구 이동읍 시미리,20171211,,3,
4146125626,경기도 용인시 처인구 이동읍 덕성리,20171211,,3,
4146125627,경기도 용인시 처인구 이동읍 묵리,20171211,,3,
4146125628,경기도 용인시 처인구 이동읍 천리,20171211,,3,
4146125629,경기도 용인시 처인구 이동읍 서리,20171211,,3,
4146125900,남사읍,20210219,,2,4146100000
4146125921,경기도 용인시 처인구 남사읍 봉무리,20210219,,3,
4146125922,경기도 용인시 처인구 남사읍 북리,20210219,,3,
4146125923,경기도 용인시 처인구 남사읍 통삼리,20210219,,3,
4146125924,경기도 용인시 처인구 남사읍 봉명리,20210219,,3,
4146125925,경기도 용인시 처인구 남사읍 진목리,20210219,,3,
4146125926,경기도 용인시 처인구 남사읍 원암리,20210219,,3,
4146125927,경기도 용인시 처인구 남사읍 전궁리,20210219,,3,
4146125928,경기도 용인시 처인구 남사읍 방아리,20210219,,3,
4146125929,경기도 용인시 처인구 남사읍 창리,20210219,,3,
4146125930,경기도 용인시 처인구 남사읍 아곡리,20210219,,3,
4146125931,경기도 용인시 처인구 남사읍 완장리,20210219,,3,
4146134000,원삼면,20051031,,2,4146100000
4146134021,경기도 용인시 처인구 원삼면 고당리,20051031,,3,
4146134022,경기도 용인시 처인구 원삼면 사암리,20051031,,3,
4146134023,경기도 용인시 처인구 원삼면 좌항리,20051031,,3,
4146134024,경기도 용인시 처인구 원삼면 맹리,20051031,,3,
4146134025,경기도 용인시 처인구 원삼면 미평리,20051031,,3,
4146134026,경기도 용인시 처인구 원삼면 두창리,20051031,,3,
4146134027,경기도 용인시 처인구 원삼면 독성리,20051031,,3,
4146134028,경기도 용인시 처인구 원삼면 죽능리,20051031,,3,
4146134029,경기도 용인시 처인구 원삼면 목신리,20051031,,3,
4146134030,경기도 용인시 처인구 원삼면 학일리,20051031,,3,
4146134031,경기도 용인시 처인구 원삼면 문촌리,20051031,,3,
4146134032,경기도 용인시 처인구 원삼면 가재월리,20051031,,3,
4146135000,백암면,20051031,,2,4146100000
4146135021,경기도 용인시 처인구 백암면 백암리,20051031,,3,
4146135022,경기도 용인시 처인구 백암면 박곡리,20051031,,3,
4146135023,경기도 용인시 처인구 백암면 백봉리,20051031,,3,
4146135024,경기도 용인시 처인구 백암면 고안리,20051031,,3,
4146135025,경기도 용인시 처인구 백암면 옥산리,20051031,,3,
4146135026,경기도 용인시 처인구 백암면 장평리,20051031,,3,
4146135027,경기도 용인시 처인구 백암면 석천리,20051031,,3,
4146135028,경기도 용인시 처인구 백암면 용천리,20051031,,3,
4146135029,경기도 용인시 처인구 백암면 근삼리,20051031,,3,
4146135030,경기도 용인시 처인구 백암면 근창리,20051031,,3,
4146135031,경기도 용인시 처인구 백암면 근곡리,20051031,,3,
4146135032,경기도 용인시 처인구 백암면 가창리,20051031,,3,
4146135033,경기도 용인시 처인구 백암면 가좌리,20051031,,3,
4146136000,양지면,20051031,,2,4146100000
4146136021,경기도 용인시 처인구 양지면 양지리,20051031,,3,
4146136022,경기도 용인시 처인구 양지면 남곡리,20051031,,3,
4146136023,경기도 용인시 처인구 양지면 평창리,20051031,,3,
4146136024,경기도 용인시 처인구 양지면 제일리,20051031,,3,
4146136025,경기도 용인시 처인구 양지면 추계리,20051031,,3,
4146136026,경기도 용인시 처인구 양지면 식금리,20051031,,3,
4146136027,경기도 용인시 처인구 양지면 정수리,20051031,,3,
4146136028,경기도 용인시 처인구 양지면 대대리,20051031,,3,
4146136029,경기도 용인시 처인구 양지면 주북리,20051031,,3,
4146136030,경기도 용인시 처인구 양지면 송문리,20051031,,3,
4146300000,용인시 기흥구,20051031,,1,4100000000
4146310100,신갈동,20051031,,2,4146300000
4146310200,구갈동,20051031,,2,4146300000
4146310300,상갈동,20051031,,2,4146300000
4146310400,하갈동,20051031,,2,4146300000
4146310500,보라동,20051031,,2,4146300000
4146310600,지곡동,20051031,,2,4146300000
4146310700,공세동,20051031,,2,4146300000
4146310800,고매동,20051031,,2,4146300000
4146310900,농서동,20051031,,2,4146300000
4146311000,서천동,20051031,,2,4146300000
4146311100,영덕동,20051031,,2,4146300000
4146311200,언남동,20051031,,2,4146300000
4146311300,마북동,20051031,,2,4146300000
4146311400,청덕동,20051031,,2,4146300000
4146311500,동백동,20051031,,2,4146300000
4146311600,중동,20051031,,2,4146300000
4146311700,상하동,20051031,,2,4146300000
4146311800,보정동,20051031,,2,4146300000
4146500000,용인시 수지구,20051031,,1,4100000000
4146510100,풍덕천동,20051031,,2,4146500000
4146510200,죽전동,20051031,,2,4146500000
4146510300,동천동,20051031,,2,4146500000
4146510400,고기동,20051031,,2,4146500000
4146510500,신봉동,20051031,,2,4146500000
4146510600,성복동,20051031,,2,4146500000
4146510700,상현동,20051031,,2,4146500000
4148000000,파주시,19960301,,1,4100000000
4148010100,금촌동,19960301,,2,4148000000
4148010200,아동동,19960301,,2,4148000000
4148010400,야동동,19960301,,2,4148000000
4148010500,검산동,19960301,,2,4148000000
4148010600,맥금동,19960301,,2,4148000000
4148010700,교하동,20110725,,2,4148000000
4148010800,야당동,20110725,,2,4148000000
4148010900,다율동,20110725,,2,4148000000
4148011000,오도동,20110725,,2,4148000000
4148011100,상지석동,20110725,,2,4148000000
4148011200,산남동,20110725,,2,4148000000
4148011300,동패동,20110725,,2,4148000000
4148011400,당하동,20110725,,2,4148000000
4148011500,문발동,20110725,,2,4148000000
4148011600,송촌동,20110725,,2,4148000000
4148011700,목동동,20110725,,2,4148000000
4148011800,하지석동,20110725,,2,4148000000
4148011900,서패동,20110725,,2,4148000000
4148012000,신촌동,20110725,,2,4148000000
4148012100,연다산동,20110725,,2,4148000000
4148012200,와동동,20110725,,2,4148000000
4148012300,금릉동,20130222,,2,4148000000
4148025000,문산읍,19960301,,2,4148000000
4148025021,경기도 파주시 문산읍 문산리,19960301,,3,
4148025022,경기도 파주시 문산읍 당동리,19960301,,3,
4148025023,경기도 파주시 문산읍 선유리,19960301,,3,
4148025024,경기도 파주시 문산읍 임진리,19960301,,3,
4148025025,경기도 파주시 문산읍 운천리,19960301,,3,
4148025026,경기도 파주시 문산읍 사목리,19960301,,3,
4148025027,경기도 파주시 문산읍 마정리,19960301,,3,
4148025028,경기도 파주시 문산읍 장산리,19960301,,3,
4148025029,경기도 파주시 문산읍 내포리,19960301,,3,
4148025030,경기도 파주시 문산읍 이천리,19960301,,3,
4148025300,파주읍,19960301,,2,4148000000
4148025321,경기도 파주시 파주읍 봉서리,19960301,,3,
4148025322,경기도 파주시 파주읍 향양리,19960301,,3,
4148025323,경기도 파주시 파주읍 부곡리,19960301,,3,
4148025324,경기도 파주시 파주읍 봉암리,19960301,,3,
4148025325,경기도 파주시 파주읍 백석리,19960301,,3,
4148025326,경기도 파주시 파주읍 파주리,19960301,,3,
4148025327,경기도 파주시 파주읍 연풍리,19960301,,3,
4148025600,법원읍,19960301,,2,4148000000
4148025621,경기도 파주시 법원읍 오현리,19960301,,3,
4148025622,경기도 파주시 법원읍 법원리,19960301,,3,
4148025623,경기도 파주시 법원읍 가야리,19960301,,3,
4148025624,경기도 파주시 법원읍 동문리,19960301,,3,
4148025625,경기도 파주시 법원읍 대능리,19960301,,3,
4148025626,경기도 파주시 법원읍 삼방리,19960301,,3,
4148025627,경기도 파주시 법원읍 갈곡리,19960301,,3,
4148025628,경기도 파주시 법원읍 직천리,19960301,,3,
4148025629,경기도 파주시 법원읍 웅담리,19960301,,3,
4148025630,경기도 파주시 법원읍 금곡리,19960301,,3,
4148026200,조리읍,20020401,,2,4148000000
4148026221,경기도 파주시 조리읍 봉일천리,20020401,,3,
4148026222,경기도 파주시 조리읍 뇌조리,20020401,,3,
4148026223,경기도 파주시 조리읍 등원리,20020401,,3,
4148026224,경기도 파주시 조리읍 장곡리,20020401,,3,
4148026225,경기도 파주시 조리읍 오산리,20020401,,3,
4148026226,경기도 파주시 조리읍 능안리,20020401,,3,
4148026227,경기도 파주시 조리읍 대원리,20020401,,3,
4148031000,월롱면,19960301,,2,4148000000
4148031021,경기도 파주시 월롱면 위전리,19960301,,3,
4148031022,경기도 파주시 월롱면 도내리,19960301,,3,
4148031023,경기도 파주시 월롱면 덕은리,19960301,,3,
4148031024,경기도 파주시 월롱면 능산리,19960301,,3,
4148031025,경기도 파주시 월롱면 영태리,19960301,,3,
4148032000,탄현면,19960301,,2,4148000000
4148032021,경기도 파주시 탄현면 성동리,19960301,,3,
4148032022,경기도 파주시 탄현면 법흥리,19960301,,3,
4148032023,경기도 파주시 탄현면 갈현리,19960301,,3,
4148032024,경기도 파주시 탄현면 문지리,19960301,,3,
4148032025,경기도 파주시 탄현면 대동리,19960301,,3,
4148032026,경기도 파주시 탄현면 만우리,19960301,,3,
4148032027,경기도 파주시 탄현면 축현리,19960301,,3,
4148032028,경기도 파주시 탄현면 금승리,19960301,,3,
4148032029,경기도 파주시 탄현면 오금리,19960301,,3,
4148032030,경기도 파주시 탄현면 낙하리,19960301,,3,
4148032031,경기도 파주시 탄현면 금산리,19960301,,3,
4148035000,광탄면,19960301,,2,4148000000
4148035021,경기도 파주시 광탄면 분수리,19960301,,3,
4148035022,경기도 파주시 광탄면 방축리,19960301,,3,
4148035023,경기도 파주시 광탄면 마장리,19960301,,3,
4148035024,경기도 파주시 광탄면 발랑리,19960301,,3,
4148035025,경기도 파주시 광탄면 창만리,19960301,,3,
4148035026,경기도 파주시 광탄면 용미리,19960301,,3,
4148035027,경기도 파주시 광탄면 신산리,19960301,,3,
4148035028,경기도 파주시 광탄면 기산리,19960301,,3,
4148035029,경기도 파주시 광탄면 영장리,19960301,,3,
4148036000,파평면,19960301,,2,4148000000
4148036021,경기도 파주시 파평면 덕천리,19960301,,3,
4148036022,경기도 파주시 파평면 두포리,19960301,,3,
4148036023,경기도 파주시 파평면 마산리,19960301,,3,
4148036024,경기도 파주시 파평면 율곡리,19960301,,3,
4148036026,경기도 파주시 파평면 금파리,19960301,,3,
4148036027,경기도 파주시 파평면 장파리,19960301,,3,
4148036028,경기도 파주시 파평면 눌노리,20130222,,3,
4148037000,적성면,19960301,,2,4148000000
4148037021,경기도 파주시 적성면 어유지리,19960301,,3,
4148037022,경기도 파주시 적성면 장좌리,19960301,,3,
4148037023,경기도 파주시 적성면 장현리,19960301,,3,
4148037024,경기도 파주시 적성면 구읍리,19960301,,3,
4148037025,경기도 파주시 적성면 객현리,19960301,,3,
4148037026,경기도 파주시 적성면 가월리,19960301,,3,
4148037027,경기도 파주시 적성면 무건리,19960301,,3,
4148037028,경기도 파주시 적성면 율포리,19960301,,3,
4148037029,경기도 파주시 적성면 답곡리,19960301,,3,
4148037030,경기도 파주시 적성면 식현리,19960301,,3,
4148037031,경기도 파주시 적성면 주월리,19960301,,3,
4148037032,경기도 파주시 적성면 설마리,19960301,,3,
4148037033,경기도 파주시 적성면 적암리,19960301,,3,
4148037034,경기도 파주시 적성면 두지리,19960301,,3,
4148037035,경기도 파주시 적성면 마지리,19960301,,3,
4148037036,경기도 파주시 적성면 자장리,19960301,,3,
4148038000,군내면,19960301,,2,4148000000
4148038021,경기도 파주시 군내면 백연리,19960301,,3,
4148038022,경기도 파주시 군내면 정자리,19960301,,3,
4148038023,경기도 파주시 군내면 조산리,19960301,,3,
4148038024,경기도 파주시 군내면 읍내리,19960301,,3,
4148038025,경기도 파주시 군내면 송산리,19960301,,3,
4148038026,경기도 파주시 군내면 점원리,19960301,,3,
4148038027,경기도 파주시 군내면 방목리,19960301,,3,
4148039000,장단면,19960301,,2,4148000000
4148039021,경기도 파주시 장단면 노상리,19960301,,3,
4148039022,경기도 파주시 장단면 노하리,19960301,,3,
4148039023,경기도 파주시 장단면 거곡리,19960301,,3,
4148039024,경기도 파주시 장단면 도라산리,19960301,,3,
4148039025,경기도 파주시 장단면 석곶리,19960301,,3,
4148039026,경기도 파주시 장단면 강정리,19960301,,3,
4148039027,경기도 파주시 장단면 동장리,19960301,,3,
4148039028,경기도 파주시 장단면 정동리,19960301,,3,
4148039029,경기도 파주시 장단면 덕산리,20201218,,3,
4148040000,진동면,19960301,,2,4148000000
4148040021,경기도 파주시 진동면 동파리,19960301,,3,
4148040022,경기도 파주시 진동면 용산리,19960301,,3,
4148040023,경기도 파주시 진동면 하포리,19960301,,3,
4148040024,경기도 파주시 진동면 서곡리,19960301,,3,
4148040025,경기도 파주시 진동면 초리,19960301,,3,
4148041000,진서면,19960301,,2,4148000000
4148041022,경기도 파주시 진서면 어룡리,19960301,,3,
4148041023,경기도 파주시 진서면 금릉리,20130222,,3,
4148041024,경기도 파주시 진서면 선적리,20201218,,3,
4150000000,이천시,19960301,,1,4100000000
4150010100,창전동,19960301,,2,4150000000
4150010200,관고동,19960301,,2,4150000000
4150010300,중리동,19960301,,2,4150000000
4150010400,증일동,19960301,,2,4150000000
4150010500,율현동,19960301,,2,4150000000
4150010600,진리동,19960301,,2,4150000000
4150010700,안흥동,19960301,,2,4150000000
4150010800,갈산동,19960301,,2,4150000000
4150010900,증포동,19960301,,2,4150000000
4150011000,송정동,19960301,,2,4150000000
4150011100,사음동,19960301,,2,4150000000
4150011200,단월동,19960501,,2,4150000000
4150011300,대포동,19960501,,2,4150000000
4150011400,고담동,19960501,,2,4150000000
4150011500,장록동,19960501,,2,4150000000
4150025000,장호원읍,19960301,,2,4150000000
4150025021,경기도 이천시 장호원읍 장호원리,19960301,,3,
4150025022,경기도 이천시 장호원읍 오남리,19960301,,3,
4150025023,경기도 이천시 장호원읍 진암리,19960301,,3,
4150025024,경기도 이천시 장호원읍 어석리,19960301,,3,
4150025025,경기도 이천시 장호원읍 대서리,19960301,,3,
4150025026,경기도 이천시 장호원읍 송산리,19960301,,3,
4150025027,경기도 이천시 장호원읍 방추리,19960301,,3,
4150025028,경기도 이천시 장호원읍 선읍리,19960301,,3,
4150025029,경기도 이천시 장호원읍 이황리,19960301,,3,
4150025030,경기도 이천시 장호원읍 나래리,19960301,,3,
4150025031,경기도 이천시 장호원읍 와현리,19960301,,3,
4150025032,경기도 이천시 장호원읍 풍계리,19960301,,3,
4150025033,경기도 이천시 장호원읍 노탑리,19960301,,3,
4150025300,부발읍,19960301,,2,4150000000
4150025321,경기도 이천시 부발읍 무촌리,19960301,,3,
4150025322,경기도 이천시 부발읍 죽당리,19960301,,3,
4150025323,경기도 이천시 부발읍 신원리,19960301,,3,
4150025324,경기도 이천시 부발읍 고백리,19960301,,3,
4150025325,경기도 이천시 부발읍 대관리,19960301,,3,
4150025326,경기도 이천시 부발읍 마암리,19960301,,3,
4150025327,경기도 이천시 부발읍 산촌리,19960301,,3,
4150025328,경기도 이천시 부발읍 신하리,19960301,,3,
4150025329,경기도 이천시 부발읍 가좌리,19960301,,3,
4150025330,경기도 이천시 부발읍 아미리,19960301,,3,
4150025331,경기도 이천시 부발읍 수정리,19960301,,3,
4150025332,경기도 이천시 부발읍 송온리,19960301,,3,
4150025333,경기도 이천시 부발읍 가산리,19960301,,3,
4150025334,경기도 이천시 부발읍 응암리,19960301,,3,
4150031000,신둔면,19960301,,2,4150000000
4150031021,경기도 이천시 신둔면 수광리,19960301,,3,
4150031022,경기도 이천시 신둔면 남정리,19960301,,3,
4150031023,경기도 이천시 신둔면 지석리,19960301,,3,
4150031024,경기도 이천시 신둔면 장동리,19960301,,3,
4150031025,경기도 이천시 신둔면 도봉리,19960301,,3,
4150031026,경기도 이천시 신둔면 도암리,19960301,,3,
4150031027,경기도 이천시 신둔면 수하리,19960301,,3,
4150031028,경기도 이천시 신둔면 수남리,19960301,,3,
4150031029,경기도 이천시 신둔면 고척리,19960301,,3,
4150031030,경기도 이천시 신둔면 용면리,19960301,,3,
4150031031,경기도 이천시 신둔면 인후리,19960301,,3,
4150031032,경기도 이천시 신둔면 마교리,19960301,,3,
4150031033,경기도 이천시 신둔면 소정리,19960301,,3,
4150032000,백사면,19960301,,2,4150000000
4150032021,경기도 이천시 백사면 현방리,19960301,,3,
4150032022,경기도 이천시 백사면 경사리,19960301,,3,
4150032023,경기도 이천시 백사면 도립리,19960301,,3,
4150032024,경기도 이천시 백사면 송말리,19960301,,3,
4150032025,경기도 이천시 백사면 신대리,19960301,,3,
4150032026,경기도 이천시 백사면 모전리,19960301,,3,
4150032027,경기도 이천시 백사면 도지리,19960301,,3,
4150032028,경기도 이천시 백사면 조읍리,19960301,,3,
4150032029,경기도 이천시 백사면 우곡리,19960301,,3,
4150032030,경기도 이천시 백사면 내촌리,19960301,,3,
4150032031,경기도 이천시 백사면 상용리,19960301,,3,
4150032032,경기도 이천시 백사면 백우리,19960301,,3,
4150033000,호법면,19960301,,2,4150000000
4150033021,경기도 이천시 호법면 유산리,19960301,,3,
4150033022,경기도 이천시 호법면 안평리,19960301,,3,
4150033023,경기도 이천시 호법면 후안리,19960301,,3,
4150033024,경기도 이천시 호법면 단천리,19960301,,3,
4150033025,경기도 이천시 호법면 매곡리,19960301,,3,
4150033026,경기도 이천시 호법면 동산리,19960301,,3,
4150033027,경기도 이천시 호법면 주박리,19960301,,3,
4150033028,경기도 이천시 호법면 주미리,19960301,,3,
4150033029,경기도 이천시 호법면 송갈리,19960301,,3,
4150034000,마장면,19960301,,2,4150000000
4150034021,경기도 이천시 마장면 오천리,19960301,,3,
4150034022,경기도 이천시 마장면 양촌리,19960301,,3,
4150034023,경기도 이천시 마장면 관리,19960301,,3,
4150034024,경기도 이천시 마장면 회억리,19960301,,3,
4150034025,경기도 이천시 마장면 장암리,19960301,,3,
4150034026,경기도 이천시 마장면 목리,19960301,,3,
4150034027,경기도 이천시 마장면 표교리,19960301,,3,
4150034028,경기도 이천시 마장면 이치리,19960301,,3,
4150034029,경기도 이천시 마장면 각평리,19960301,,3,
4150034030,경기도 이천시 마장면 덕평리,19960301,,3,
4150034031,경기도 이천시 마장면 이평리,19960301,,3,
4150034032,경기도 이천시 마장면 해월리,19960301,,3,
4150034033,경기도 이천시 마장면 작촌리,19960301,,3,
4150035000,대월면,19960301,,2,4150000000
4150035025,경기도 이천시 대월면 초지리,19960301,,3,
4150035026,경기도 이천시 대월면 사동리,19960301,,3,
4150035027,경기도 이천시 대월면 대대리,19960301,,3,
4150035028,경기도 이천시 대월면 대흥리,19960301,,3,
4150035029,경기도 이천시 대월면 도리리,19960301,,3,
4150035030,경기도 이천시 대월면 구시리,19960301,,3,
4150035031,경기도 이천시 대월면 군량리,19960301,,3,
4150035032,경기도 이천시 대월면 송라리,19960301,,3,
4150035033,경기도 이천시 대월면 장평리,19960301,,3,
4150035034,경기도 이천시 대월면 부필리,19960301,,3,
4150036000,모가면,19960301,,2,4150000000
4150036021,경기도 이천시 모가면 진가리,19960301,,3,
4150036022,경기도 이천시 모가면 서경리,19960301,,3,
4150036023,경기도 이천시 모가면 산내리,19960301,,3,
4150036024,경기도 이천시 모가면 송곡리,19960301,,3,
4150036025,경기도 이천시 모가면 소사리,19960301,,3,
4150036026,경기도 이천시 모가면 양평리,19960301,,3,
4150036027,경기도 이천시 모가면 원두리,19960301,,3,
4150036028,경기도 이천시 모가면 소고리,19960301,,3,
4150036029,경기도 이천시 모가면 신갈리,19960301,,3,
4150036030,경기도 이천시 모가면 어농리,19960301,,3,
4150036031,경기도 이천시 모가면 두미리,19960301,,3,
4150037000,설성면,19960301,,2,4150000000
4150037021,경기도 이천시 설성면 금당리,19960301,,3,
4150037022,경기도 이천시 설성면 장능리,19960301,,3,
4150037023,경기도 이천시 설성면 행죽리,19960301,,3,
4150037024,경기도 이천시 설성면 제요리,19960301,,3,
4150037025,경기도 이천시 설성면 신필리,19960301,,3,
4150037026,경기도 이천시 설성면 장천리,19960301,,3,
4150037027,경기도 이천시 설성면 자석리,19960301,,3,
4150037028,경기도 이천시 설성면 암산리,19960301,,3,
4150037029,경기도 이천시 설성면 송계리,19960301,,3,
4150037030,경기도 이천시 설성면 상봉리,19960301,,3,
4150037031,경기도 이천시 설성면 수산리,19960301,,3,
4150037032,경기도 이천시 설성면 대죽리,19960301,,3,
4150038000,율면,19960301,,2,4150000000
4150038021,경기도 이천시 율면 고당리,19960301,,3,
4150038022,경기도 이천시 율면 신추리,19960301,,3,
4150038023,경기도 이천시 율면 본죽리,19960301,,3,
4150038024,경기도 이천시 율면 북두리,19960301,,3,
4150038025,경기도 이천시 율면 산양리,19960301,,3,
4150038026,경기도 이천시 율면 석산리,19960301,,3,
4150038027,경기도 이천시 율면 산성리,19960301,,3,
4150038028,경기도 이천시 율면 오성리,19960301,,3,
4150038029,경기도 이천시 율면 월포리,19960301,,3,
4150038030,경기도 이천시 율면 총곡리,19960301,,3,
4155000000,안성시,19980401,,1,4100000000
4155010100,봉산동,19980401,,2,4155000000
4155010200,숭인동,19980401,,2,4155000000
4155010300,영동,19980401,,2,4155000000
4155010400,봉남동,19980401,,2,4155000000
4155010500,구포동,19980401,,2,4155000000
4155010600,동본동,19980401,,2,4155000000
4155010700,명륜동,19980401,,2,4155000000
4155010800,옥천동,19980401,,2,4155000000
4155010900,낙원동,19980401,,2,4155000000
4155011000,창전동,19980401,,2,4155000000
4155011100,성남동,19980401,,2,4155000000
4155011200,신흥동,19980401,,2,4155000000
4155011300,인지동,19980401,,2,4155000000
4155011400,금산동,19980401,,2,4155000000
4155011500,연지동,19980401,,2,4155000000
4155011600,대천동,19980401,,2,4155000000
4155011700,서인동,19980401,,2,4155000000
4155011800,석정동,19980401,,2,4155000000
4155011900,아양동,19980401,,2,4155000000
4155012000,금석동,19980401,,2,4155000000
4155012100,계동,19980401,,2,4155000000
4155012200,옥산동,19980401,,2,4155000000
4155012300,사곡동,19980401,,2,4155000000
4155012400,도기동,19980401,,2,4155000000
4155012500,당왕동,19980401,,2,4155000000
4155012600,가사동,19980401,,2,4155000000
4155012700,가현동,19980401,,2,4155000000
4155012800,신건지동,19980401,,2,4155000000
4155012900,신소현동,19980401,,2,4155000000
4155013000,신모산동,19980401,,2,4155000000
4155013100,현수동,19980401,,2,4155000000
4155013200,발화동,19980401,,2,4155000000
4155013300,중리동,19980401,,2,4155000000
4155025000,공도읍,20010601,,2,4155000000
4155025021,경기도 안성시 공도읍 양기리,20010601,,3,
4155025022,경기도 안성시 공도읍 웅교리,20010601,,3,
4155025023,경기도 안성시 공도읍 신두리,20010601,,3,
4155025024,경기도 안성시 공도읍 중복리,20010601,,3,
4155025025,경기도 안성시 공도읍 용두리,20010601,,3,
4155025026,경기도 안성시 공도읍 승두리,20010601,,3,
4155025027,경기도 안성시 공도읍 건천리,20010601,,3,
4155025028,경기도 안성시 공도읍 불당리,20010601,,3,
4155025029,경기도 안성시 공도읍 만정리,20010601,,3,
4155025030,경기도 안성시 공도읍 마정리,20010601,,3,
4155025031,경기도 안성시 공도읍 진사리,20010601,,3,
4155031000,보개면,19980401,,2,4155000000
4155031021,경기도 안성시 보개면 적가리,19980401,,3,
4155031022,경기도 안성시 보개면 기좌리,19980401,,3,
4155031023,경기도 안성시 보개면 북좌리,19980401,,3,
4155031024,경기도 안성시 보개면 상삼리,19980401,,3,
4155031025,경기도 안성시 보개면 신장리,19980401,,3,
4155031026,경기도 안성시 보개면 양복리,19980401,,3,
4155031027,경기도 안성시 보개면 오두리,19980401,,3,
4155031028,경기도 안성시 보개면 이전리,19980401,,3,
4155031029,경기도 안성시 보개면 불현리,19980401,,3,
4155031030,경기도 안성시 보개면 내방리,19980401,,3,
4155031031,경기도 안성시 보개면 동신리,19980401,,3,
4155031032,경기도 안성시 보개면 곡천리,19980401,,3,
4155031033,경기도 안성시 보개면 복평리,19980401,,3,
4155031034,경기도 안성시 보개면 구사리,19980401,,3,
4155031035,경기도 안성시 보개면 가율리,19980401,,3,
4155031036,경기도 안성시 보개면 신안리,19980401,,3,
4155031037,경기도 안성시 보개면 동평리,19980401,,3,
4155031038,경기도 안성시 보개면 남풍리,19980401,,3,
4155031039,경기도 안성시 보개면 북가현리,19980401,,3,
4155032000,금광면,19980401,,2,4155000000
4155032021,경기도 안성시 금광면 내우리,19980401,,3,
4155032022,경기도 안성시 금광면 개산리,19980401,,3,
4155032023,경기도 안성시 금광면 장죽리,19980401,,3,
4155032024,경기도 안성시 금광면 상중리,19980401,,3,
4155032025,경기도 안성시 금광면 금광리,19980401,,3,
4155032026,경기도 안성시 금광면 현곡리,19980401,,3,
4155032027,경기도 안성시 금광면 삼흥리,19980401,,3,
4155032028,경기도 안성시 금광면 사흥리,19980401,,3,
4155032029,경기도 안성시 금광면 오흥리,19980401,,3,
4155032030,경기도 안성시 금광면 한운리,19980401,,3,
4155032031,경기도 안성시 금광면 오산리,19980401,,3,
4155032032,경기도 안성시 금광면 옥정리,19980401,,3,
4155032033,경기도 안성시 금광면 석하리,19980401,,3,
4155032034,경기도 안성시 금광면 신양복리,19980401,,3,
4155033000,서운면,19980401,,2,4155000000
4155033021,경기도 안성시 서운면 인리,19980401,,3,
4155033022,경기도 안성시 서운면 청용리,19980401,,3,
4155033023,경기도 안성시 서운면 송정리,19980401,,3,
4155033024,경기도 안성시 서운면 신촌리,19980401,,3,
4155033025,경기도 안성시 서운면 산평리,19980401,,3,
4155033026,경기도 안성시 서운면 현매리,19980401,,3,
4155033027,경기도 안성시 서운면 동촌리,19980401,,3,
4155033028,경기도 안성시 서운면 신흥리,19980401,,3,
4155033029,경기도 안성시 서운면 신능리,19980401,,3,
4155033030,경기도 안성시 서운면 신기리,19980401,,3,
4155033031,경기도 안성시 서운면 송산리,19980401,,3,
4155033032,경기도 안성시 서운면 오촌리,19980401,,3,
4155033033,경기도 안성시 서운면 양촌리,19980401,,3,
4155033034,경기도 안성시 서운면 북산리,19980401,,3,
4155034000,미양면,19980401,,2,4155000000
4155034021,경기도 안성시 미양면 구례리,19980401,,3,
4155034022,경기도 안성시 미양면 계륵리,19980401,,3,
4155034023,경기도 안성시 미양면 개정리,19980401,,3,
4155034024,경기도 안성시 미양면 신계리,19980401,,3,
4155034025,경기도 안성시 미양면 법전리,19980401,,3,
4155034026,경기도 안성시 미양면 용두리,19980401,,3,
4155034027,경기도 안성시 미양면 고지리,19980401,,3,
4155034028,경기도 안성시 미양면 정동리,19980401,,3,
4155034029,경기도 안성시 미양면 구수리,19980401,,3,
4155034030,경기도 안성시 미양면 진촌리,19980401,,3,
4155034031,경기도 안성시 미양면 갈전리,19980401,,3,
4155034032,경기도 안성시 미양면 양지리,19980401,,3,
4155034033,경기도 안성시 미양면 보체리,19980401,,3,
4155034034,경기도 안성시 미양면 신기리,19980401,,3,
4155034035,경기도 안성시 미양면 강덕리,19980401,,3,
4155034036,경기도 안성시 미양면 후평리,19980401,,3,
4155034037,경기도 안성시 미양면 마산리,19980401,,3,
4155034038,경기도 안성시 미양면 양변리,19980401,,3,
4155035000,대덕면,19980401,,2,4155000000
4155035021,경기도 안성시 대덕면 소현리,19980401,,3,
4155035022,경기도 안성시 대덕면 토현리,19980401,,3,
4155035023,경기도 안성시 대덕면 모산리,19980401,,3,
4155035024,경기도 안성시 대덕면 보동리,19980401,,3,
4155035025,경기도 안성시 대덕면 명당리,19980401,,3,
4155035026,경기도 안성시 대덕면 진현리,19980401,,3,
4155035027,경기도 안성시 대덕면 건지리,19980401,,3,
4155035028,경기도 안성시 대덕면 내리,19980401,,3,
4155035029,경기도 안성시 대덕면 대농리,19980401,,3,
4155035030,경기도 안성시 대덕면 죽리,19980401,,3,
4155035031,경기도 안성시 대덕면 신령리,19980401,,3,
4155035032,경기도 안성시 대덕면 무능리,19980401,,3,
4155035033,경기도 안성시 대덕면 소내리,19980401,,3,
4155035034,경기도 안성시 대덕면 삼한리,19980401,,3,
4155036000,양성면,19980401,,2,4155000000
4155036021,경기도 안성시 양성면 동항리,19980401,,3,
4155036022,경기도 안성시 양성면 구장리,19980401,,3,
4155036023,경기도 안성시 양성면 석화리,19980401,,3,
4155036024,경기도 안성시 양성면 추곡리,19980401,,3,
4155036025,경기도 안성시 양성면 조일리,19980401,,3,
4155036026,경기도 안성시 양성면 도곡리,19980401,,3,
4155036027,경기도 안성시 양성면 산정리,19980401,,3,
4155036028,경기도 안성시 양성면 이현리,19980401,,3,
4155036029,경기도 안성시 양성면 장서리,19980401,,3,
4155036030,경기도 안성시 양성면 난실리,19980401,,3,
4155036031,경기도 안성시 양성면 노곡리,19980401,,3,
4155036032,경기도 안성시 양성면 미산리,19980401,,3,
4155036033,경기도 안성시 양성면 방축리,19980401,,3,
4155036034,경기도 안성시 양성면 필산리,19980401,,3,
4155036035,경기도 안성시 양성면 덕봉리,19980401,,3,
4155036036,경기도 안성시 양성면 명목리,19980401,,3,
4155036037,경기도 안성시 양성면 삼암리,19980401,,3,
4155036038,경기도 안성시 양성면 방신리,19980401,,3,
4155038000,원곡면,19980401,,2,4155000000
4155038021,경기도 안성시 원곡면 성은리,19980401,,3,
4155038022,경기도 안성시 원곡면 칠곡리,19980401,,3,
4155038023,경기도 안성시 원곡면 지문리,19980401,,3,
4155038024,경기도 안성시 원곡면 산하리,19980401,,3,
4155038025,경기도 안성시 원곡면 내가천리,19980401,,3,
4155038026,경기도 안성시 원곡면 외가천리,19980401,,3,
4155038027,경기도 안성시 원곡면 반제리,19980401,,3,
4155038028,경기도 안성시 원곡면 성주리,19980401,,3,
4155039000,일죽면,19980401,,2,4155000000
4155039021,경기도 안성시 일죽면 월정리,19980401,,3,
4155039022,경기도 안성시 일죽면 주천리,19980401,,3,
4155039023,경기도 안성시 일죽면 죽림리,19980401,,3,
4155039024,경기도 안성시 일죽면 가리,19980401,,3,
4155039025,경기도 안성시 일죽면 산북리,19980401,,3,
4155039026,경기도 안성시 일죽면 당촌리,19980401,,3,
4155039027,경기도 안성시 일죽면 방초리,19980401,,3,
4155039028,경기도 안성시 일죽면 송천리,19980401,,3,
4155039029,경기도 안성시 일죽면 고은리,19980401,,3,
4155039030,경기도 안성시 일죽면 화곡리,19980401,,3,
4155039031,경기도 안성시 일죽면 능국리,19980401,,3,
4155039032,경기도 안성시 일죽면 신흥리,19980401,,3,
4155039033,경기도 안성시 일죽면 금산리,19980401,,3,
4155039034,경기도 안성시 일죽면 장암리,19980401,,3,
4155039035,경기도 안성시 일죽면 화봉리,19980401,,3,
4155040000,죽산면,19980401,,2,4155000000
4155040021,경기도 안성시 죽산면 죽산리,19980401,,3,
4155040022,경기도 안성시 죽산면 매산리,19980401,,3,
4155040023,경기도 안성시 죽산면 장원리,19980401,,3,
4155040024,경기도 안성시 죽산면 두현리,19980401,,3,
4155040025,경기도 안성시 죽산면 장능리,19980401,,3,
4155040026,경기도 안성시 죽산면 장계리,19980401,,3,
4155040027,경기도 안성시 죽산면 용설리,19980401,,3,
4155040028,경기도 안성시 죽산면 칠장리,19980401,,3,
4155040029,경기도 안성시 죽산면 당목리,19980401,,3,
4155040030,경기도 안성시 죽산면 두교리,19980401,,3,
4155041000,삼죽면,19980401,,2,4155000000
4155041021,경기도 안성시 삼죽면 내장리,19980401,,3,
4155041022,경기도 안성시 삼죽면 율곡리,19980401,,3,
4155041023,경기도 안성시 삼죽면 용월리,19980401,,3,
4155041024,경기도 안성시 삼죽면 덕산리,19980401,,3,
4155041025,경기도 안성시 삼죽면 배태리,19980401,,3,
4155041026,경기도 안성시 삼죽면 내강리,19980401,,3,
4155041027,경기도 안성시 삼죽면 진촌리,19980401,,3,
4155041028,경기도 안성시 삼죽면 미장리,19980401,,3,
4155041029,경기도 안성시 삼죽면 마전리,19980401,,3,
4155041030,경기도 안성시 삼죽면 기솔리,19980401,,3,
4155042000,고삼면,19980401,,2,4155000000
4155042021,경기도 안성시 고삼면 쌍지리,19980401,,3,
4155042022,경기도 안성시 고삼면 신창리,19980401,,3,
4155042023,경기도 안성시 고삼면 대갈리,19980401,,3,
4155042024,경기도 안성시 고삼면 가유리,19980401,,3,
4155042025,경기도 안성시 고삼면 삼은리,19980401,,3,
4155042026,경기도 안성시 고삼면 봉산리,19980401,,3,
4155042027,경기도 안성시 고삼면 월향리,19980401,,3,
4157000000,김포시,19980401,,1,4100000000
4157010100,북변동,19980401,,2,4157000000
4157010200,걸포동,19980401,,2,4157000000
4157010300,운양동,19980401,,2,4157000000
4157010400,장기동,19980401,,2,4157000000
4157010500,감정동,19980401,,2,4157000000
4157010600,사우동,19980401,,2,4157000000
4157010700,풍무동,19980401,,2,4157000000
4157010800,마산동,20090901,,2,4157000000
4157010900,구래동,20090901,,2,4157000000
4157025000,통진읍,20040101,,2,4157000000
4157025021,경기도 김포시 통진읍 도사리,20040101,,3,
4157025022,경기도 김포시 통진읍 마송리,20040101,,3,
4157025023,경기도 김포시 통진읍 서암리,20040101,,3,
4157025024,경기도 김포시 통진읍 수참리,20040101,,3,
4157025025,경기도 김포시 통진읍 가현리,20040101,,3,
4157025026,경기도 김포시 통진읍 동을산리,20040101,,3,
4157025027,경기도 김포시 통진읍 귀전리,20040101,,3,
4157025028,경기도 김포시 통진읍 고정리,20040101,,3,
4157025029,경기도 김포시 통진읍 옹정리,20040101,,3,
4157025300,고촌읍,20090901,,2,4157000000
4157025321,경기도 김포시 고촌읍 향산리,20090901,,3,
4157025322,경기도 김포시 고촌읍 풍곡리,20090901,,3,
4157025323,경기도 김포시 고촌읍 태리,20090901,,3,
4157025324,경기도 김포시 고촌읍 신곡리,20090901,,3,
4157025325,경기도 김포시 고촌읍 전호리,20090901,,3,
4157025600,양촌읍,20111114,,2,4157000000
4157025621,경기도 김포시 양촌읍 양곡리,20111114,,3,
4157025622,경기도 김포시 양촌읍 누산리,20111114,,3,
4157025623,경기도 김포시 양촌읍 석모리,20111114,,3,
4157025624,경기도 김포시 양촌읍 구래리,20111114,,3,
4157025625,경기도 김포시 양촌읍 대포리,20111114,,3,
4157025626,경기도 김포시 양촌읍 학운리,20111114,,3,
4157025627,경기도 김포시 양촌읍 유현리,20111114,,3,
4157025628,경기도 김포시 양촌읍 흥신리,20111114,,3,
4157034000,대곶면,19980401,,2,4157000000
4157034021,경기도 김포시 대곶면 대능리,19980401,,3,
4157034022,경기도 김포시 대곶면 대벽리,19980401,,3,
4157034023,경기도 김포시 대곶면 약암리,19980401,,3,
4157034024,경기도 김포시 대곶면 상마리,19980401,,3,
4157034025,경기도 김포시 대곶면 율생리,19980401,,3,
4157034026,경기도 김포시 대곶면 초원지리,19980401,,3,
4157034027,경기도 김포시 대곶면 거물대리,19980401,,3,
4157034028,경기도 김포시 대곶면 오니산리,19980401,,3,
4157034029,경기도 김포시 대곶면 송마리,19980401,,3,
4157034030,경기도 김포시 대곶면 석정리,19980401,,3,
4157034031,경기도 김포시 대곶면 쇄암리,19980401,,3,
4157034032,경기도 김포시 대곶면 신안리,19980401,,3,
4157034033,경기도 김포시 대곶면 대명리,19980401,,3,
4157035000,월곶면,19980401,,2,4157000000
4157035021,경기도 김포시 월곶면 군하리,19980401,,3,
4157035022,경기도 김포시 월곶면 고막리,19980401,,3,
4157035023,경기도 김포시 월곶면 갈산리,19980401,,3,
4157035024,경기도 김포시 월곶면 고양리,19980401,,3,
4157035025,경기도 김포시 월곶면 포내리,19980401,,3,
4157035026,경기도 김포시 월곶면 성동리,19980401,,3,
4157035027,경기도 김포시 월곶면 보구곶리,19980401,,3,
4157035028,경기도 김포시 월곶면 용강리,19980401,,3,
4157035029,경기도 김포시 월곶면 조강리,19980401,,3,
4157035030,경기도 김포시 월곶면 개곡리,19980401,,3,
4157036000,하성면,19980401,,2,4157000000
4157036021,경기도 김포시 하성면 마곡리,19980401,,3,
4157036022,경기도 김포시 하성면 석탄리,19980401,,3,
4157036023,경기도 김포시 하성면 후평리,19980401,,3,
4157036024,경기도 김포시 하성면 시암리,19980401,,3,
4157036025,경기도 김포시 하성면 마조리,19980401,,3,
4157036026,경기도 김포시 하성면 가금리,19980401,,3,
4157036027,경기도 김포시 하성면 양택리,19980401,,3,
4157036028,경기도 김포시 하성면 원산리,19980401,,3,
4157036029,경기도 김포시 하성면 하사리,19980401,,3,
4157036030,경기도 김포시 하성면 봉성리,19980401,,3,
4157036031,경기도 김포시 하성면 전류리,19980401,,3,
4157036032,경기도 김포시 하성면 마근포리,19980401,,3,
4159000000,화성시,20010321,,1,4100000000
4159011600,진안동,20060102,,2,4159000000
4159011700,병점동,20060102,,2,4159000000
4159011800,능동,20060102,,2,4159000000
4159011900,기산동,20060102,,2,4159000000
4159012000,반월동,20060102,,2,4159000000
4159012100,반정동,20060102,,2,4159000000
4159012200,황계동,20060102,,2,4159000000
4159012300,배양동,20060102,,2,4159000000
4159012400,기안동,20060102,,2,4159000000
4159012500,송산동,20060102,,2,4159000000
4159012600,안녕동,20060102,,2,4159000000
4159012700,반송동,20070129,,2,4159000000
4159012800,석우동,20070129,,2,4159000000
4159012900,오산동,20150102,,2,4159000000
4159013000,청계동,20150102,,2,4159000000
4159013100,영천동,20150102,,2,4159000000
4159013200,중동,20180122,,2,4159000000
4159013300,신동,20180122,,2,4159000000
4159013400,목동,20180122,,2,4159000000
4159013500,산척동,20180122,,2,4159000000
4159013600,장지동,20180122,,2,4159000000
4159013700,송동,20180122,,2,4159000000
4159013800,방교동,20180122,,2,4159000000
4159013900,금곡동,20180122,,2,4159000000
4159014000,새솔동,20180122,,2,4159000000
4159025300,봉담읍,20010321,,2,4159000000
4159025321,경기도 화성시 봉담읍 상리,20010321,,3,
4159025322,경기도 화성시 봉담읍 내리,20010321,,3,
4159025323,경기도 화성시 봉담읍 수영리,20010321,,3,
4159025324,경기도 화성시 봉담읍 동화리,20010321,,3,
4159025325,경기도 화성시 봉담읍 와우리,20010321,,3,
4159025326,경기도 화성시 봉담읍 수기리,20010321,,3,
4159025327,경기도 화성시 봉담읍 분천리,20010321,,3,
4159025328,경기도 화성시 봉담읍 왕림리,20010321,,3,
4159025329,경기도 화성시 봉담읍 세곡리,20010321,,3,
4159025330,경기도 화성시 봉담읍 당하리,20010321,,3,
4159025331,경기도 화성시 봉담읍 마하리,20010321,,3,
4159025332,경기도 화성시 봉담읍 유리,20010321,,3,
4159025333,경기도 화성시 봉담읍 덕리,20010321,,3,
4159025334,경기도 화성시 봉담읍 덕우리,20010321,,3,
4159025335,경기도 화성시 봉담읍 하가등리,20010321,,3,
4159025336,경기도 화성시 봉담읍 상기리,20010321,,3,
4159025600,우정읍,20030614,,2,4159000000
4159025621,경기도 화성시 우정읍 원안리,20030614,,3,
4159025622,경기도 화성시 우정읍 호곡리,20030614,,3,
4159025623,경기도 화성시 우정읍 운평리,20030614,,3,
4159025624,경기도 화성시 우정읍 한각리,20030614,,3,
4159025625,경기도 화성시 우정읍 멱우리,20030614,,3,
4159025626,경기도 화성시 우정읍 화수리,20030614,,3,
4159025627,경기도 화성시 우정읍 주곡리,20030614,,3,
4159025628,경기도 화성시 우정읍 이화리,20030614,,3,
4159025629,경기도 화성시 우정읍 석천리,20030614,,3,
4159025630,경기도 화성시 우정읍 매향리,20030614,,3,
4159025631,경기도 화성시 우정읍 화산리,20030614,,3,
4159025632,경기도 화성시 우정읍 조암리,20030614,,3,
4159025633,경기도 화성시 우정읍 국화리,20030614,,3,
4159025900,향남읍,20070129,,2,4159000000
4159025921,경기도 화성시 향남읍 평리,20070129,,3,
4159025922,경기도 화성시 향남읍 발안리,20070129,,3,
4159025923,경기도 화성시 향남읍 제암리,20070129,,3,
4159025924,경기도 화성시 향남읍 상신리,20070129,,3,
4159025925,경기도 화성시 향남읍 구문천리,20070129,,3,
4159025926,경기도 화성시 향남읍 하길리,20070129,,3,
4159025927,경기도 화성시 향남읍 화리현리,20070129,,3,
4159025928,경기도 화성시 향남읍 상두리,20070129,,3,
4159025929,경기도 화성시 향남읍 백토리,20070129,,3,
4159025930,경기도 화성시 향남읍 길성리,20070129,,3,
4159025931,경기도 화성시 향남읍 요리,20070129,,3,
4159025932,경기도 화성시 향남읍 수직리,20070129,,3,
4159025933,경기도 화성시 향남읍 갈천리,20070129,,3,
4159025934,경기도 화성시 향남읍 증거리,20070129,,3,
4159025935,경기도 화성시 향남읍 송곡리,20070129,,3,
4159025936,경기도 화성시 향남읍 동오리,20070129,,3,
4159025937,경기도 화성시 향남읍 관리,20070129,,3,
4159025938,경기도 화성시 향남읍 도이리,20070129,,3,
4159025939,경기도 화성시 향남읍 행정리,20070129,,3,
4159025940,경기도 화성시 향남읍 방축리,20070129,,3,
4159025941,경기도 화성시 향남읍 장짐리,20070129,,3,
4159026200,남양읍,20141020,,2,4159000000
4159026221,경기도 화성시 남양읍 남양리,20141020,,3,
4159026222,경기도 화성시 남양읍 신남리,20141020,,3,
4159026223,경기도 화성시 남양읍 장덕리,20141020,,3,
4159026224,경기도 화성시 남양읍 안석리,20141020,,3,
4159026225,경기도 화성시 남양읍 활초리,20141020,,3,
4159026226,경기도 화성시 남양읍 온석리,20141020,,3,
4159026227,경기도 화성시 남양읍 무송리,20141020,,3,
4159026228,경기도 화성시 남양읍 북양리,20141020,,3,
4159026229,경기도 화성시 남양읍 송림리,20141020,,3,
4159026230,경기도 화성시 남양읍 수화리,20141020,,3,
4159026231,경기도 화성시 남양읍 장전리,20141020,,3,
4159026232,경기도 화성시 남양읍 신외리,20141020,,3,
4159026233,경기도 화성시 남양읍 문호리,20141020,,3,
4159026234,경기도 화성시 남양읍 시리,20141020,,3,
4159026235,경기도 화성시 남양읍 원천리,20141020,,3,
4159031000,매송면,20010321,,2,4159000000
4159031021,경기도 화성시 매송면 천천리,20010321,,3,
4159031022,경기도 화성시 매송면 원평리,20010321,,3,
4159031023,경기도 화성시 매송면 어천리,20010321,,3,
4159031024,경기도 화성시 매송면 숙곡리,20010321,,3,
4159031025,경기도 화성시 매송면 야목리,20010321,,3,
4159031026,경기도 화성시 매송면 송라리,20010321,,3,
4159031027,경기도 화성시 매송면 원리,20010321,,3,
4159032000,비봉면,20010321,,2,4159000000
4159032021,경기도 화성시 비봉면 양노리,20010321,,3,
4159032022,경기도 화성시 비봉면 남전리,20010321,,3,
4159032023,경기도 화성시 비봉면 유포리,20010321,,3,
4159032024,경기도 화성시 비봉면 삼화리,20010321,,3,
4159032025,경기도 화성시 비봉면 구포리,20010321,,3,
4159032026,경기도 화성시 비봉면 쌍학리,20010321,,3,
4159032027,경기도 화성시 비봉면 청요리,20010321,,3,
4159032028,경기도 화성시 비봉면 자안리,20010321,,3,
4159033000,마도면,20010321,,2,4159000000
4159033021,경기도 화성시 마도면 석교리,20010321,,3,
4159033022,경기도 화성시 마도면 두곡리,20010321,,3,
4159033023,경기도 화성시 마도면 송정리,20010321,,3,
4159033024,경기도 화성시 마도면 쌍송리,20010321,,3,
4159033025,경기도 화성시 마도면 청원리,20010321,,3,
4159033026,경기도 화성시 마도면 슬항리,20010321,,3,
4159033027,경기도 화성시 마도면 해문리,20010321,,3,
4159033028,경기도 화성시 마도면 백곡리,20010321,,3,
4159033029,경기도 화성시 마도면 금당리,20010321,,3,
4159033030,경기도 화성시 마도면 고모리,20010321,,3,
4159034000,송산면,20010321,,2,4159000000
4159034021,경기도 화성시 송산면 사강리,20010321,,3,
4159034022,경기도 화성시 송산면 봉가리,20010321,,3,
4159034023,경기도 화성시 송산면 삼존리,20010321,,3,
4159034024,경기도 화성시 송산면 용포리,20010321,,3,
4159034025,경기도 화성시 송산면 고정리,20010321,,3,
4159034026,경기도 화성시 송산면 쌍정리,20010321,,3,
4159034027,경기도 화성시 송산면 천등리,20010321,,3,
4159034028,경기도 화성시 송산면 신천리,20010321,,3,
4159034029,경기도 화성시 송산면 독지리,20010321,,3,
4159034030,경기도 화성시 송산면 마산리,20010321,,3,
4159034031,경기도 화성시 송산면 고포리,20010321,,3,
4159034032,경기도 화성시 송산면 지화리,20010321,,3,
4159034033,경기도 화성시 송산면 중송리,20010321,,3,
4159034034,경기도 화성시 송산면 육일리,20010321,,3,
4159034035,경기도 화성시 송산면 칠곡리,20010321,,3,
4159035000,서신면,20010321,,2,4159000000
4159035021,경기도 화성시 서신면 전곡리,20010321,,3,
4159035022,경기도 화성시 서신면 상안리,20010321,,3,
4159035023,경기도 화성시 서신면 광평리,20010321,,3,
4159035024,경기도 화성시 서신면 장외리,20010321,,3,
4159035025,경기도 화성시 서신면 송교리,20010321,,3,
4159035026,경기도 화성시 서신면 제부리,20010321,,3,
4159035027,경기도 화성시 서신면 홍법리,20010321,,3,
4159035028,경기도 화성시 서신면 사곳리,20010321,,3,
4159035029,경기도 화성시 서신면 매화리,20010321,,3,
4159035030,경기도 화성시 서신면 용두리,20010321,,3,
4159035031,경기도 화성시 서신면 궁평리,20010321,,3,
4159035032,경기도 화성시 서신면 백미리,20010321,,3,
4159036000,팔탄면,20010321,,2,4159000000
4159036021,경기도 화성시 팔탄면 하저리,20010321,,3,
4159036022,경기도 화성시 팔탄면 창곡리,20010321,,3,
4159036023,경기도 화성시 팔탄면 기천리,20010321,,3,
4159036024,경기도 화성시 팔탄면 가재리,20010321,,3,
4159036025,경기도 화성시 팔탄면 구장리,20010321,,3,
4159036026,경기도 화성시 팔탄면 율암리,20010321,,3,
4159036027,경기도 화성시 팔탄면 노하리,20010321,,3,
4159036028,경기도 화성시 팔탄면 덕천리,20010321,,3,
4159036029,경기도 화성시 팔탄면 지월리,20010321,,3,
4159036030,경기도 화성시 팔탄면 덕우리,20010321,,3,
4159036031,경기도 화성시 팔탄면 서근리,20010321,,3,
4159036032,경기도 화성시 팔탄면 월문리,20010321,,3,
4159036033,경기도 화성시 팔탄면 화당리,20010321,,3,
4159036034,경기도 화성시 팔탄면 고주리,20010321,,3,
4159036035,경기도 화성시 팔탄면 매곡리,20010321,,3,
4159036036,경기도 화성시 팔탄면 해창리,20010321,,3,
4159037000,장안면,20010321,,2,4159000000
4159037021,경기도 화성시 장안면 어은리,20010321,,3,
4159037022,경기도 화성시 장안면 석포리,20010321,,3,
4159037023,경기도 화성시 장안면 수촌리,20010321,,3,
4159037024,경기도 화성시 장안면 독정리,20010321,,3,
4159037025,경기도 화성시 장안면 장안리,20010321,,3,
4159037026,경기도 화성시 장안면 덕다리,20010321,,3,
4159037027,경기도 화성시 장안면 사랑리,20010321,,3,
4159037028,경기도 화성시 장안면 금의리,20010321,,3,
4159037029,경기도 화성시 장안면 사곡리,20010321,,3,
4159037030,경기도 화성시 장안면 노진리,20010321,,3,
4159040000,양감면,20010321,,2,4159000000
4159040021,경기도 화성시 양감면 신왕리,20010321,,3,
4159040022,경기도 화성시 양감면 사창리,20010321,,3,
4159040023,경기도 화성시 양감면 정문리,20010321,,3,
4159040024,경기도 화성시 양감면 송산리,20010321,,3,
4159040025,경기도 화성시 양감면 용소리,20010321,,3,
4159040026,경기도 화성시 양감면 요당리,20010321,,3,
4159040027,경기도 화성시 양감면 대양리,20010321,,3,
4159041000,정남면,20010321,,2,4159000000
4159041021,경기도 화성시 정남면 발산리,20010321,,3,
4159041022,경기도 화성시 정남면 괘랑리,20010321,,3,
4159041023,경기도 화성시 정남면 보통리,20010321,,3,
4159041024,경기도 화성시 정남면 관항리,20010321,,3,
4159041025,경기도 화성시 정남면 오일리,20010321,,3,
4159041026,경기도 화성시 정남면 백리,20010321,,3,
4159041027,경기도 화성시 정남면 문학리,20010321,,3,
4159041028,경기도 화성시 정남면 신리,20010321,,3,
4159041029,경기도 화성시 정남면 계향리,20010321,,3,
4159041030,경기도 화성시 정남면 귀래리,20010321,,3,
4159041031,경기도 화성시 정남면 제기리,20010321,,3,
4159041032,경기도 화성시 정남면 덕절리,20010321,,3,
4159041033,경기도 화성시 정남면 음양리,20010321,,3,
4159041034,경기도 화성시 정남면 망월리,20010321,,3,
4159041035,경기도 화성시 정남면 수면리,20010321,,3,
4159041036,경기도 화성시 정남면 내리,20010321,,3,
4159041037,경기도 화성시 정남면 금복리,20010321,,3,
4159041038,경기도 화성시 정남면 고지리,20010321,,3,
4159041039,경기도 화성시 정남면 용수리,20010321,,3,
4161000000,광주시,20010321,,1,4100000000
4161010100,경안동,20010321,,2,4161000000
4161010200,쌍령동,20010321,,2,4161000000
4161010300,송정동,20010321,,2,4161000000
4161010400,회덕동,20010321,,2,4161000000
4161010500,탄벌동,20010321,,2,4161000000
4161010600,목현동,20010321,,2,4161000000
4161010700,삼동,20010321,,2,4161000000
4161010800,중대동,20010321,,2,4161000000
4161010900,직동,20010321,,2,4161000000
4161011000,태전동,20010321,,2,4161000000
4161011100,장지동,20010321,,2,4161000000
4161011200,역동,20010321,,2,4161000000
4161011300,목동,20010321,,2,4161000000
4161011400,고산동,20220901,,2,4161000000
4161011500,신현동,20220901,,2,4161000000
4161011600,능평동,20220901,,2,4161000000
4161011700,문형동,20220901,,2,4161000000
4161011800,추자동,20220901,,2,4161000000
4161011900,매산동,20220901,,2,4161000000
4161012000,양벌동,20220901,,2,4161000000
4161025300,초월읍,20040621,,2,4161000000
4161025321,경기도 광주시 초월읍 대쌍령리,20040621,,3,
4161025322,경기도 광주시 초월읍 쌍동리,20040621,,3,
4161025323,경기도 광주시 초월읍 산이리,20040621,,3,
4161025324,경기도 광주시 초월읍 늑현리,20040621,,3,
4161025325,경기도 광주시 초월읍 학동리,20040621,,3,
4161025326,경기도 광주시 초월읍 선동리,20040621,,3,
4161025327,경기도 광주시 초월읍 용수리,20040621,,3,
4161025328,경기도 광주시 초월읍 신월리,20040621,,3,
4161025329,경기도 광주시 초월읍 지월리,20040621,,3,
4161025330,경기도 광주시 초월읍 무갑리,20040621,,3,
4161025331,경기도 광주시 초월읍 서하리,20040621,,3,
4161025332,경기도 광주시 초월읍 도평리,20040621,,3,
4161025900,곤지암읍,20110621,,2,4161000000
4161025921,경기도 광주시 곤지암읍 곤지암리,20110621,,3,
4161025922,경기도 광주시 곤지암읍 수양리,20110621,,3,
4161025923,경기도 광주시 곤지암읍 신촌리,20110621,,3,
4161025924,경기도 광주시 곤지암읍 봉현리,20110621,,3,
4161025925,경기도 광주시 곤지암읍 부항리,20110621,,3,
4161025926,경기도 광주시 곤지암읍 이선리,20110621,,3,
4161025927,경기도 광주시 곤지암읍 만선리,20110621,,3,
4161025928,경기도 광주시 곤지암읍 유사리,20110621,,3,
4161025929,경기도 광주시 곤지암읍 삼합리,20110621,,3,
4161025930,경기도 광주시 곤지암읍 건업리,20110621,,3,
4161025931,경기도 광주시 곤지암읍 장심리,20110621,,3,
4161025932,경기도 광주시 곤지암읍 연곡리,20110621,,3,
4161025933,경기도 광주시 곤지암읍 오향리,20110621,,3,
4161025934,경기도 광주시 곤지암읍 열미리,20110621,,3,
4161025935,경기도 광주시 곤지암읍 신대리,20110621,,3,
4161025936,경기도 광주시 곤지암읍 삼리,20110621,,3,
4161033000,도척면,20010321,,2,4161000000
4161033021,경기도 광주시 도척면 노곡리,20010321,,3,
4161033022,경기도 광주시 도척면 유정리,20010321,,3,
4161033023,경기도 광주시 도척면 방도리,20010321,,3,
4161033024,경기도 광주시 도척면 추곡리,20010321,,3,
4161033025,경기도 광주시 도척면 상림리,20010321,,3,
4161033026,경기도 광주시 도척면 도웅리,20010321,,3,
4161033027,경기도 광주시 도척면 궁평리,20010321,,3,
4161033028,경기도 광주시 도척면 진우리,20010321,,3,
4161034000,퇴촌면,20010321,,2,4161000000
4161034021,경기도 광주시 퇴촌면 광동리,20010321,,3,
4161034022,경기도 광주시 퇴촌면 관음리,20010321,,3,
4161034023,경기도 광주시 퇴촌면 우산리,20010321,,3,
4161034024,경기도 광주시 퇴촌면 영동리,20010321,,3,
4161034025,경기도 광주시 퇴촌면 도수리,20010321,,3,
4161034026,경기도 광주시 퇴촌면 오리,20010321,,3,
4161034027,경기도 광주시 퇴촌면 도마리,20010321,,3,
4161034028,경기도 광주시 퇴촌면 무수리,20010321,,3,
4161034029,경기도 광주시 퇴촌면 원당리,20010321,,3,
4161034030,경기도 광주시 퇴촌면 정지리,20010321,,3,
4161035000,남종면,20010321,,2,4161000000
4161035021,경기도 광주시 남종면 분원리,20010321,,3,
4161035022,경기도 광주시 남종면 금사리,20010321,,3,
4161035023,경기도 광주시 남종면 이석리,20010321,,3,
4161035024,경기도 광주시 남종면 삼성리,20010321,,3,
4161035025,경기도 광주시 남종면 귀여리,20010321,,3,
4161035026,경기도 광주시 남종면 검천리,20010321,,3,
4161035027,경기도 광주시 남종면 수청리,20010321,,3,
4161035028,경기도 광주시 남종면 우천리,20010321,,3,
4161037000,남한산성면,20151016,,2,4161000000
4161037021,경기도 광주시 남한산성면 산성리,20151016,,3,
4161037022,경기도 광주시 남한산성면 엄미리,20151016,,3,
4161037023,경기도 광주시 남한산성면 광지원리,20151016,,3,
4161037024,경기도 광주시 남한산성면 상번천리,20151016,,3,
4161037025,경기도 광주시 남한산성면 하번천리,20151016,,3,
4161037026,경기도 광주시 남한산성면 오전리,20151016,,3,
4161037027,경기도 광주시 남한산성면 불당리,20151016,,3,
4161037028,경기도 광주시 남한산성면 검복리,20151016,,3,
4163000000,양주시,20031019,,1,4100000000
4163010100,유양동,20031019,,2,4163000000
4163010200,어둔동,20031019,,2,4163000000
4163010300,남방동,20031019,,2,4163000000
4163010400,마전동,20031019,,2,4163000000
4163010500,산북동,20031019,,2,4163000000
4163010600,광사동,20031019,,2,4163000000
4163010700,만송동,20031019,,2,4163000000
4163010800,삼숭동,20031019,,2,4163000000
4163010900,고읍동,20031019,,2,4163000000
4163011000,덕정동,20031019,,2,4163000000
4163011100,봉양동,20031019,,2,4163000000
4163011200,회암동,20031019,,2,4163000000
4163011300,율정동,20031019,,2,4163000000
4163011400,옥정동,20031019,,2,4163000000
4163011500,고암동,20031019,,2,4163000000
4163011600,덕계동,20031019,,2,4163000000
4163011700,회정동,20031019,,2,4163000000
4163025000,백석읍,20031019,,2,4163000000
4163025021,경기도 양주시 백석읍 방성리,20031019,,3,
4163025022,경기도 양주시 백석읍 오산리,20031019,,3,
4163025023,경기도 양주시 백석읍 복지리,20031019,,3,
4163025024,경기도 양주시 백석읍 가업리,20031019,,3,
4163025025,경기도 양주시 백석읍 홍죽리,20031019,,3,
4163025026,경기도 양주시 백석읍 연곡리,20031019,,3,
4163025027,경기도 양주시 백석읍 기산리,20031019,,3,
4163031000,은현면,20031019,,2,4163000000
4163031021,경기도 양주시 은현면 용암리,20031019,,3,
4163031022,경기도 양주시 은현면 선암리,20031019,,3,
4163031023,경기도 양주시 은현면 운암리,20031019,,3,
4163031024,경기도 양주시 은현면 봉암리,20031019,,3,
4163031025,경기도 양주시 은현면 하패리,20031019,,3,
4163031026,경기도 양주시 은현면 도하리,20031019,,3,
4163032000,남면,20031019,,2,4163000000
4163032021,경기도 양주시 남면 신산리,20031019,,3,
4163032022,경기도 양주시 남면 신암리,20031019,,3,
4163032023,경기도 양주시 남면 매곡리,20031019,,3,
4163032024,경기도 양주시 남면 구암리,20031019,,3,
4163032025,경기도 양주시 남면 두곡리,20031019,,3,
4163032026,경기도 양주시 남면 경신리,20031019,,3,
4163032027,경기도 양주시 남면 상수리,20031019,,3,
4163032028,경기도 양주시 남면 입암리,20031019,,3,
4163032029,경기도 양주시 남면 한산리,20031019,,3,
4163032030,경기도 양주시 남면 황방리,20031019,,3,
4163033000,광적면,20031019,,2,4163000000
4163033021,경기도 양주시 광적면 가납리,20031019,,3,
4163033022,경기도 양주시 광적면 광석리,20031019,,3,
4163033023,경기도 양주시 광적면 우고리,20031019,,3,
4163033024,경기도 양주시 광적면 비암리,20031019,,3,
4163033025,경기도 양주시 광적면 효촌리,20031019,,3,
4163033026,경기도 양주시 광적면 덕도리,20031019,,3,
4163033027,경기도 양주시 광적면 석우리,20031019,,3,
4163034000,장흥면,20031019,,2,4163000000
4163034021,경기도 양주시 장흥면 교현리,20031019,,3,
4163034022,경기도 양주시 장흥면 울대리,20031019,,3,
4163034023,경기도 양주시 장흥면 부곡리,20031019,,3,
4163034024,경기도 양주시 장흥면 석현리,20031019,,3,
4163034025,경기도 양주시 장흥면 일영리,20031019,,3,
4163034026,경기도 양주시 장흥면 삼상리,20031019,,3,
4163034027,경기도 양주시 장흥면 삼하리,20031019,,3,
4165000000,포천시,20031019,,1,4100000000
4165010100,신읍동,20031019,,2,4165000000
4165010200,어룡동,20031019,,2,4165000000
4165010300,자작동,20031019,,2,4165000000
4165010400,선단동,20031019,,2,4165000000
4165010500,설운동,20031019,,2,4165000000
4165010600,동교동,20031019,,2,4165000000
4165025000,소흘읍,20031019,,2,4165000000
4165025021,경기도 포천시 소흘읍 송우리,20031019,,3,
4165025022,경기도 포천시 소흘읍 이동교리,20031019,,3,
4165025023,경기도 포천시 소흘읍 무림리,20031019,,3,
4165025024,경기도 포천시 소흘읍 이곡리,20031019,,3,
4165025025,경기도 포천시 소흘읍 직동리,20031019,,3,
4165025026,경기도 포천시 소흘읍 고모리,20031019,,3,
4165025027,경기도 포천시 소흘읍 이가팔리,20031019,,3,
4165025028,경기도 포천시 소흘읍 초가팔리,20031019,,3,
4165025029,경기도 포천시 소흘읍 무봉리,20031019,,3,
4165031000,군내면,20031019,,2,4165000000
4165031021,경기도 포천시 군내면 구읍리,20031019,,3,
4165031022,경기도 포천시 군내면 용정리,20031019,,3,
4165031023,경기도 포천시 군내면 유교리,20031019,,3,
4165031024,경기도 포천시 군내면 좌의리,20031019,,3,
4165031025,경기도 포천시 군내면 명산리,20031019,,3,
4165031026,경기도 포천시 군내면 직두리,20031019,,3,
4165031027,경기도 포천시 군내면 상성북리,20031019,,3,
4165031028,경기도 포천시 군내면 하성북리,20031019,,3,
4165032000,내촌면,20031019,,2,4165000000
4165032021,경기도 포천시 내촌면 진목리,20031019,,3,
4165032022,경기도 포천시 내촌면 마명리,20031019,,3,
4165032023,경기도 포천시 내촌면 음현리,20031019,,3,
4165032024,경기도 포천시 내촌면 내리,20031019,,3,
4165032025,경기도 포천시 내촌면 소학리,20031019,,3,
4165032026,경기도 포천시 내촌면 신팔리,20031019,,3,
4165033000,가산면,20031019,,2,4165000000
4165033021,경기도 포천시 가산면 마산리,20031019,,3,
4165033022,경기도 포천시 가산면 감암리,20031019,,3,
4165033023,경기도 포천시 가산면 방축리,20031019,,3,
4165033024,경기도 포천시 가산면 가산리,20031019,,3,
4165033025,경기도 포천시 가산면 정교리,20031019,,3,
4165033026,경기도 포천시 가산면 금현리,20031019,,3,
4165033027,경기도 포천시 가산면 우금리,20031019,,3,
4165033028,경기도 포천시 가산면 마전리,20031019,,3,
4165034000,신북면,20031019,,2,4165000000
4165034021,경기도 포천시 신북면 가채리,20031019,,3,
4165034022,경기도 포천시 신북면 기지리,20031019,,3,
4165034023,경기도 포천시 신북면 신평리,20031019,,3,
4165034024,경기도 포천시 신북면 만세교리,20031019,,3,
4165034025,경기도 포천시 신북면 심곡리,20031019,,3,
4165034026,경기도 포천시 신북면 계류리,20031019,,3,
4165034027,경기도 포천시 신북면 고일리,20031019,,3,
4165034028,경기도 포천시 신북면 삼성당리,20031019,,3,
4165034029,경기도 포천시 신북면 삼정리,20031019,,3,
4165034030,경기도 포천시 신북면 갈월리,20031019,,3,
4165034031,경기도 포천시 신북면 금동리,20031019,,3,
4165034032,경기도 포천시 신북면 덕둔리,20031019,,3,
4165035000,창수면,20031019,,2,4165000000
4165035021,경기도 포천시 창수면 추동리,20031019,,3,
4165035022,경기도 포천시 창수면 주원리,20031019,,3,
4165035023,경기도 포천시 창수면 가양리,20031019,,3,
4165035024,경기도 포천시 창수면 오가리,20031019,,3,
4165035025,경기도 포천시 창수면 고소성리,20031019,,3,
4165035026,경기도 포천시 창수면 운산리,20031019,,3,
4165035027,경기도 포천시 창수면 신흥리,20031019,,3,
4165036000,영중면,20031019,,2,4165000000
4165036021,경기도 포천시 영중면 양문리,20031019,,3,
4165036022,경기도 포천시 영중면 금주리,20031019,,3,
4165036023,경기도 포천시 영중면 거사리,20031019,,3,
4165036024,경기도 포천시 영중면 성동리,20031019,,3,
4165036025,경기도 포천시 영중면 영평리,20031019,,3,
4165036026,경기도 포천시 영중면 영송리,20031019,,3,
4165037000,일동면,20031019,,2,4165000000
4165037021,경기도 포천시 일동면 길명리,20031019,,3,
4165037022,경기도 포천시 일동면 유동리,20031019,,3,
4165037023,경기도 포천시 일동면 기산리,20031019,,3,
4165037024,경기도 포천시 일동면 화대리,20031019,,3,
4165037025,경기도 포천시 일동면 사직리,20031019,,3,
4165037026,경기도 포천시 일동면 수입리,20031019,,3,
4165038000,이동면,20031019,,2,4165000000
4165038021,경기도 포천시 이동면 장암리,20031019,,3,
4165038022,경기도 포천시 이동면 도평리,20031019,,3,
4165038023,경기도 포천시 이동면 연곡리,20031019,,3,
4165038024,경기도 포천시 이동면 노곡리,20031019,,3,
4165039000,영북면,20031019,,2,4165000000
4165039021,경기도 포천시 영북면 운천리,20031019,,3,
4165039022,경기도 포천시 영북면 자일리,20031019,,3,
4165039023,경기도 포천시 영북면 산정리,20031019,,3,
4165039024,경기도 포천시 영북면 야미리,20031019,,3,
4165039025,경기도 포천시 영북면 문암리,20031019,,3,
4165039026,경기도 포천시 영북면 대회산리,20031019,,3,
4165039027,경기도 포천시 영북면 소회산리,20031019,,3,
4165040000,관인면,20031019,,2,4165000000
4165040021,경기도 포천시 관인면 중리,20031019,,3,
4165040022,경기도 포천시 관인면 삼율리,20031019,,3,
4165040023,경기도 포천시 관인면 초과리,20031019,,3,
4165040024,경기도 포천시 관인면 탄동리,20031019,,3,
4165040025,경기도 포천시 관인면 냉정리,20031019,,3,
4165040026,경기도 포천시 관인면 사정리,20031019,,3,
4165041000,화현면,20031019,,2,4165000000
4165041021,경기도 포천시 화현면 화현리,20031019,,3,
4165041022,경기도 포천시 화현면 명덕리,20031019,,3,
4165041023,경기도 포천시 화현면 지현리,20031019,,3,
4167000000,여주시,20130923,,1,4100000000
4167010100,상동,20130923,,2,4167000000
4167010200,홍문동,20130923,,2,4167000000
4167010300,창동,20130923,,2,4167000000
4167010400,우만동,20130923,,2,4167000000
4167010500,단현동,20130923,,2,4167000000
4167010600,신진동,20130923,,2,4167000000
4167010700,하동,20130923,,2,4167000000
4167010800,교동,20130923,,2,4167000000
4167010900,월송동,20130923,,2,4167000000
4167011000,가업동,20130923,,2,4167000000
4167011100,연라동,20130923,,2,4167000000
4167011200,상거동,20130923,,2,4167000000
4167011300,하거동,20130923,,2,4167000000
4167011400,삼교동,20130923,,2,4167000000
4167011500,점봉동,20130923,,2,4167000000
4167011600,능현동,20130923,,2,4167000000
4167011700,멱곡동,20130923,,2,4167000000
4167011800,연양동,20130923,,2,4167000000
4167011900,매룡동,20130923,,2,4167000000
4167012000,천송동,20130923,,2,4167000000
4167012100,오학동,20130923,,2,4167000000
4167012200,현암동,20130923,,2,4167000000
4167012300,오금동,20130923,,2,4167000000
4167025000,가남읍,20130923,,2,4167000000
4167025021,경기도 여주시 가남읍 태평리,20130923,,3,
4167025022,경기도 여주시 가남읍 상활리,20130923,,3,
4167025023,경기도 여주시 가남읍 신해리,20130923,,3,
4167025024,경기도 여주시 가남읍 대신리,20130923,,3,
4167025025,경기도 여주시 가남읍 은봉리,20130923,,3,
4167025026,경기도 여주시 가남읍 건장리,20130923,,3,
4167025027,경기도 여주시 가남읍 심석리,20130923,,3,
4167025028,경기도 여주시 가남읍 삼군리,20130923,,3,
4167025029,경기도 여주시 가남읍 오산리,20130923,,3,
4167025030,경기도 여주시 가남읍 정단리,20130923,,3,
4167025031,경기도 여주시 가남읍 화평리,20130923,,3,
4167025032,경기도 여주시 가남읍 본두리,20130923,,3,
4167025033,경기도 여주시 가남읍 하귀리,20130923,,3,
4167025034,경기도 여주시 가남읍 안금리,20130923,,3,
4167025035,경기도 여주시 가남읍 양귀리,20130923,,3,
4167025036,경기도 여주시 가남읍 연대리,20130923,,3,
4167025037,경기도 여주시 가남읍 금당리,20130923,,3,
4167025038,경기도 여주시 가남읍 금곡리,20130923,,3,
4167025039,경기도 여주시 가남읍 송림리,20130923,,3,
4167025040,경기도 여주시 가남읍 삼승리,20130923,,3,
4167031000,점동면,20130923,,2,4167000000
4167031021,경기도 여주시 점동면 청안리,20130923,,3,
4167031022,경기도 여주시 점동면 부구리,20130923,,3,
4167031023,경기도 여주시 점동면 덕평리,20130923,,3,
4167031024,경기도 여주시 점동면 원부리,20130923,,3,
4167031025,경기도 여주시 점동면 관한리,20130923,,3,
4167031026,경기도 여주시 점동면 뇌곡리,20130923,,3,
4167031027,경기도 여주시 점동면 성신리,20130923,,3,
4167031028,경기도 여주시 점동면 당진리,20130923,,3,
4167031029,경기도 여주시 점동면 현수리,20130923,,3,
4167031030,경기도 여주시 점동면 사곡리,20130923,,3,
4167031031,경기도 여주시 점동면 장안리,20130923,,3,
4167031032,경기도 여주시 점동면 삼합리,20130923,,3,
4167031033,경기도 여주시 점동면 도리,20130923,,3,
4167031034,경기도 여주시 점동면 흔암리,20130923,,3,
4167031035,경기도 여주시 점동면 처리,20130923,,3,
4167032000,흥천면,20130923,,2,4167000000
4167032021,경기도 여주시 흥천면 복대리,20130923,,3,
4167032022,경기도 여주시 흥천면 계신리,20130923,,3,
4167032023,경기도 여주시 흥천면 문장리,20130923,,3,
4167032024,경기도 여주시 흥천면 내사리,20130923,,3,
4167032025,경기도 여주시 흥천면 외사리,20130923,,3,
4167032026,경기도 여주시 흥천면 상대리,20130923,,3,
4167032027,경기도 여주시 흥천면 다대리,20130923,,3,
4167032028,경기도 여주시 흥천면 하다리,20130923,,3,
4167032029,경기도 여주시 흥천면 상백리,20130923,,3,
4167032030,경기도 여주시 흥천면 귀백리,20130923,,3,
4167032031,경기도 여주시 흥천면 율극리,20130923,,3,
4167032032,경기도 여주시 흥천면 효지리,20130923,,3,
4167032033,경기도 여주시 흥천면 대당리,20130923,,3,
4167032034,경기도 여주시 흥천면 신근리,20130923,,3,
4167033000,금사면,20130923,,2,4167000000
4167033021,경기도 여주시 금사면 이포리,20130923,,3,
4167033022,경기도 여주시 금사면 궁리,20130923,,3,
4167033023,경기도 여주시 금사면 도곡리,20130923,,3,
4167033024,경기도 여주시 금사면 장흥리,20130923,,3,
4167033025,경기도 여주시 금사면 주록리,20130923,,3,
4167033026,경기도 여주시 금사면 전북리,20130923,,3,
4167033027,경기도 여주시 금사면 소유리,20130923,,3,
4167033028,경기도 여주시 금사면 상호리,20130923,,3,
4167033029,경기도 여주시 금사면 하호리,20130923,,3,
4167033030,경기도 여주시 금사면 금사리,20130923,,3,
4167033031,경기도 여주시 금사면 외평리,20130923,,3,
4167034500,세종대왕면,20211231,,2,4167000000
4167034521,경기도 여주시 세종대왕면 번도리,20211231,,3,
4167034522,경기도 여주시 세종대왕면 구양리,20211231,,3,
4167034523,경기도 여주시 세종대왕면 왕대리,20211231,,3,
4167034524,경기도 여주시 세종대왕면 백석리,20211231,,3,
4167034525,경기도 여주시 세종대왕면 내양리,20211231,,3,
4167034526,경기도 여주시 세종대왕면 용은리,20211231,,3,
4167034527,경기도 여주시 세종대왕면 매화리,20211231,,3,
4167034528,경기도 여주시 세종대왕면 양거리,20211231,,3,
4167034529,경기도 여주시 세종대왕면 마래리,20211231,,3,
4167034530,경기도 여주시 세종대왕면 광대리,20211231,,3,
4167034531,경기도 여주시 세종대왕면 오계리,20211231,,3,
4167034532,경기도 여주시 세종대왕면 매류리,20211231,,3,
4167034533,경기도 여주시 세종대왕면 신지리,20211231,,3,
4167035000,대신면,20130923,,2,4167000000
4167035021,경기도 여주시 대신면 후포리,20130923,,3,
4167035022,경기도 여주시 대신면 당산리,20130923,,3,
4167035023,경기도 여주시 대신면 가산리,20130923,,3,
4167035024,경기도 여주시 대신면 천남리,20130923,,3,
4167035025,경기도 여주시 대신면 하림리,20130923,,3,
4167035026,경기도 여주시 대신면 상구리,20130923,,3,
4167035027,경기도 여주시 대신면 장풍리,20130923,,3,
4167035028,경기도 여주시 대신면 옥촌리,20130923,,3,
4167035029,경기도 여주시 대신면 윤촌리,20130923,,3,
4167035030,경기도 여주시 대신면 무촌리,20130923,,3,
4167035031,경기도 여주시 대신면 도롱리,20130923,,3,
4167035032,경기도 여주시 대신면 계림리,20130923,,3,
4167035033,경기도 여주시 대신면 송촌리,20130923,,3,
4167035034,경기도 여주시 대신면 천서리,20130923,,3,
4167035035,경기도 여주시 대신면 당남리,20130923,,3,
4167035036,경기도 여주시 대신면 보통리,20130923,,3,
4167035037,경기도 여주시 대신면 율촌리,20130923,,3,
4167035038,경기도 여주시 대신면 초현리,20130923,,3,
4167035039,경기도 여주시 대신면 양촌리,20130923,,3,
4167036000,북내면,20130923,,2,4167000000
4167036021,경기도 여주시 북내면 당우리,20130923,,3,
4167036022,경기도 여주시 북내면 신남리,20130923,,3,
4167036023,경기도 여주시 북내면 외룡리,20130923,,3,
4167036024,경기도 여주시 북내면 내룡리,20130923,,3,
4167036025,경기도 여주시 북내면 상교리,20130923,,3,
4167036026,경기도 여주시 북내면 주암리,20130923,,3,
4167036027,경기도 여주시 북내면 서원리,20130923,,3,
4167036028,경기도 여주시 북내면 석우리,20130923,,3,
4167036029,경기도 여주시 북내면 덕산리,20130923,,3,
4167036030,경기도 여주시 북내면 장암리,20130923,,3,
4167036031,경기도 여주시 북내면 중암리,20130923,,3,
4167036032,경기도 여주시 북내면 운촌리,20130923,,3,
4167036033,경기도 여주시 북내면 신접리,20130923,,3,
4167036034,경기도 여주시 북내면 지내리,20130923,,3,
4167036035,경기도 여주시 북내면 가정리,20130923,,3,
4167037000,강천면,20130923,,2,4167000000
4167037021,경기도 여주시 강천면 간매리,20130923,,3,
4167037022,경기도 여주시 강천면 걸은리,20130923,,3,
4167037023,경기도 여주시 강천면 이호리,20130923,,3,
4167037024,경기도 여주시 강천면 가야리,20130923,,3,
4167037025,경기도 여주시 강천면 적금리,20130923,,3,
4167037026,경기도 여주시 강천면 굴암리,20130923,,3,
4167037027,경기도 여주시 강천면 강천리,20130923,,3,
4167037028,경기도 여주시 강천면 부평리,20130923,,3,
4167037029,경기도 여주시 강천면 도전리,20130923,,3,
4167038000,산북면,20130923,,2,4167000000
4167038021,경기도 여주시 산북면 상품리,20130923,,3,
4167038022,경기도 여주시 산북면 송현리,20130923,,3,
4167038023,경기도 여주시 산북면 후리,20130923,,3,
4167038024,경기도 여주시 산북면 명품리,20130923,,3,
4167038025,경기도 여주시 산북면 주어리,20130923,,3,
4167038026,경기도 여주시 산북면 백자리,20130923,,3,
4167038027,경기도 여주시 산북면 용담리,20130923,,3,
4180000000,연천군,19880423,,1,4100000000
4180025000,연천읍,19880423,,2,4180000000
4180025021,경기도 연천군 연천읍 차탄리,19880423,,3,
4180025022,경기도 연천군 연천읍 현가리,19880423,,3,
4180025023,경기도 연천군 연천읍 상리,19880423,,3,
4180025024,경기도 연천군 연천읍 와초리,19880423,,3,
4180025025,경기도 연천군 연천읍 옥산리,19880423,,3,
4180025026,경기도 연천군 연천읍 읍내리,19880423,,3,
4180025027,경기도 연천군 연천읍 동막리,19880423,,3,
4180025028,경기도 연천군 연천읍 통현리,19880423,,3,
4180025029,경기도 연천군 연천읍 고문리,19880423,,3,
4180025030,경기도 연천군 연천읍 부곡리,19890101,,3,
4180025300,전곡읍,19880423,,2,4180000000
4180025321,경기도 연천군 전곡읍 전곡리,19880423,,3,
4180025322,경기도 연천군 전곡읍 은대리,19880423,,3,
4180025323,경기도 연천군 전곡읍 신답리,19880423,,3,
4180025324,경기도 연천군 전곡읍 고능리,19880423,,3,
4180025325,경기도 연천군 전곡읍 마포리,19880423,,3,
4180025326,경기도 연천군 전곡읍 양원리,19880423,,3,
4180025327,경기도 연천군 전곡읍 간파리,19880423,,3,
4180025328,경기도 연천군 전곡읍 늘목리,19880423,,3,
4180031000,군남면,19880423,,2,4180000000
4180031021,경기도 연천군 군남면 진상리,19880423,,3,
4180031022,경기도 연천군 군남면 옥계리,19880423,,3,
4180031023,경기도 연천군 군남면 삼거리,19880423,,3,
4180031024,경기도 연천군 군남면 왕림리,19880423,,3,
4180031025,경기도 연천군 군남면 선곡리,19880423,,3,
4180031026,경기도 연천군 군남면 황지리,19880423,,3,
4180031027,경기도 연천군 군남면 남계리,19880423,,3,
4180032000,청산면,19880423,,2,4180000000
4180032021,경기도 연천군 청산면 초성리,19880423,,3,
4180032022,경기도 연천군 청산면 대전리,19880423,,3,
4180032023,경기도 연천군 청산면 장탄리,19880423,,3,
4180032024,경기도 연천군 청산면 궁평리,19880423,,3,
4180032025,경기도 연천군 청산면 백의리,19880423,,3,
4180033000,백학면,19880423,,2,4180000000
4180033021,경기도 연천군 백학면 두일리,19880423,,3,
4180033022,경기도 연천군 백학면 백령리,19880423,,3,
4180033023,경기도 연천군 백학면 통구리,19880423,,3,
4180033024,경기도 연천군 백학면 전동리,19880423,,3,
4180033025,경기도 연천군 백학면 노곡리,19880423,,3,
4180033026,경기도 연천군 백학면 학곡리,19880423,,3,
4180033027,경기도 연천군 백학면 구미리,19880423,,3,
4180033028,경기도 연천군 백학면 두현리,19880423,,3,
4180033029,경기도 연천군 백학면 갈현리,19880423,,3,
4180033030,경기도 연천군 백학면 포춘리,19880423,,3,
4180033031,경기도 연천군 백학면 항동리,19880423,,3,
4180033033,경기도 연천군 백학면 석주원리,19880423,,3,
4180033034,경기도 연천군 백학면 상리,19880423,,3,
4180033035,경기도 연천군 백학면 중리,19880423,,3,
4180033036,경기도 연천군 백학면 하리,19880423,,3,
4180033037,경기도 연천군 백학면 오음리,19880423,,3,
4180033038,경기도 연천군 백학면 사시리,19880423,,3,
4180033039,경기도 연천군 백학면 매현리,19880423,,3,
4180033040,경기도 연천군 백학면 고읍리,19880423,,3,
4180033041,경기도 연천군 백학면 두매리,19880423,,3,
4180033046,경기도 연천군 백학면 석장리,19880423,,3,
4180034000,미산면,19880423,,2,4180000000
4180034021,경기도 연천군 미산면 동이리,19880423,,3,
4180034022,경기도 연천군 미산면 아미리,19880423,,3,
4180034023,경기도 연천군 미산면 백석리,19880423,,3,
4180034024,경기도 연천군 미산면 유촌리,19880423,,3,
4180034025,경기도 연천군 미산면 광동리,19880423,,3,
4180034026,경기도 연천군 미산면 마전리,19880423,,3,
4180034027,경기도 연천군 미산면 우정리,19880423,,3,
4180034028,경기도 연천군 미산면 삼화리,19880423,,3,
4180035000,왕징면,19880423,,2,4180000000
4180035021,경기도 연천군 왕징면 무등리,19880423,,3,
4180035022,경기도 연천군 왕징면 노동리,19880423,,3,
4180035023,경기도 연천군 왕징면 북삼리,19880423,,3,
4180035024,경기도 연천군 왕징면 강내리,19880423,,3,
4180035025,경기도 연천군 왕징면 강서리,19880423,,3,
4180035026,경기도 연천군 왕징면 동중리,19880423,,3,
4180035027,경기도 연천군 왕징면 고왕리,19880423,,3,
4180035028,경기도 연천군 왕징면 고잔상리,19880423,,3,
4180035029,경기도 연천군 왕징면 고잔하리,19880423,,3,
4180035030,경기도 연천군 왕징면 기곡리,19880423,,3,
4180035031,경기도 연천군 왕징면 작동리,19880423,,3,
4180035032,경기도 연천군 왕징면 임강리,19880423,,3,
4180035033,경기도 연천군 왕징면 오탄리,19880423,,3,
4180035034,경기도 연천군 왕징면 귀존리,19880423,,3,
4180035035,경기도 연천군 왕징면 고장리,19880423,,3,
4180035036,경기도 연천군 왕징면 장학리,19880423,,3,
4180035037,경기도 연천군 왕징면 가천리,19880423,,3,
4180035038,경기도 연천군 왕징면 냉정리,19880423,,3,
4180036000,신서면,19880423,,2,4180000000
4180036021,경기도 연천군 신서면 대광리,19880423,,3,
4180036022,경기도 연천군 신서면 도신리,19880423,,3,
4180036023,경기도 연천군 신서면 내산리,19880423,,3,
4180036024,경기도 연천군 신서면 마전리,19880423,,3,
4180036025,경기도 연천군 신서면 답곡리,19880423,,3,
4180036026,경기도 연천군 신서면 승양리,19880423,,3,
4180036027,경기도 연천군 신서면 도밀리,19880423,,3,
4180036028,경기도 연천군 신서면 갈현리,19880423,,3,
4180036029,경기도 연천군 신서면 덕산리,19880423,,3,
4180036030,경기도 연천군 신서면 신현리,19880423,,3,
4180037000,중면,19950420,,2,4180000000
4180037021,경기도 연천군 중면 삼곶리,19950420,,3,
4180037022,경기도 연천군 중면 횡산리,19880423,,3,
4180037023,경기도 연천군 중면 중사리,19880423,,3,
4180037024,경기도 연천군 중면 적거리,19880423,,3,
4180037025,경기도 연천군 중면 마거리,19880423,,3,
4180037026,경기도 연천군 중면 합수리,19880423,,3,
4180037027,경기도 연천군 중면 적음리,19880423,,3,
4180037028,경기도 연천군 중면 진곡리,19880423,,3,
4180037029,경기도 연천군 중면 어적산리,19880423,,3,
4180037030,경기도 연천군 중면 적동산리,19880423,,3,
4180037031,경기도 연천군 중면 도연리,19880423,,3,
4180038000,장남면,19890401,,2,4180000000
4180038021,경기도 연천군 장남면 원당리,19890401,,3,
4180038022,경기도 연천군 장남면 자작리,19890401,,3,
4180038023,경기도 연천군 장남면 판부리,19890401,,3,
4180038024,경기도 연천군 장남면 반정리,19890401,,3,
4180038025,경기도 연천군 장남면 고랑포리,19890401,,3,
4182000000,가평군,19880423,,1,4100000000
4182025000,가평읍,19880423,,2,4182000000
4182025021,경기도 가평군 가평읍 읍내리,19880423,,3,
4182025022,경기도 가평군 가평읍 대곡리,19880423,,3,
4182025023,경기도 가평군 가평읍 달전리,19880423,,3,
4182025024,경기도 가평군 가평읍 하색리,19880423,,3,
4182025025,경기도 가평군 가평읍 상색리,19880423,,3,
4182025026,경기도 가평군 가평읍 두밀리,19880423,,3,
4182025027,경기도 가평군 가평읍 경반리,19880423,,3,
4182025028,경기도 가평군 가평읍 승안리,19880423,,3,
4182025029,경기도 가평군 가평읍 마장리,19880423,,3,
4182025030,경기도 가평군 가평읍 개곡리,19880423,,3,
4182025031,경기도 가평군 가평읍 이화리,19880423,,3,
4182025032,경기도 가평군 가평읍 산유리,19880423,,3,
4182025033,경기도 가평군 가평읍 복장리,19880423,,3,
4182025034,경기도 가평군 가평읍 금대리,19880423,,3,
4182031000,설악면,19880423,,2,4182000000
4182031021,경기도 가평군 설악면 신천리,19880423,,3,
4182031022,경기도 가평군 설악면 선촌리,19880423,,3,
4182031023,경기도 가평군 설악면 회곡리,19880423,,3,
4182031024,경기도 가평군 설악면 사룡리,19880423,,3,
4182031025,경기도 가평군 설악면 송산리,19880423,,3,
4182031026,경기도 가평군 설악면 미사리,19880423,,3,
4182031027,경기도 가평군 설악면 위곡리,19880423,,3,
4182031028,경기도 가평군 설악면 창의리,19880423,,3,
4182031029,경기도 가평군 설악면 엄소리,19880423,,3,
4182031030,경기도 가평군 설악면 설곡리,19880423,,3,
4182031031,경기도 가평군 설악면 묵안리,19880423,,3,
4182031032,경기도 가평군 설악면 가일리,19880423,,3,
4182031033,경기도 가평군 설악면 방일리,19880423,,3,
4182031034,경기도 가평군 설악면 천안리,19880423,,3,
4182031035,경기도 가평군 설악면 이천리,19880423,,3,
4182032500,청평면,20041201,,2,4182000000
4182032521,경기도 가평군 청평면 청평리,20041201,,3,
4182032522,경기도 가평군 청평면 상천리,20041201,,3,
4182032523,경기도 가평군 청평면 하천리,20041201,,3,
4182032524,경기도 가평군 청평면 대성리,20041201,,3,
4182032525,경기도 가평군 청평면 호명리,20041201,,3,
4182032526,경기도 가평군 청평면 고성리,20041201,,3,
4182032527,경기도 가평군 청평면 삼회리,20041201,,3,
4182033000,상면,19880423,,2,4182000000
4182033021,경기도 가평군 상면 연하리,19880423,,3,
4182033022,경기도 가평군 상면 항사리,19880423,,3,
4182033023,경기도 가평군 상면 행현리,19880423,,3,
4182033024,경기도 가평군 상면 임초리,19880423,,3,
4182033025,경기도 가평군 상면 덕현리,19880423,,3,
4182033026,경기도 가평군 상면 태봉리,19880423,,3,
4182033027,경기도 가평군 상면 상동리,19880423,,3,
4182033028,경기도 가평군 상면 율길리,19880423,,3,
4182033029,경기도 가평군 상면 봉수리,19880423,,3,
4182033030,경기도 가평군 상면 원흥리,20160726,,3,
4182034500,조종면,20151216,,2,4182000000
4182034521,경기도 가평군 조종면 현리,20151216,,3,
4182034522,경기도 가평군 조종면 신상리,20151216,,3,
4182034524,경기도 가평군 조종면 상판리,20151216,,3,
4182034525,경기도 가평군 조종면 신하리,20151216,,3,
4182034526,경기도 가평군 조종면 마일리,20151216,,3,
4182034527,경기도 가평군 조종면 대보리,20151216,,3,
4182034528,경기도 가평군 조종면 운악리,20160726,,3,
4182035000,북면,19880423,,2,4182000000
4182035021,경기도 가평군 북면 목동리,19880423,,3,
4182035022,경기도 가평군 북면 소법리,19880423,,3,
4182035023,경기도 가평군 북면 화악리,19880423,,3,
4182035024,경기도 가평군 북면 도대리,19880423,,3,
4182035025,경기도 가평군 북면 적목리,19880423,,3,
4182035026,경기도 가평군 북면 백둔리,19880423,,3,
4182035027,경기도 가평군 북면 제령리,19880423,,3,
4182035028,경기도 가평군 북면 이곡리,19880423,,3,
4183000000,양평군,19880423,,1,4100000000
4183025000,양평읍,19880423,,2,4183000000
4183025021,경기도 양평군 양평읍 양근리,19880423,,3,
4183025022,경기도 양평군 양평읍 오빈리,19880423,,3,
4183025023,경기도 양평군 양평읍 신애리,19880423,,3,
4183025024,경기도 양평군 양평읍 덕평리,19880423,,3,
4183025025,경기도 양평군 양평읍 공흥리,19880423,,3,
4183025026,경기도 양평군 양평읍 백안리,19880423,,3,
4183025027,경기도 양평군 양평읍 도곡리,19880423,,3,
4183025028,경기도 양평군 양평읍 대흥리,19880423,,3,
4183025029,경기도 양평군 양평읍 봉성리,19880423,,3,
4183025030,경기도 양평군 양평읍 원덕리,19880423,,3,
4183025031,경기도 양평군 양평읍 회현리,19880423,,3,
4183025032,경기도 양평군 양평읍 창대리,19880423,,3,
4183031000,강상면,19880423,,2,4183000000
4183031021,경기도 양평군 강상면 병산리,19880423,,3,
4183031022,경기도 양평군 강상면 송학리,19880423,,3,
4183031023,경기도 양평군 강상면 교평리,19880423,,3,
4183031024,경기도 양평군 강상면 신화리,19880423,,3,
4183031025,경기도 양평군 강상면 화양리,19880423,,3,
4183031026,경기도 양평군 강상면 세월리,19880423,,3,
4183031027,경기도 양평군 강상면 대석리,19880423,,3,
4183032000,강하면,19880423,,2,4183000000
4183032021,경기도 양평군 강하면 운심리,19880423,,3,
4183032022,경기도 양평군 강하면 왕창리,19880423,,3,
4183032023,경기도 양평군 강하면 동오리,19880423,,3,
4183032024,경기도 양평군 강하면 항금리,19880423,,3,
4183032025,경기도 양평군 강하면 성덕리,19880423,,3,
4183032026,경기도 양평군 강하면 전수리,19880423,,3,
4183033000,양서면,19880423,,2,4183000000
4183033021,경기도 양평군 양서면 양수리,19880423,,3,
4183033022,경기도 양평군 양서면 용담리,19880423,,3,
4183033023,경기도 양평군 양서면 부용리,19880423,,3,
4183033024,경기도 양평군 양서면 목왕리,19880423,,3,
4183033025,경기도 양평군 양서면 신원리,19880423,,3,
4183033026,경기도 양평군 양서면 도곡리,19880423,,3,
4183033027,경기도 양평군 양서면 대심리,19880423,,3,
4183033028,경기도 양평군 양서면 국수리,19880423,,3,
4183033029,경기도 양평군 양서면 복포리,19880423,,3,
4183033030,경기도 양평군 양서면 청계리,19880423,,3,
4183033031,경기도 양평군 양서면 증동리,19880423,,3,
4183034000,옥천면,19880423,,2,4183000000
4183034021,경기도 양평군 옥천면 옥천리,19880423,,3,
4183034022,경기도 양평군 옥천면 용천리,19880423,,3,
4183034023,경기도 양평군 옥천면 신복리,19880423,,3,
4183034024,경기도 양평군 옥천면 아신리,19880423,,3,
4183035000,서종면,19880423,,2,4183000000
4183035021,경기도 양평군 서종면 문호리,19880423,,3,
4183035022,경기도 양평군 서종면 도장리,19880423,,3,
4183035023,경기도 양평군 서종면 수능리,19880423,,3,
4183035024,경기도 양평군 서종면 서후리,19880423,,3,
4183035025,경기도 양평군 서종면 정배리,19880423,,3,
4183035026,경기도 양평군 서종면 명달리,19880423,,3,
4183035027,경기도 양평군 서종면 노문리,19880423,,3,
4183035028,경기도 양평군 서종면 수입리,19880423,,3,
4183036000,단월면,19880423,,2,4183000000
4183036021,경기도 양평군 단월면 보룡리,19880423,,3,
4183036022,경기도 양평군 단월면 삼가리,19880423,,3,
4183036023,경기도 양평군 단월면 봉상리,19880423,,3,
4183036024,경기도 양평군 단월면 향소리,19880423,,3,
4183036025,경기도 양평군 단월면 덕수리,19880423,,3,
4183036026,경기도 양평군 단월면 부안리,19880423,,3,
4183036027,경기도 양평군 단월면 명성리,19880423,,3,
4183036028,경기도 양평군 단월면 석산리,19880423,,3,
4183036029,경기도 양평군 단월면 산음리,19880423,,3,
4183037000,청운면,19880423,,2,4183000000
4183037021,경기도 양평군 청운면 용두리,19880423,,3,
4183037022,경기도 양평군 청운면 여물리,19880423,,3,
4183037023,경기도 양평군 청운면 비룡리,19880423,,3,
4183037024,경기도 양평군 청운면 가현리,19880423,,3,
4183037025,경기도 양평군 청운면 갈운리,19880423,,3,
4183037026,경기도 양평군 청운면 도원리,19880423,,3,
4183037027,경기도 양평군 청운면 신론리,19880423,,3,
4183037028,경기도 양평군 청운면 삼성리,19880423,,3,
4183037029,경기도 양평군 청운면 다대리,19880423,,3,
4183038000,양동면,19880423,,2,4183000000
4183038021,경기도 양평군 양동면 쌍학리,19880423,,3,
4183038022,경기도 양평군 양동면 석곡리,19880423,,3,
4183038023,경기도 양평군 양동면 매월리,19880423,,3,
4183038024,경기도 양평군 양동면 고송리,19880423,,3,
4183038025,경기도 양평군 양동면 금왕리,19880423,,3,
4183038026,경기도 양평군 양동면 계정리,19880423,,3,
4183038027,경기도 양평군 양동면 삼산리,19880423,,3,
4183038028,경기도 양평군 양동면 단석리,19880423,,3,
4183039500,지평면,20061201,,2,4183000000
4183039521,경기도 양평군 지평면 지평리,20061201,,3,
4183039522,경기도 양평군 지평면 송현리,20061201,,3,
4183039523,경기도 양평군 지평면 월산리,20061201,,3,
4183039524,경기도 양평군 지평면 망미리,20061201,,3,
4183039525,경기도 양평군 지평면 무왕리,20061201,,3,
4183039526,경기도 양평군 지평면 일신리,20061201,,3,
4183039527,경기도 양평군 지평면 대평리,20061201,,3,
4183039528,경기도 양평군 지평면 곡수리,20061201,,3,
4183039529,경기도 양평군 지평면 수곡리,20061201,,3,
4183039530,경기도 양평군 지평면 옥현리,20061201,,3,
4183040000,용문면,19880423,,2,4183000000
4183040021,경기도 양평군 용문면 마룡리,19880423,,3,
4183040022,경기도 양평군 용문면 화전리,19880423,,3,
4183040023,경기도 양평군 용문면 삼성리,19880423,,3,
4183040024,경기도 양평군 용문면 다문리,19880423,,3,
4183040025,경기도 양평군 용문면 연수리,19880423,,3,
4183040026,경기도 양평군 용문면 금곡리,19880423,,3,
4183040027,경기도 양평군 용문면 광탄리,19880423,,3,
4183040028,경기도 양평군 용문면 망능리,19880423,,3,
4183040029,경기도 양평군 용문면 중원리,19880423,,3,
4183040030,경기도 양평군 용문면 조현리,19880423,,3,
4183040031,경기도 양평군 용문면 덕촌리,19880423,,3,
4183040032,경기도 양평군 용문면 오촌리,19880423,,3,
4183040033,경기도 양평군 용문면 신점리,19880423,,3,
4183041000,개군면,19880423,,2,4183000000
4183041021,경기도 양평군 개군면 하자포리,19880423,,3,
4183041022,경기도 양평군 개군면 구미리,19880423,,3,
4183041023,경기도 양평군 개군면 앙덕리,19880423,,3,
4183041024,경기도 양평군 개군면 석장리,19880423,,3,
4183041025,경기도 양평군 개군면 공세리,19880423,,3,
4183041026,경기도 양평군 개군면 불곡리,19880423,,3,
4183041027,경기도 양평군 개군면 부리,19880423,,3,
4183041028,경기도 양평군 개군면 자연리,19880423,,3,
4183041029,경기도 양평군 개군면 내리,19880423,,3,
4183041030,경기도 양평군 개군면 향리,19880423,,3,
4183041031,경기도 양평군 개군면 주읍리,19880423,,3,
4183041032,경기도 양평군 개군면 계전리,19880423,,3,
4183041033,경기도 양평군 개군면 상자포리,19880423,,3,
4300000000,충청북도,19880423,,0,
4311000000,청주시,19880423,,1,4300000000
4311100000,청주시 상당구,19950101,,1,4300000000
4311110100,영동,19980201,,2,4311100000
4311110200,북문로1가,19980201,,2,4311100000
4311110300,북문로2가,19980201,,2,4311100000
4311110400,북문로3가,19980201,,2,4311100000
4311110500,남문로1가,19980201,,2,4311100000
4311110600,남문로2가,19980201,,2,4311100000
4311110700,문화동,19980201,,2,4311100000
4311110800,서운동,19980201,,2,4311100000
4311110900,서문동,19980201,,2,4311100000
4311111000,남주동,19980201,,2,4311100000
4311111100,석교동,19980201,,2,4311100000
4311111200,수동,19980201,,2,4311100000
4311111700,탑동,19950101,,2,4311100000
4311111800,대성동,19950101,,2,4311100000
4311111900,영운동,19950101,,2,4311100000
4311112000,금천동,19950101,,2,4311100000
4311112100,용담동,19950101,,2,4311100000
4311112200,명암동,19950101,,2,4311100000
4311112300,산성동,19950101,,2,4311100000
4311112400,용암동,19950101,,2,4311100000
4311112500,용정동,19950101,,2,4311100000
4311112600,방서동,19950101,,2,4311100000
4311112700,평촌동,19950101,,2,4311100000
4311112800,지북동,19950101,,2,4311100000
4311112900,운동동,19950101,,2,4311100000
4311113000,월오동,19950101,,2,4311100000
4311131000,낭성면,20140701,,2,4311100000
4311131021,충청북도 청주시 상당구 낭성면 관정리,20140701,,3,
4311131022,충청북도 청주시 상당구 낭성면 귀래리,20140701,,3,
4311131023,충청북도 청주시 상당구 낭성면 추정리,20140701,,3,
4311131024,충청북도 청주시 상당구 낭성면 호정리,20140701,,3,
4311131025,충청북도 청주시 상당구 낭성면 이목리,20140701,,3,
4311131026,충청북도 청주시 상당구 낭성면 문박리,20140701,,3,
4311131027,충청북도 청주시 상당구 낭성면 인경리,20140701,,3,
4311131028,충청북도 청주시 상당구 낭성면 지산리,20140701,,3,
4311131029,충청북도 청주시 상당구 낭성면 갈산리,20140701,,3,
4311131030,충청북도 청주시 상당구 낭성면 삼산리,20140701,,3,
4311131031,충청북도 청주시 상당구 낭성면 현암리,20140701,,3,
4311131032,충청북도 청주시 상당구 낭성면 무성리,20140701,,3,
4311132000,미원면,20140701,,2,4311100000
4311132021,충청북도 청주시 상당구 미원면 미원리,20140701,,3,
4311132022,충청북도 청주시 상당구 미원면 쌍이리,20140701,,3,
4311132023,충청북도 청주시 상당구 미원면 중리,20140701,,3,
4311132024,충청북도 청주시 상당구 미원면 내산리,20140701,,3,
4311132025,충청북도 청주시 상당구 미원면 구방리,20140701,,3,
4311132026,충청북도 청주시 상당구 미원면 기암리(岐岩),20140701,,3,
4311132027,충청북도 청주시 상당구 미원면 운교리,20140701,,3,
4311132028,충청북도 청주시 상당구 미원면 대덕리,20140701,,3,
4311132029,충청북도 청주시 상당구 미원면 운용리,20140701,,3,
4311132030,충청북도 청주시 상당구 미원면 화원리,20140701,,3,
4311132031,충청북도 청주시 상당구 미원면 용곡리,20140701,,3,
4311132032,충청북도 청주시 상당구 미원면 수산리,20140701,,3,
4311132033,충청북도 청주시 상당구 미원면 기암리(基岩),20140701,,3,
4311132034,충청북도 청주시 상당구 미원면 가양리,20140701,,3,
4311132035,충청북도 청주시 상당구 미원면 화창리,20140701,,3,
4311132036,충청북도 청주시 상당구 미원면 종암리,20140701,,3,
4311132037,충청북도 청주시 상당구 미원면 대신리,20140701,,3,
4311132038,충청북도 청주시 상당구 미원면 운암리,20140701,,3,
4311132039,충청북도 청주시 상당구 미원면 옥화리,20140701,,3,
4311132040,충청북도 청주시 상당구 미원면 월용리,20140701,,3,
4311132041,충청북도 청주시 상당구 미원면 금관리,20140701,,3,
4311132042,충청북도 청주시 상당구 미원면 어암리,20140701,,3,
4311132043,충청북도 청주시 상당구 미원면 계원리,20140701,,3,
4311132044,충청북도 청주시 상당구 미원면 성대리,20140701,,3,
4311133000,가덕면,20140701,,2,4311100000
4311133021,충청북도 청주시 상당구 가덕면 청용리,20140701,,3,
4311133022,충청북도 청주시 상당구 가덕면 행정리,20140701,,3,
4311133023,충청북도 청주시 상당구 가덕면 삼항리,20140701,,3,
4311133024,충청북도 청주시 상당구 가덕면 국전리,20140701,,3,
4311133025,충청북도 청주시 상당구 가덕면 상대리,20140701,,3,
4311133026,충청북도 청주시 상당구 가덕면 노동리,20140701,,3,
4311133027,충청북도 청주시 상당구 가덕면 인차리,20140701,,3,
4311133028,충청북도 청주시 상당구 가덕면 계산리,20140701,,3,
4311133029,충청북도 청주시 상당구 가덕면 수곡리,20140701,,3,
4311133030,충청북도 청주시 상당구 가덕면 시동리,20140701,,3,
4311133031,충청북도 청주시 상당구 가덕면 병암리,20140701,,3,
4311133032,충청북도 청주시 상당구 가덕면 금거리,20140701,,3,
4311133033,충청북도 청주시 상당구 가덕면 상야리,20140701,,3,
4311133034,충청북도 청주시 상당구 가덕면 한계리,20140701,,3,
4311133035,충청북도 청주시 상당구 가덕면 내암리,20140701,,3,
4311134000,남일면,20140701,,2,4311100000
4311134021,충청북도 청주시 상당구 남일면 송암리,20140701,,3,
4311134022,충청북도 청주시 상당구 남일면 효촌리,20140701,,3,
4311134023,충청북도 청주시 상당구 남일면 문주리,20140701,,3,
4311134024,충청북도 청주시 상당구 남일면 황청리,20140701,,3,
4311134025,충청북도 청주시 상당구 남일면 은행리,20140701,,3,
4311134026,충청북도 청주시 상당구 남일면 두산리,20140701,,3,
4311134027,충청북도 청주시 상당구 남일면 쌍수리,20140701,,3,
4311134028,충청북도 청주시 상당구 남일면 고은리,20140701,,3,
4311134029,충청북도 청주시 상당구 남일면 화당리,20140701,,3,
4311134030,충청북도 청주시 상당구 남일면 가산리,20140701,,3,
4311134031,충청북도 청주시 상당구 남일면 신송리,20140701,,3,
4311134032,충청북도 청주시 상당구 남일면 가중리,20140701,,3,
4311135000,문의면,20140701,,2,4311100000
4311135021,충청북도 청주시 상당구 문의면 문산리,20140701,,3,
4311135022,충청북도 청주시 상당구 문의면 미천리,20140701,,3,
4311135023,충청북도 청주시 상당구 문의면 남계리,20140701,,3,
4311135024,충청북도 청주시 상당구 문의면 상장리,20140701,,3,
4311135025,충청북도 청주시 상당구 문의면 산덕리,20140701,,3,
4311135026,충청북도 청주시 상당구 문의면 구룡리,20140701,,3,
4311135027,충청북도 청주시 상당구 문의면 괴곡리,20140701,,3,
4311135028,충청북도 청주시 상당구 문의면 문덕리,20140701,,3,
4311135029,충청북도 청주시 상당구 문의면 소전리,20140701,,3,
4311135030,충청북도 청주시 상당구 문의면 후곡리,20140701,,3,
4311135031,충청북도 청주시 상당구 문의면 가호리,20140701,,3,
4311135032,충청북도 청주시 상당구 문의면 신대리,20140701,,3,
4311135033,충청북도 청주시 상당구 문의면 덕유리,20140701,,3,
4311135034,충청북도 청주시 상당구 문의면 품곡리,20140701,,3,
4311135035,충청북도 청주시 상당구 문의면 두모리,20140701,,3,
4311135036,충청북도 청주시 상당구 문의면 도원리,20140701,,3,
4311135037,충청북도 청주시 상당구 문의면 등동리,20140701,,3,
4311135038,충청북도 청주시 상당구 문의면 묘암리,20140701,,3,
4311135039,충청북도 청주시 상당구 문의면 마구리,20140701,,3,
4311135040,충청북도 청주시 상당구 문의면 마동리,20140701,,3,
4311135041,충청북도 청주시 상당구 문의면 염티리,20140701,,3,
4311135042,충청북도 청주시 상당구 문의면 노현리,20140701,,3,
4311200000,청주시 서원구,20140701,,1,4300000000
4311210100,사직동,20140701,,2,4311200000
4311210200,사창동,20140701,,2,4311200000
4311210300,모충동,20140701,,2,4311200000
4311210400,산남동,20140701,,2,4311200000
4311210500,미평동,20140701,,2,4311200000
4311210600,분평동,20140701,,2,4311200000
4311210700,수곡동,20140701,,2,4311200000
4311210800,성화동,20140701,,2,4311200000
4311210900,개신동,20140701,,2,4311200000
4311211000,죽림동,20140701,,2,4311200000
4311211100,장성동,20140701,,2,4311200000
4311211200,장암동,20140701,,2,4311200000
4311231000,남이면,20140701,,2,4311200000
4311231021,충청북도 청주시 서원구 남이면 척산리,20140701,,3,
4311231022,충청북도 청주시 서원구 남이면 외천리,20140701,,3,
4311231023,충청북도 청주시 서원구 남이면 문동리,20140701,,3,
4311231024,충청북도 청주시 서원구 남이면 척북리,20140701,,3,
4311231025,충청북도 청주시 서원구 남이면 산막리,20140701,,3,
4311231026,충청북도 청주시 서원구 남이면 비룡리,20140701,,3,
4311231027,충청북도 청주시 서원구 남이면 구미리,20140701,,3,
4311231028,충청북도 청주시 서원구 남이면 사동리,20140701,,3,
4311231029,충청북도 청주시 서원구 남이면 갈원리,20140701,,3,
4311231030,충청북도 청주시 서원구 남이면 팔봉리,20140701,,3,
4311231031,충청북도 청주시 서원구 남이면 상발리,20140701,,3,
4311231032,충청북도 청주시 서원구 남이면 구암리,20140701,,3,
4311231033,충청북도 청주시 서원구 남이면 석실리,20140701,,3,
4311231034,충청북도 청주시 서원구 남이면 석판리,20140701,,3,
4311231035,충청북도 청주시 서원구 남이면 대련리,20140701,,3,
4311231036,충청북도 청주시 서원구 남이면 가좌리,20140701,,3,
4311231037,충청북도 청주시 서원구 남이면 양촌리,20140701,,3,
4311231038,충청북도 청주시 서원구 남이면 가마리,20140701,,3,
4311231039,충청북도 청주시 서원구 남이면 수대리,20140701,,3,
4311231040,충청북도 청주시 서원구 남이면 부용외천리,20140701,,3,
4311232000,현도면,20140701,,2,4311200000
4311232021,충청북도 청주시 서원구 현도면 상삼리,20140701,,3,
4311232022,충청북도 청주시 서원구 현도면 중삼리,20140701,,3,
4311232023,충청북도 청주시 서원구 현도면 죽전리,20140701,,3,
4311232024,충청북도 청주시 서원구 현도면 우록리,20140701,,3,
4311232025,충청북도 청주시 서원구 현도면 시동리,20140701,,3,
4311232026,충청북도 청주시 서원구 현도면 선동리,20140701,,3,
4311232027,충청북도 청주시 서원구 현도면 시목리,20140701,,3,
4311232028,충청북도 청주시 서원구 현도면 중척리,20140701,,3,
4311232029,충청북도 청주시 서원구 현도면 하석리,20140701,,3,
4311232030,충청북도 청주시 서원구 현도면 노산리,20140701,,3,
4311232031,충청북도 청주시 서원구 현도면 달계리,20140701,,3,
4311232032,충청북도 청주시 서원구 현도면 매봉리,20140701,,3,
4311232033,충청북도 청주시 서원구 현도면 양지리,20140701,,3,
4311232034,충청북도 청주시 서원구 현도면 죽암리,20140701,,3,
4311300000,청주시 흥덕구,19950101,,1,4300000000
4311310400,운천동,19950101,,2,4311300000
4311310500,신봉동,19950101,,2,4311300000
4311311300,가경동,19950101,,2,4311300000
4311311400,복대동,19950101,,2,4311300000
4311311500,봉명동,19950101,,2,4311300000
4311311600,송정동,19950101,,2,4311300000
4311311700,강서동,19950101,,2,4311300000
4311311800,석곡동,19950101,,2,4311300000
4311311900,휴암동,19950101,,2,4311300000
4311312000,신전동,19950101,,2,4311300000
4311312100,현암동,19950101,,2,4311300000
4311312200,동막동,19950101,,2,4311300000
4311312300,수의동,19950101,,2,4311300000
4311312400,지동동,19950101,,2,4311300000
4311312500,서촌동,19950101,,2,4311300000
4311312600,신성동,19950101,,2,4311300000
4311312700,평동,19950101,,2,4311300000
4311312800,신대동,19950101,,2,4311300000
4311312900,남촌동,19950101,,2,4311300000
4311313000,내곡동,19950101,,2,4311300000
4311313100,상신동,19950101,,2,4311300000
4311313200,원평동,19950101,,2,4311300000
4311313300,문암동,19950101,,2,4311300000
4311313400,송절동,19950101,,2,4311300000
4311313500,화계동,19950101,,2,4311300000
4311313600,외북동,19950101,,2,4311300000
4311313700,향정동,19950101,,2,4311300000
4311313800,비하동,19950101,,2,4311300000
4311313900,석소동,19950101,,2,4311300000
4311314000,정봉동,19950101,,2,4311300000
4311314100,신촌동,19950101,,2,4311300000
4311325000,오송읍,20140701,,2,4311300000
4311325021,충청북도 청주시 흥덕구 오송읍 호계리,20140701,,3,
4311325022,충청북도 청주시 흥덕구 오송읍 상정리,20140701,,3,
4311325023,충청북도 청주시 흥덕구 오송읍 공북리,20140701,,3,
4311325024,충청북도 청주시 흥덕구 오송읍 쌍청리,20140701,,3,
4311325025,충청북도 청주시 흥덕구 오송읍 만수리,20140701,,3,
4311325026,충청북도 청주시 흥덕구 오송읍 연제리,20140701,,3,
4311325027,충청북도 청주시 흥덕구 오송읍 궁평리,20140701,,3,
4311325028,충청북도 청주시 흥덕구 오송읍 오송리,20140701,,3,
4311325029,충청북도 청주시 흥덕구 오송읍 동평리,20140701,,3,
4311325030,충청북도 청주시 흥덕구 오송읍 서평리,20140701,,3,
4311325031,충청북도 청주시 흥덕구 오송읍 봉산리,20140701,,3,
4311325032,충청북도 청주시 흥덕구 오송읍 정중리,20140701,,3,
4311325033,충청북도 청주시 흥덕구 오송읍 상봉리,20140701,,3,
4311331000,강내면,20140701,,2,4311300000
4311331021,충청북도 청주시 흥덕구 강내면 연정리,20140701,,3,
4311331022,충청북도 청주시 흥덕구 강내면 궁현리,20140701,,3,
4311331023,충청북도 청주시 흥덕구 강내면 저산리,20140701,,3,
4311331024,충청북도 청주시 흥덕구 강내면 당곡리,20140701,,3,
4311331025,충청북도 청주시 흥덕구 강내면 산단리,20140701,,3,
4311331026,충청북도 청주시 흥덕구 강내면 다락리,20140701,,3,
4311331027,충청북도 청주시 흥덕구 강내면 태성리,20140701,,3,
4311331028,충청북도 청주시 흥덕구 강내면 사곡리,20140701,,3,
4311331029,충청북도 청주시 흥덕구 강내면 황탄리,20140701,,3,
4311331030,충청북도 청주시 흥덕구 강내면 월탄리,20140701,,3,
4311331031,충청북도 청주시 흥덕구 강내면 탑연리,20140701,,3,
4311331032,충청북도 청주시 흥덕구 강내면 석화리,20140701,,3,
4311331033,충청북도 청주시 흥덕구 강내면 사인리,20140701,,3,
4311331034,충청북도 청주시 흥덕구 강내면 월곡리,20140701,,3,
4311331035,충청북도 청주시 흥덕구 강내면 학천리,20140701,,3,
4311332000,옥산면,20140701,,2,4311300000
4311332021,충청북도 청주시 흥덕구 옥산면 오산리,20140701,,3,
4311332022,충청북도 청주시 흥덕구 옥산면 덕촌리,20140701,,3,
4311332023,충청북도 청주시 흥덕구 옥산면 신촌리,20140701,,3,
4311332024,충청북도 청주시 흥덕구 옥산면 환희리,20140701,,3,
4311332025,충청북도 청주시 흥덕구 옥산면 가락리,20140701,,3,
4311332026,충청북도 청주시 흥덕구 옥산면 동림리,20140701,,3,
4311332027,충청북도 청주시 흥덕구 옥산면 금계리,20140701,,3,
4311332028,충청북도 청주시 흥덕구 옥산면 장동리,20140701,,3,
4311332029,충청북도 청주시 흥덕구 옥산면 사정리,20140701,,3,
4311332030,충청북도 청주시 흥덕구 옥산면 수락리,20140701,,3,
4311332031,충청북도 청주시 흥덕구 옥산면 장남리,20140701,,3,
4311332032,충청북도 청주시 흥덕구 옥산면 호죽리,20140701,,3,
4311332033,충청북도 청주시 흥덕구 옥산면 남촌리,20140701,,3,
4311332034,충청북도 청주시 흥덕구 옥산면 소로리,20140701,,3,
4311332035,충청북도 청주시 흥덕구 옥산면 국사리,20140701,,3,
4311400000,청주시 청원구,20140701,,1,4300000000
4311410100,우암동,20140701,,2,4311400000
4311410200,내덕동,20140701,,2,4311400000
4311410300,율량동,20140701,,2,4311400000
4311410400,사천동,20140701,,2,4311400000
4311410500,주성동,20140701,,2,4311400000
4311410600,주중동,20140701,,2,4311400000
4311410700,정상동,20140701,,2,4311400000
4311410800,정하동,20140701,,2,4311400000
4311410900,정북동,20140701,,2,4311400000
4311411000,오동동,20140701,,2,4311400000
4311411100,외남동,20140701,,2,4311400000
4311411200,외평동,20140701,,2,4311400000
4311411300,외하동,20140701,,2,4311400000
4311425000,내수읍,20140701,,2,4311400000
4311425021,충청북도 청주시 청원구 내수읍 내수리,20140701,,3,
4311425022,충청북도 청주시 청원구 내수읍 마산리,20140701,,3,
4311425023,충청북도 청주시 청원구 내수읍 풍정리,20140701,,3,
4311425024,충청북도 청주시 청원구 내수읍 덕암리,20140701,,3,
4311425025,충청북도 청주시 청원구 내수읍 도원리,20140701,,3,
4311425026,충청북도 청주시 청원구 내수읍 형동리,20140701,,3,
4311425027,충청북도 청주시 청원구 내수읍 세교리,20140701,,3,
4311425028,충청북도 청주시 청원구 내수읍 비상리,20140701,,3,
4311425029,충청북도 청주시 청원구 내수읍 저곡리,20140701,,3,
4311425030,충청북도 청주시 청원구 내수읍 우산리,20140701,,3,
4311425031,충청북도 청주시 청원구 내수읍 초정리,20140701,,3,
4311425032,충청북도 청주시 청원구 내수읍 비중리,20140701,,3,
4311425033,충청북도 청주시 청원구 내수읍 구성리,20140701,,3,
4311425034,충청북도 청주시 청원구 내수읍 국동리,20140701,,3,
4311425035,충청북도 청주시 청원구 내수읍 묵방리,20140701,,3,
4311425036,충청북도 청주시 청원구 내수읍 은곡리,20140701,,3,
4311425037,충청북도 청주시 청원구 내수읍 원통리,20140701,,3,
4311425038,충청북도 청주시 청원구 내수읍 신안리,20140701,,3,
4311425039,충청북도 청주시 청원구 내수읍 입동리,20140701,,3,
4311425040,충청북도 청주시 청원구 내수읍 입상리,20140701,,3,
4311425041,충청북도 청주시 청원구 내수읍 학평리,20140701,,3,
4311425300,오창읍,20140701,,2,4311400000
4311425321,충청북도 청주시 청원구 오창읍 여천리,20140701,,3,
4311425322,충청북도 청주시 청원구 오창읍 화산리(華山),20140701,,3,
4311425323,충청북도 청주시 청원구 오창읍 유리,20140701,,3,
4311425324,충청북도 청주시 청원구 오창읍 일신리,20140701,,3,
4311425325,충청북도 청주시 청원구 오창읍 모정리,20140701,,3,
4311425326,충청북도 청주시 청원구 오창읍 학소리,20140701,,3,
4311425327,충청북도 청주시 청원구 오창읍 원리,20140701,,3,
4311425328,충청북도 청주시 청원구 오창읍 복현리,20140701,,3,
4311425329,충청북도 청주시 청원구 오창읍 양지리,20140701,,3,
4311425330,충청북도 청주시 청원구 오창읍 장대리,20140701,,3,
4311425331,충청북도 청주시 청원구 오창읍 창리,20140701,,3,
4311425332,충청북도 청주시 청원구 오창읍 주성리,20140701,,3,
4311425333,충청북도 청주시 청원구 오창읍 송대리,20140701,,3,
4311425334,충청북도 청주시 청원구 오창읍 도암리,20140701,,3,
4311425335,충청북도 청주시 청원구 오창읍 괴정리,20140701,,3,
4311425336,충청북도 청주시 청원구 오창읍 가곡리,20140701,,3,
4311425337,충청북도 청주시 청원구 오창읍 석우리,20140701,,3,
4311425338,충청북도 청주시 청원구 오창읍 상평리,20140701,,3,
4311425339,충청북도 청주시 청원구 오창읍 기암리,20140701,,3,
4311425340,충청북도 청주시 청원구 오창읍 탑리,20140701,,3,
4311425341,충청북도 청주시 청원구 오창읍 농소리,20140701,,3,
4311425342,충청북도 청주시 청원구 오창읍 신평리,20140701,,3,
4311425343,충청북도 청주시 청원구 오창읍 중신리,20140701,,3,
4311425344,충청북도 청주시 청원구 오창읍 각리,20140701,,3,
4311425345,충청북도 청주시 청원구 오창읍 양청리,20140701,,3,
4311425346,충청북도 청주시 청원구 오창읍 구룡리,20140701,,3,
4311425347,충청북도 청주시 청원구 오창읍 성산리,20140701,,3,
4311425348,충청북도 청주시 청원구 오창읍 후기리,20140701,,3,
4311425349,충청북도 청주시 청원구 오창읍 용두리,20140701,,3,
4311425350,충청북도 청주시 청원구 오창읍 화산리(花山),20140701,,3,
4311425351,충청북도 청주시 청원구 오창읍 가좌리,20140701,,3,
4311425352,충청북도 청주시 청원구 오창읍 두릉리,20140701,,3,
4311425353,충청북도 청주시 청원구 오창읍 성재리,20140701,,3,
4311425354,충청북도 청주시 청원구 오창읍 백현리,20140701,,3,
4311431000,북이면,20140701,,2,4311400000
4311431021,충청북도 청주시 청원구 북이면 신기리,20140701,,3,
4311431022,충청북도 청주시 청원구 북이면 신대리,20140701,,3,
4311431023,충청북도 청주시 청원구 북이면 현암리,20140701,,3,
4311431024,충청북도 청주시 청원구 북이면 서당리,20140701,,3,
4311431025,충청북도 청주시 청원구 북이면 대길리,20140701,,3,
4311431026,충청북도 청주시 청원구 북이면 석화리,20140701,,3,
4311431027,충청북도 청주시 청원구 북이면 영하리,20140701,,3,
4311431028,충청북도 청주시 청원구 북이면 선암리,20140701,,3,
4311431029,충청북도 청주시 청원구 북이면 호명리,20140701,,3,
4311431030,충청북도 청주시 청원구 북이면 부연리,20140701,,3,
4311431031,충청북도 청주시 청원구 북이면 토성리,20140701,,3,
4311431032,충청북도 청주시 청원구 북이면 장재리,20140701,,3,
4311431033,충청북도 청주시 청원구 북이면 금암리,20140701,,3,
4311431034,충청북도 청주시 청원구 북이면 광암리,20140701,,3,
4311431035,충청북도 청주시 청원구 북이면 금대리,20140701,,3,
4311431036,충청북도 청주시 청원구 북이면 옥수리,20140701,,3,
4311431037,충청북도 청주시 청원구 북이면 내추리,20140701,,3,
4311431038,충청북도 청주시 청원구 북이면 추학리,20140701,,3,
4311431039,충청북도 청주시 청원구 북이면 장양리,20140701,,3,
4311431040,충청북도 청주시 청원구 북이면 용계리,20140701,,3,
4311431041,충청북도 청주시 청원구 북이면 대율리,20140701,,3,
4311431042,충청북도 청주시 청원구 북이면 석성리,20140701,,3,
4311431043,충청북도 청주시 청원구 북이면 내둔리,20140701,,3,
4311431044,충청북도 청주시 청원구 북이면 화상리,20140701,,3,
4311431045,충청북도 청주시 청원구 북이면 화하리,20140701,,3,
4311431046,충청북도 청주시 청원구 북이면 송정리,20140701,,3,
4313000000,충주시,19880423,,1,4300000000
4313010100,성내동,19980930,,2,4313000000
4313010200,성남동,19980930,,2,4313000000
4313010300,성서동,19980930,,2,4313000000
4313010400,충인동,19980930,,2,4313000000
4313010500,교현동,19980930,,2,4313000000
4313010600,용산동,19880423,,2,4313000000
4313010700,호암동,19880423,,2,4313000000
4313010800,직동,19880423,,2,4313000000
4313010900,단월동,19980930,,2,4313000000
4313011000,풍동,19980930,,2,4313000000
4313011100,가주동,19980930,,2,4313000000
4313011200,용관동,19980930,,2,4313000000
4313011300,용두동,19980930,,2,4313000000
4313011400,달천동,19980930,,2,4313000000
4313011500,봉방동,19880423,,2,4313000000
4313011600,칠금동,19880423,,2,4313000000
4313011800,연수동,19880423,,2,4313000000
4313011900,목행동,19880423,,2,4313000000
4313012000,용탄동,19880423,,2,4313000000
4313012100,종민동,19980930,,2,4313000000
4313012200,안림동,19980930,,2,4313000000
4313012300,목벌동,19980930,,2,4313000000
4313012400,충의동,19980930,,2,4313000000
4313012500,지현동,19880423,,2,4313000000
4313012700,문화동,19920604,,2,4313000000
4313012800,금릉동,20070101,,2,4313000000
4313025000,주덕읍,19950302,,2,4313000000
4313025021,충청북도 충주시 주덕읍 신양리,19950302,,3,
4313025022,충청북도 충주시 주덕읍 창전리,19950302,,3,
4313025023,충청북도 충주시 주덕읍 대곡리,19950302,,3,
4313025024,충청북도 충주시 주덕읍 삼청리,19950302,,3,
4313025025,충청북도 충주시 주덕읍 신중리,19950302,,3,
4313025026,충청북도 충주시 주덕읍 화곡리,19950302,,3,
4313025027,충청북도 충주시 주덕읍 사락리,19950302,,3,
4313025028,충청북도 충주시 주덕읍 제내리,19950302,,3,
4313025029,충청북도 충주시 주덕읍 장록리,19950302,,3,
4313025030,충청북도 충주시 주덕읍 덕련리,19950302,,3,
4313025031,충청북도 충주시 주덕읍 당우리,19950302,,3,
4313031000,살미면,19950101,,2,4313000000
4313031021,충청북도 충주시 살미면 세성리,19950101,,3,
4313031022,충청북도 충주시 살미면 문화리,19950101,,3,
4313031023,충청북도 충주시 살미면 재오개리,19950101,,3,
4313031024,충청북도 충주시 살미면 무릉리,19950101,,3,
4313031025,충청북도 충주시 살미면 신당리,19950101,,3,
4313031026,충청북도 충주시 살미면 신매리,19950101,,3,
4313031027,충청북도 충주시 살미면 공이리,19950101,,3,
4313031028,충청북도 충주시 살미면 내사리,19950101,,3,
4313031029,충청북도 충주시 살미면 용천리,19950101,,3,
4313031030,충청북도 충주시 살미면 설운리,19950101,,3,
4313031031,충청북도 충주시 살미면 향산리,19950101,,3,
4313031032,충청북도 충주시 살미면 문강리,19950101,,3,
4313031033,충청북도 충주시 살미면 토계리,19950101,,3,
4313032500,수안보면,20050401,,2,4313000000
4313032521,충청북도 충주시 수안보면 온천리,20050401,,3,
4313032522,충청북도 충주시 수안보면 안보리,20050401,,3,
4313032523,충청북도 충주시 수안보면 화천리,20050401,,3,
4313032524,충청북도 충주시 수안보면 사문리,20050401,,3,
4313032525,충청북도 충주시 수안보면 미륵리,20050401,,3,
4313032526,충청북도 충주시 수안보면 고운리,20050401,,3,
4313032527,충청북도 충주시 수안보면 중산리,20050401,,3,
4313032528,충청북도 충주시 수안보면 수회리,20050401,,3,
4313033500,대소원면,20120101,,2,4313000000
4313033521,충청북도 충주시 대소원면 대소리,20120101,,3,
4313033522,충청북도 충주시 대소원면 금곡리,20120101,,3,
4313033523,충청북도 충주시 대소원면 장성리,20120101,,3,
4313033524,충청북도 충주시 대소원면 만정리,20120101,,3,
4313033525,충청북도 충주시 대소원면 두정리,20120101,,3,
4313033526,충청북도 충주시 대소원면 탄용리,20120101,,3,
4313033527,충청북도 충주시 대소원면 매현리,20120101,,3,
4313033528,충청북도 충주시 대소원면 문주리,20120101,,3,
4313033529,충청북도 충주시 대소원면 검단리,20120101,,3,
4313033530,충청북도 충주시 대소원면 완오리,20120101,,3,
4313033531,충청북도 충주시 대소원면 본리,20120101,,3,
4313033532,충청북도 충주시 대소원면 영평리,20120101,,3,
4313035000,신니면,19950101,,2,4313000000
4313035021,충청북도 충주시 신니면 용원리,19950101,,3,
4313035022,충청북도 충주시 신니면 화석리,19950101,,3,
4313035023,충청북도 충주시 신니면 신청리,19950101,,3,
4313035024,충청북도 충주시 신니면 문숭리,19950101,,3,
4313035025,충청북도 충주시 신니면 문락리,19950101,,3,
4313035026,충청북도 충주시 신니면 모남리,19950101,,3,
4313035027,충청북도 충주시 신니면 광월리,19950101,,3,
4313035028,충청북도 충주시 신니면 대화리,19950101,,3,
4313035029,충청북도 충주시 신니면 송암리,19950101,,3,
4313035030,충청북도 충주시 신니면 선당리,19950101,,3,
4313035031,충청북도 충주시 신니면 원평리,19950101,,3,
4313035032,충청북도 충주시 신니면 마수리,19950101,,3,
4313035033,충청북도 충주시 신니면 화안리,19950101,,3,
4313035034,충청북도 충주시 신니면 견학리,19950101,,3,
4313036000,노은면,19950101,,2,4313000000
4313036021,충청북도 충주시 노은면 연하리,19950101,,3,
4313036022,충청북도 충주시 노은면 법동리,19950101,,3,
4313036023,충청북도 충주시 노은면 안락리,19950101,,3,
4313036024,충청북도 충주시 노은면 대덕리,19950101,,3,
4313036025,충청북도 충주시 노은면 가신리,19950101,,3,
4313036026,충청북도 충주시 노은면 문성리,19950101,,3,
4313036027,충청북도 충주시 노은면 신효리,19950101,,3,
4313036028,충청북도 충주시 노은면 수룡리,19950101,,3,
4313037000,앙성면,19950101,,2,4313000000
4313037021,충청북도 충주시 앙성면 용포리,19950101,,3,
4313037022,충청북도 충주시 앙성면 영죽리,19950101,,3,
4313037023,충청북도 충주시 앙성면 강천리,19950101,,3,
4313037024,충청북도 충주시 앙성면 단암리,19950101,,3,
4313037025,충청북도 충주시 앙성면 중전리,19950101,,3,
4313037026,충청북도 충주시 앙성면 모점리,19950101,,3,
4313037027,충청북도 충주시 앙성면 목미리,19950101,,3,
4313037028,충청북도 충주시 앙성면 지당리,19950101,,3,
4313037029,충청북도 충주시 앙성면 본평리,19950101,,3,
4313037030,충청북도 충주시 앙성면 용대리,19950101,,3,
4313037031,충청북도 충주시 앙성면 마련리,19950101,,3,
4313037032,충청북도 충주시 앙성면 사미리,19950101,,3,
4313037033,충청북도 충주시 앙성면 돈산리,19950101,,3,
4313037034,충청북도 충주시 앙성면 능암리,19950101,,3,
4313037035,충청북도 충주시 앙성면 조천리,19950101,,3,
4313038500,중앙탑면,20140201,,2,4313000000
4313038521,충청북도 충주시 중앙탑면 탑평리,20140201,,3,
4313038522,충청북도 충주시 중앙탑면 봉황리,20140201,,3,
4313038523,충청북도 충주시 중앙탑면 가흥리,20140201,,3,
4313038524,충청북도 충주시 중앙탑면 장천리,20140201,,3,
4313038525,충청북도 충주시 중앙탑면 하구암리,20140201,,3,
4313038526,충청북도 충주시 중앙탑면 용전리,20140201,,3,
4313038527,충청북도 충주시 중앙탑면 루암리,20140201,,3,
4313038528,충청북도 충주시 중앙탑면 창동리,20140201,,3,
4313039000,금가면,19950101,,2,4313000000
4313039021,충청북도 충주시 금가면 하담리,19950101,,3,
4313039022,충청북도 충주시 금가면 잠병리,19950101,,3,
4313039023,충청북도 충주시 금가면 유송리,19950101,,3,
4313039024,충청북도 충주시 금가면 매하리,19950101,,3,
4313039025,충청북도 충주시 금가면 월상리,19950101,,3,
4313039026,충청북도 충주시 금가면 문산리,19950101,,3,
4313039027,충청북도 충주시 금가면 원포리,19950101,,3,
4313039028,충청북도 충주시 금가면 오석리,19950101,,3,
4313039029,충청북도 충주시 금가면 사암리,19950101,,3,
4313039030,충청북도 충주시 금가면 도촌리,19950101,,3,
4313040000,동량면,19950101,,2,4313000000
4313040021,충청북도 충주시 동량면 조동리,19950101,,3,
4313040022,충청북도 충주시 동량면 화암리,19950101,,3,
4313040023,충청북도 충주시 동량면 지동리,19950101,,3,
4313040024,충청북도 충주시 동량면 하천리,19950101,,3,
4313040025,충청북도 충주시 동량면 손동리,19950101,,3,
4313040026,충청북도 충주시 동량면 용교리,19950101,,3,
4313040027,충청북도 충주시 동량면 대전리,19950101,,3,
4313040028,충청북도 충주시 동량면 서운리,19950101,,3,
4313040029,충청북도 충주시 동량면 포탄리,19950101,,3,
4313040030,충청북도 충주시 동량면 함암리,19950101,,3,
4313040031,충청북도 충주시 동량면 명오리,19950101,,3,
4313040032,충청북도 충주시 동량면 사기리,19950101,,3,
4313040033,충청북도 충주시 동량면 호운리,19950101,,3,
4313041000,산척면,19950101,,2,4313000000
4313041021,충청북도 충주시 산척면 송강리,19950101,,3,
4313041022,충청북도 충주시 산척면 영덕리,19950101,,3,
4313041023,충청북도 충주시 산척면 명서리,19950101,,3,
4313041024,충청북도 충주시 산척면 석천리,19950101,,3,
4313042000,엄정면,19950101,,2,4313000000
4313042021,충청북도 충주시 엄정면 용산리,19950101,,3,
4313042022,충청북도 충주시 엄정면 율능리,19950101,,3,
4313042023,충청북도 충주시 엄정면 목계리,19950101,,3,
4313042024,충청북도 충주시 엄정면 논강리,19950101,,3,
4313042025,충청북도 충주시 엄정면 미내리,19950101,,3,
4313042026,충청북도 충주시 엄정면 신만리,19950101,,3,
4313042027,충청북도 충주시 엄정면 괴동리,19950101,,3,
4313042028,충청북도 충주시 엄정면 추평리,19950101,,3,
4313042029,충청북도 충주시 엄정면 원곡리,19950101,,3,
4313042030,충청북도 충주시 엄정면 유봉리,19950101,,3,
4313042031,충청북도 충주시 엄정면 가춘리,19950101,,3,
4313043000,소태면,19950101,,2,4313000000
4313043021,충청북도 충주시 소태면 오량리,19950101,,3,
4313043022,충청북도 충주시 소태면 복탄리,19950101,,3,
4313043023,충청북도 충주시 소태면 덕은리,19950101,,3,
4313043024,충청북도 충주시 소태면 주치리,19950101,,3,
4313043025,충청북도 충주시 소태면 구룡리,19950101,,3,
4313043026,충청북도 충주시 소태면 야동리,19950101,,3,
4313043027,충청북도 충주시 소태면 동막리,19950101,,3,
4313043028,충청북도 충주시 소태면 양촌리,19950101,,3,
4313043029,충청북도 충주시 소태면 중청리,19950101,,3,
4315000000,제천시,19880423,,1,4300000000
4315010100,의림동,19880423,,2,4315000000
4315010200,서부동,19880423,,2,4315000000
4315010300,동현동,19880423,,2,4315000000
4315010400,남천동,19980925,,2,4315000000
4315010500,교동,19880423,,2,4315000000
4315010600,중앙로1가,19880423,,2,4315000000
4315010700,중앙로2가,19880423,,2,4315000000
4315010800,명동,19880423,,2,4315000000
4315010900,화산동,19980925,,2,4315000000
4315011000,영천동,19980925,,2,4315000000
4315011100,하소동,19880423,,2,4315000000
4315011200,신월동,19880423,,2,4315000000
4315011300,청전동,19880423,,2,4315000000
4315011400,모산동,19880423,,2,4315000000
4315011500,고암동,19880423,,2,4315000000
4315011600,장락동,19880423,,2,4315000000
4315011700,흑석동,19980925,,2,4315000000
4315011800,두학동,19980925,,2,4315000000
4315011900,고명동,19880423,,2,4315000000
4315012000,신백동,19880423,,2,4315000000
4315012100,강제동,19980925,,2,4315000000
4315012200,명지동,19980925,,2,4315000000
4315012300,산곡동,19980925,,2,4315000000
4315012400,왕암동,19880423,,2,4315000000
4315012500,천남동,19980925,,2,4315000000
4315012600,신동,19980925,,2,4315000000
4315012700,자작동,19980925,,2,4315000000
4315012800,대랑동,19890101,,2,4315000000
4315025000,봉양읍,19950302,,2,4315000000
4315025021,충청북도 제천시 봉양읍 주포리,19950302,,3,
4315025022,충청북도 제천시 봉양읍 장평리,19950302,,3,
4315025023,충청북도 제천시 봉양읍 미당리,19950302,,3,
4315025024,충청북도 제천시 봉양읍 명도리,19950302,,3,
4315025025,충청북도 제천시 봉양읍 봉양리,19950302,,3,
4315025026,충청북도 제천시 봉양읍 명암리,19950302,,3,
4315025027,충청북도 제천시 봉양읍 학산리,19950302,,3,
4315025028,충청북도 제천시 봉양읍 옥전리,19950302,,3,
4315025029,충청북도 제천시 봉양읍 구학리,19950302,,3,
4315025030,충청북도 제천시 봉양읍 팔송리,19950302,,3,
4315025031,충청북도 제천시 봉양읍 연박리,19950302,,3,
4315025032,충청북도 제천시 봉양읍 원박리,19950302,,3,
4315025033,충청북도 제천시 봉양읍 구곡리,19950302,,3,
4315025034,충청북도 제천시 봉양읍 공전리,19950302,,3,
4315025035,충청북도 제천시 봉양읍 마곡리,19950302,,3,
4315025036,충청북도 제천시 봉양읍 삼거리,19950302,,3,
4315031000,금성면,19950101,,2,4315000000
4315031021,충청북도 제천시 금성면 구룡리,19950101,,3,
4315031022,충청북도 제천시 금성면 성내리,19950101,,3,
4315031023,충청북도 제천시 금성면 월굴리,19950101,,3,
4315031024,충청북도 제천시 금성면 중전리,19950101,,3,
4315031025,충청북도 제천시 금성면 포전리,19950101,,3,
4315031026,충청북도 제천시 금성면 활산리,19950101,,3,
4315031027,충청북도 제천시 금성면 사곡리,19950101,,3,
4315031028,충청북도 제천시 금성면 적덕리,19950101,,3,
4315031029,충청북도 제천시 금성면 진리,19950101,,3,
4315031030,충청북도 제천시 금성면 월림리,19950101,,3,
4315031031,충청북도 제천시 금성면 위림리,19950101,,3,
4315031032,충청북도 제천시 금성면 양화리,19950101,,3,
4315031033,충청북도 제천시 금성면 대장리,19950101,,3,
4315031034,충청북도 제천시 금성면 동막리,19950101,,3,
4315032000,청풍면,19950101,,2,4315000000
4315032021,충청북도 제천시 청풍면 읍리,19950101,,3,
4315032022,충청북도 제천시 청풍면 연곡리,19950101,,3,
4315032023,충청북도 제천시 청풍면 광의리,19950101,,3,
4315032024,충청북도 제천시 청풍면 계산리,19950101,,3,
4315032025,충청북도 제천시 청풍면 황석리,19950101,,3,
4315032026,충청북도 제천시 청풍면 후산리,19950101,,3,
4315032027,충청북도 제천시 청풍면 사오리,19950101,,3,
4315032028,충청북도 제천시 청풍면 부산리,19950101,,3,
4315032029,충청북도 제천시 청풍면 장선리,19950101,,3,
4315032030,충청북도 제천시 청풍면 단돈리,19950101,,3,
4315032031,충청북도 제천시 청풍면 방흥리,19950101,,3,
4315032032,충청북도 제천시 청풍면 오산리,19950101,,3,
4315032033,충청북도 제천시 청풍면 진목리,19950101,,3,
4315032034,충청북도 제천시 청풍면 양평리,19950101,,3,
4315032035,충청북도 제천시 청풍면 도곡리,19950101,,3,
4315032036,충청북도 제천시 청풍면 대류리,19950101,,3,
4315032037,충청북도 제천시 청풍면 신리,19950101,,3,
4315032038,충청북도 제천시 청풍면 용곡리,19950101,,3,
4315032039,충청북도 제천시 청풍면 연론리,19950101,,3,
4315032040,충청북도 제천시 청풍면 단리,19950101,,3,
4315032041,충청북도 제천시 청풍면 물태리,19950101,,3,
4315032042,충청북도 제천시 청풍면 도리,19950101,,3,
4315032043,충청북도 제천시 청풍면 실리곡리,19950101,,3,
4315032044,충청북도 제천시 청풍면 북진리,19950101,,3,
4315032045,충청북도 제천시 청풍면 도화리,19950101,,3,
4315032046,충청북도 제천시 청풍면 교리,19950101,,3,
4315032047,충청북도 제천시 청풍면 학현리,19950101,,3,
4315033000,수산면,19950101,,2,4315000000
4315033021,충청북도 제천시 수산면 수산리,19950101,,3,
4315033022,충청북도 제천시 수산면 내리,19950101,,3,
4315033023,충청북도 제천시 수산면 적곡리,19950101,,3,
4315033024,충청북도 제천시 수산면 수곡리,19950101,,3,
4315033025,충청북도 제천시 수산면 수리,19950101,,3,
4315033026,충청북도 제천시 수산면 대전리,19950101,,3,
4315033027,충청북도 제천시 수산면 계란리,19950101,,3,
4315033028,충청북도 제천시 수산면 괴곡리,19950101,,3,
4315033029,충청북도 제천시 수산면 원대리,19950101,,3,
4315033030,충청북도 제천시 수산면 다불리,19950101,,3,
4315033031,충청북도 제천시 수산면 전곡리,19950101,,3,
4315033032,충청북도 제천시 수산면 구곡리,19950101,,3,
4315033033,충청북도 제천시 수산면 도전리,19950101,,3,
4315033034,충청북도 제천시 수산면 율지리,19950101,,3,
4315033035,충청북도 제천시 수산면 지곡리,19950101,,3,
4315033036,충청북도 제천시 수산면 서곡리,19950101,,3,
4315033037,충청북도 제천시 수산면 오티리,19950101,,3,
4315033038,충청북도 제천시 수산면 성리,19950101,,3,
4315033039,충청북도 제천시 수산면 상천리,19950101,,3,
4315033040,충청북도 제천시 수산면 하천리,19950101,,3,
4315033041,충청북도 제천시 수산면 능강리,19950101,,3,
4315033042,충청북도 제천시 수산면 고명리,19950101,,3,
4315034000,덕산면,19950101,,2,4315000000
4315034021,충청북도 제천시 덕산면 도전리,19950101,,3,
4315034022,충청북도 제천시 덕산면 성암리,19950101,,3,
4315034023,충청북도 제천시 덕산면 신현리,19950101,,3,
4315034024,충청북도 제천시 덕산면 수산리,19950101,,3,
4315034025,충청북도 제천시 덕산면 월악리,19950101,,3,
4315034026,충청북도 제천시 덕산면 도기리,19950101,,3,
4315034027,충청북도 제천시 덕산면 선고리,19950101,,3,
4315035000,한수면,19950101,,2,4315000000
4315035021,충청북도 제천시 한수면 황강리,19950101,,3,
4315035022,충청북도 제천시 한수면 서창리,19950101,,3,
4315035023,충청북도 제천시 한수면 덕곡리,19950101,,3,
4315035024,충청북도 제천시 한수면 한천리,19950101,,3,
4315035025,충청북도 제천시 한수면 역리,19950101,,3,
4315035026,충청북도 제천시 한수면 북노리,19950101,,3,
4315035027,충청북도 제천시 한수면 상노리,19950101,,3,
4315035028,충청북도 제천시 한수면 탄지리,19950101,,3,
4315035029,충청북도 제천시 한수면 복평리,19950101,,3,
4315035030,충청북도 제천시 한수면 송계리,19950101,,3,
4315036000,백운면,19950101,,2,4315000000
4315036021,충청북도 제천시 백운면 평동리,19950101,,3,
4315036022,충청북도 제천시 백운면 운학리,19950101,,3,
4315036023,충청북도 제천시 백운면 덕동리,19950101,,3,
4315036024,충청북도 제천시 백운면 화당리,19950101,,3,
4315036025,충청북도 제천시 백운면 도곡리,19950101,,3,
4315036026,충청북도 제천시 백운면 방학리,19950101,,3,
4315036027,충청북도 제천시 백운면 모정리,19950101,,3,
4315036028,충청북도 제천시 백운면 애련리,19950101,,3,
4315036029,충청북도 제천시 백운면 원월리,19950101,,3,
4315038000,송학면,19950101,,2,4315000000
4315038021,충청북도 제천시 송학면 무도리,19950101,,3,
4315038022,충청북도 제천시 송학면 장곡리,19950101,,3,
4315038023,충청북도 제천시 송학면 입석리,19950101,,3,
4315038024,충청북도 제천시 송학면 시곡리,19950101,,3,
4315038025,충청북도 제천시 송학면 도화리,19950101,,3,
4315038026,충청북도 제천시 송학면 포전리,19950101,,3,
4315038027,충청북도 제천시 송학면 송한리,19950101,,3,
4315038028,충청북도 제천시 송학면 오미리,19950101,,3,
4372000000,보은군,19880423,,1,4300000000
4372025000,보은읍,19880423,,2,4372000000
4372025021,충청북도 보은군 보은읍 삼산리,19880423,,3,
4372025022,충청북도 보은군 보은읍 죽전리,19880423,,3,
4372025023,충청북도 보은군 보은읍 장신리,19880423,,3,
4372025024,충청북도 보은군 보은읍 교사리,19880423,,3,
4372025025,충청북도 보은군 보은읍 수정리,19880423,,3,
4372025026,충청북도 보은군 보은읍 지산리,19880423,,3,
4372025027,충청북도 보은군 보은읍 금굴리,19880423,,3,
4372025028,충청북도 보은군 보은읍 월송리,19880423,,3,
4372025029,충청북도 보은군 보은읍 어암리,19880423,,3,
4372025030,충청북도 보은군 보은읍 성주리,19880423,,3,
4372025031,충청북도 보은군 보은읍 이평리,19880423,,3,
4372025032,충청북도 보은군 보은읍 길상리,19880423,,3,
4372025033,충청북도 보은군 보은읍 대야리,19880423,,3,
4372025034,충청북도 보은군 보은읍 누청리,19880423,,3,
4372025035,충청북도 보은군 보은읍 강신리,19880423,,3,
4372025036,충청북도 보은군 보은읍 성족리,19880423,,3,
4372025037,충청북도 보은군 보은읍 종곡리,19880423,,3,
4372025038,충청북도 보은군 보은읍 학림리,19880423,,3,
4372025039,충청북도 보은군 보은읍 강산리,19880423,,3,
4372025040,충청북도 보은군 보은읍 중동리,19880423,,3,
4372025041,충청북도 보은군 보은읍 신함리,19880423,,3,
4372025042,충청북도 보은군 보은읍 풍취리,19880423,,3,
4372025043,충청북도 보은군 보은읍 산성리,19880423,,3,
4372025044,충청북도 보은군 보은읍 중초리,19880423,,3,
4372025045,충청북도 보은군 보은읍 노티리,19880423,,3,
4372025046,충청북도 보은군 보은읍 용암리,19880423,,3,
4372025047,충청북도 보은군 보은읍 봉평리,19880423,,3,
4372025048,충청북도 보은군 보은읍 장속리,19880423,,3,
4372031500,속리산면,20071001,,2,4372000000
4372031521,충청북도 보은군 속리산면 상판리,20071001,,3,
4372031522,충청북도 보은군 속리산면 갈목리,20071001,,3,
4372031523,충청북도 보은군 속리산면 중판리,20071001,,3,
4372031524,충청북도 보은군 속리산면 하판리,20071001,,3,
4372031525,충청북도 보은군 속리산면 북암리,20071001,,3,
4372031526,충청북도 보은군 속리산면 백현리,20071001,,3,
4372031527,충청북도 보은군 속리산면 사내리,20071001,,3,
4372031528,충청북도 보은군 속리산면 삼가리,20071001,,3,
4372031529,충청북도 보은군 속리산면 구병리,20071001,,3,
4372031530,충청북도 보은군 속리산면 도화리,20071001,,3,
4372031531,충청북도 보은군 속리산면 만수리,20071001,,3,
4372032500,장안면,20071001,,2,4372000000
4372032522,충청북도 보은군 장안면 서원리,20071001,,3,
4372032523,충청북도 보은군 장안면 개안리,20071001,,3,
4372032524,충청북도 보은군 장안면 황곡리,20071001,,3,
4372032525,충청북도 보은군 장안면 봉비리,20071001,,3,
4372032526,충청북도 보은군 장안면 불목리,20071001,,3,
4372032527,충청북도 보은군 장안면 오창리,20071001,,3,
4372032528,충청북도 보은군 장안면 장재리,20071001,,3,
4372032529,충청북도 보은군 장안면 구인리,20071001,,3,
4372032530,충청북도 보은군 장안면 장안리,20140401,,3,
4372033000,마로면,19880423,,2,4372000000
4372033021,충청북도 보은군 마로면 관기리,19880423,,3,
4372033022,충청북도 보은군 마로면 수문리,19880423,,3,
4372033023,충청북도 보은군 마로면 오천리,19880423,,3,
4372033024,충청북도 보은군 마로면 세중리,19880423,,3,
4372033025,충청북도 보은군 마로면 변둔리,19880423,,3,
4372033026,충청북도 보은군 마로면 소여리,19880423,,3,
4372033027,충청북도 보은군 마로면 적암리,19880423,,3,
4372033028,충청북도 보은군 마로면 송현리,19880423,,3,
4372033029,충청북도 보은군 마로면 기대리,19880423,,3,
4372033030,충청북도 보은군 마로면 원정리,19880423,,3,
4372033031,충청북도 보은군 마로면 갈전리,19880423,,3,
4372033032,충청북도 보은군 마로면 한중리,19880423,,3,
4372033033,충청북도 보은군 마로면 임곡리,19880423,,3,
4372033034,충청북도 보은군 마로면 갈평리,19880423,,3,
4372034000,탄부면,19880423,,2,4372000000
4372034021,충청북도 보은군 탄부면 하장리,19880423,,3,
4372034022,충청북도 보은군 탄부면 구암리,19880423,,3,
4372034023,충청북도 보은군 탄부면 성지리,19880423,,3,
4372034024,충청북도 보은군 탄부면 덕동리,19880423,,3,
4372034025,충청북도 보은군 탄부면 매화리,19880423,,3,
4372034026,충청북도 보은군 탄부면 고승리,19880423,,3,
4372034027,충청북도 보은군 탄부면 상장리,19880423,,3,
4372034028,충청북도 보은군 탄부면 대양리,19880423,,3,
4372034029,충청북도 보은군 탄부면 벽지리,19880423,,3,
4372034030,충청북도 보은군 탄부면 장암리,19880423,,3,
4372034031,충청북도 보은군 탄부면 사직리,19880423,,3,
4372034032,충청북도 보은군 탄부면 평각리,19880423,,3,
4372034033,충청북도 보은군 탄부면 임한리,19880423,,3,
4372035000,삼승면,19880423,,2,4372000000
4372035021,충청북도 보은군 삼승면 원남리,19880423,,3,
4372035022,충청북도 보은군 삼승면 내망리,19880423,,3,
4372035023,충청북도 보은군 삼승면 탄금리,19880423,,3,
4372035024,충청북도 보은군 삼승면 달산리,19880423,,3,
4372035025,충청북도 보은군 삼승면 송죽리,19880423,,3,
4372035026,충청북도 보은군 삼승면 선곡리,19880423,,3,
4372035027,충청북도 보은군 삼승면 천남리,19880423,,3,
4372035028,충청북도 보은군 삼승면 상가리,19880423,,3,
4372035029,충청북도 보은군 삼승면 우진리,19880423,,3,
4372035030,충청북도 보은군 삼승면 둔덕리,19880423,,3,
4372035031,충청북도 보은군 삼승면 서원리,19880423,,3,
4372036000,수한면,19880423,,2,4372000000
4372036021,충청북도 보은군 수한면 병원리,19880423,,3,
4372036022,충청북도 보은군 수한면 교암리,19880423,,3,
4372036023,충청북도 보은군 수한면 발산리,19880423,,3,
4372036024,충청북도 보은군 수한면 소계리,19880423,,3,
4372036025,충청북도 보은군 수한면 거현리,19880423,,3,
4372036026,충청북도 보은군 수한면 질신리,19880423,,3,
4372036027,충청북도 보은군 수한면 오정리,19880423,,3,
4372036028,충청북도 보은군 수한면 차정리,19880423,,3,
4372036029,충청북도 보은군 수한면 후평리,19880423,,3,
4372036030,충청북도 보은군 수한면 성리,19880423,,3,
4372036031,충청북도 보은군 수한면 묘서리,19880423,,3,
4372036032,충청북도 보은군 수한면 광촌리,19880423,,3,
4372036033,충청북도 보은군 수한면 장선리,19880423,,3,
4372036034,충청북도 보은군 수한면 동정리,19880423,,3,
4372036035,충청북도 보은군 수한면 산척리,19880423,,3,
4372036036,충청북도 보은군 수한면 율산리,19880423,,3,
4372036037,충청북도 보은군 수한면 노성리,19880423,,3,
4372037000,회남면,19880423,,2,4372000000
4372037021,충청북도 보은군 회남면 신곡리,19880423,,3,
4372037022,충청북도 보은군 회남면 금곡리,19880423,,3,
4372037023,충청북도 보은군 회남면 조곡리,19880423,,3,
4372037024,충청북도 보은군 회남면 용호리,19880423,,3,
4372037025,충청북도 보은군 회남면 은운리,19880423,,3,
4372037026,충청북도 보은군 회남면 송포리,19880423,,3,
4372037027,충청북도 보은군 회남면 법수리,19880423,,3,
4372037028,충청북도 보은군 회남면 신추리,19880423,,3,
4372037029,충청북도 보은군 회남면 거교리,19880423,,3,
4372037031,충청북도 보은군 회남면 분저리,19880423,,3,
4372037032,충청북도 보은군 회남면 서탄리,19880423,,3,
4372037033,충청북도 보은군 회남면 산수리,19880423,,3,
4372037034,충청북도 보은군 회남면 매산리,19880423,,3,
4372037035,충청북도 보은군 회남면 어성리,19880423,,3,
4372037037,충청북도 보은군 회남면 사음리,19880423,,3,
4372037038,충청북도 보은군 회남면 사탄리,19880423,,3,
4372037039,충청북도 보은군 회남면 남대문리,19880423,,3,
4372037040,충청북도 보은군 회남면 광포리,20190401,,3,
4372038500,회인면,20071001,,2,4372000000
4372038521,충청북도 보은군 회인면 중앙리,20071001,,3,
4372038522,충청북도 보은군 회인면 용촌리,20071001,,3,
4372038523,충청북도 보은군 회인면 신문리,20071001,,3,
4372038524,충청북도 보은군 회인면 쌍암리,20071001,,3,
4372038525,충청북도 보은군 회인면 갈티리,20071001,,3,
4372038526,충청북도 보은군 회인면 건천리,20071001,,3,
4372038527,충청북도 보은군 회인면 부수리,20071001,,3,
4372038528,충청북도 보은군 회인면 송평리,20071001,,3,
4372038529,충청북도 보은군 회인면 오동리,20071001,,3,
4372038530,충청북도 보은군 회인면 고석리,20071001,,3,
4372038531,충청북도 보은군 회인면 애곡리,20071001,,3,
4372038532,충청북도 보은군 회인면 눌곡리,20071001,,3,
4372038533,충청북도 보은군 회인면 죽암리,20071001,,3,
4372038534,충청북도 보은군 회인면 신대리,20071001,,3,
4372038535,충청북도 보은군 회인면 용곡리,20071001,,3,
4372039000,내북면,19880423,,2,4372000000
4372039021,충청북도 보은군 내북면 이원리,19880423,,3,
4372039022,충청북도 보은군 내북면 성티리,19880423,,3,
4372039023,충청북도 보은군 내북면 봉황리,19880423,,3,
4372039024,충청북도 보은군 내북면 창리,19880423,,3,
4372039025,충청북도 보은군 내북면 도원리,19880423,,3,
4372039026,충청북도 보은군 내북면 염둔리,19880423,,3,
4372039027,충청북도 보은군 내북면 대안리,19880423,,3,
4372039028,충청북도 보은군 내북면 용수리,19880423,,3,
4372039029,충청북도 보은군 내북면 적음리,19880423,,3,
4372039030,충청북도 보은군 내북면 성암리,19880423,,3,
4372039031,충청북도 보은군 내북면 동산리,19880423,,3,
4372039032,충청북도 보은군 내북면 화전리,19880423,,3,
4372039033,충청북도 보은군 내북면 법주리,19880423,,3,
4372039034,충청북도 보은군 내북면 아곡리,19880423,,3,
4372039035,충청북도 보은군 내북면 상궁리,19880423,,3,
4372039036,충청북도 보은군 내북면 신궁리,19880423,,3,
4372039037,충청북도 보은군 내북면 하궁리,19880423,,3,
4372039038,충청북도 보은군 내북면 두평리,19880423,,3,
4372039039,충청북도 보은군 내북면 서지리,19880423,,3,
4372039040,충청북도 보은군 내북면 세촌리,19880423,,3,
4372040000,산외면,19880423,,2,4372000000
4372040021,충청북도 보은군 산외면 구티리,19880423,,3,
4372040022,충청북도 보은군 산외면 봉계리,19880423,,3,
4372040023,충청북도 보은군 산외면 문암리,19880423,,3,
4372040024,충청북도 보은군 산외면 장갑리,19880423,,3,
4372040025,충청북도 보은군 산외면 대원리,19880423,,3,
4372040026,충청북도 보은군 산외면 탁주리,19880423,,3,
4372040027,충청북도 보은군 산외면 오대리,19880423,,3,
4372040028,충청북도 보은군 산외면 가고리,19880423,,3,
4372040029,충청북도 보은군 산외면 아시리,19880423,,3,
4372040030,충청북도 보은군 산외면 백석리,19880423,,3,
4372040031,충청북도 보은군 산외면 신정리,19880423,,3,
4372040032,충청북도 보은군 산외면 동화리,19880423,,3,
4372040033,충청북도 보은군 산외면 원평리,19880423,,3,
4372040034,충청북도 보은군 산외면 산대리,19880423,,3,
4372040035,충청북도 보은군 산외면 어온리,19880423,,3,
4372040036,충청북도 보은군 산외면 이식리,19880423,,3,
4372040037,충청북도 보은군 산외면 길탕리,19880423,,3,
4372040038,충청북도 보은군 산외면 중티리,19880423,,3,
4373000000,옥천군,19880423,,1,4300000000
4373025000,옥천읍,19880423,,2,4373000000
4373025021,충청북도 옥천군 옥천읍 죽향리,19880423,,3,
4373025022,충청북도 옥천군 옥천읍 문정리,19880423,,3,
4373025023,충청북도 옥천군 옥천읍 상계리,19880423,,3,
4373025024,충청북도 옥천군 옥천읍 하계리,19880423,,3,
4373025025,충청북도 옥천군 옥천읍 교동리,19880423,,3,
4373025026,충청북도 옥천군 옥천읍 동안리,19880423,,3,
4373025027,충청북도 옥천군 옥천읍 수북리,19880423,,3,
4373025028,충청북도 옥천군 옥천읍 매화리,19880423,,3,
4373025029,충청북도 옥천군 옥천읍 구일리,19880423,,3,
4373025030,충청북도 옥천군 옥천읍 서대리,19880423,,3,
4373025031,충청북도 옥천군 옥천읍 가풍리,19880423,,3,
4373025032,충청북도 옥천군 옥천읍 삼청리,19880423,,3,
4373025033,충청북도 옥천군 옥천읍 대천리,19880423,,3,
4373025034,충청북도 옥천군 옥천읍 마암리,19880423,,3,
4373025035,충청북도 옥천군 옥천읍 양수리,19880423,,3,
4373025036,충청북도 옥천군 옥천읍 금구리,19880423,,3,
4373025037,충청북도 옥천군 옥천읍 장야리,19880423,,3,
4373025038,충청북도 옥천군 옥천읍 삼양리,19880423,,3,
4373025039,충청북도 옥천군 옥천읍 서정리,19880423,,3,
4373025040,충청북도 옥천군 옥천읍 옥각리,19880423,,3,
4373025041,충청북도 옥천군 옥천읍 오대리,19900331,,3,
4373031000,동이면,19880423,,2,4373000000
4373031021,충청북도 옥천군 동이면 평산리,19880423,,3,
4373031022,충청북도 옥천군 동이면 세산리,19880423,,3,
4373031023,충청북도 옥천군 동이면 적하리,19880423,,3,
4373031024,충청북도 옥천군 동이면 금암리,19880423,,3,
4373031025,충청북도 옥천군 동이면 조령리,19880423,,3,
4373031026,충청북도 옥천군 동이면 청마리,19880423,,3,
4373031027,충청북도 옥천군 동이면 지양리,19880423,,3,
4373031028,충청북도 옥천군 동이면 석탄리,19880423,,3,
4373031029,충청북도 옥천군 동이면 남곡리,19880423,,3,
4373031030,충청북도 옥천군 동이면 우산리,19880423,,3,
4373032000,안남면,19880423,,2,4373000000
4373032021,충청북도 옥천군 안남면 연주리,19880423,,3,
4373032022,충청북도 옥천군 안남면 종미리,19880423,,3,
4373032023,충청북도 옥천군 안남면 지수리,19880423,,3,
4373032024,충청북도 옥천군 안남면 도덕리,19880423,,3,
4373032025,충청북도 옥천군 안남면 청정리,19880423,,3,
4373032026,충청북도 옥천군 안남면 화학리,19880423,,3,
4373032027,충청북도 옥천군 안남면 도농리,19880423,,3,
4373033000,안내면,19880423,,2,4373000000
4373033021,충청북도 옥천군 안내면 현리,19880423,,3,
4373033022,충청북도 옥천군 안내면 정방리,19880423,,3,
4373033023,충청북도 옥천군 안내면 도이리,19880423,,3,
4373033024,충청북도 옥천군 안내면 동대리,19880423,,3,
4373033025,충청북도 옥천군 안내면 서대리,19880423,,3,
4373033026,충청북도 옥천군 안내면 오덕리,19880423,,3,
4373033027,충청북도 옥천군 안내면 인포리,19880423,,3,
4373033028,충청북도 옥천군 안내면 장계리,19880423,,3,
4373033029,충청북도 옥천군 안내면 방하목리,19880423,,3,
4373033030,충청북도 옥천군 안내면 도율리,19880423,,3,
4373033031,충청북도 옥천군 안내면 월외리,19880423,,3,
4373033032,충청북도 옥천군 안내면 용촌리,19880423,,3,
4373033033,충청북도 옥천군 안내면 답양리,19880423,,3,
4373034000,청성면,19880423,,2,4373000000
4373034021,충청북도 옥천군 청성면 산계리,19880423,,3,
4373034022,충청북도 옥천군 청성면 거포리,19880423,,3,
4373034023,충청북도 옥천군 청성면 장수리,19880423,,3,
4373034024,충청북도 옥천군 청성면 궁촌리,19880423,,3,
4373034025,충청북도 옥천군 청성면 소서리,19880423,,3,
4373034026,충청북도 옥천군 청성면 삼남리,19880423,,3,
4373034027,충청북도 옥천군 청성면 조천리,19880423,,3,
4373034028,충청북도 옥천군 청성면 묘금리,19880423,,3,
4373034029,충청북도 옥천군 청성면 고당리,19880423,,3,
4373034030,충청북도 옥천군 청성면 합금리,19880423,,3,
4373034031,충청북도 옥천군 청성면 양저리,19880423,,3,
4373034032,충청북도 옥천군 청성면 구음리,19880423,,3,
4373034033,충청북도 옥천군 청성면 대안리,19880423,,3,
4373034034,충청북도 옥천군 청성면 도장리,19880423,,3,
4373034035,충청북도 옥천군 청성면 능월리,19880423,,3,
4373034036,충청북도 옥천군 청성면 화성리,19880423,,3,
4373034037,충청북도 옥천군 청성면 장연리,19880423,,3,
4373035000,청산면,19880423,,2,4373000000
4373035021,충청북도 옥천군 청산면 지전리,19880423,,3,
4373035022,충청북도 옥천군 청산면 백운리,19880423,,3,
4373035023,충청북도 옥천군 청산면 교평리,19880423,,3,
4373035024,충청북도 옥천군 청산면 하서리,19880423,,3,
4373035025,충청북도 옥천군 청산면 신매리,19880423,,3,
4373035026,충청북도 옥천군 청산면 대덕리,19880423,,3,
4373035027,충청북도 옥천군 청산면 장위리,19880423,,3,
4373035028,충청북도 옥천군 청산면 한곡리,19880423,,3,
4373035029,충청북도 옥천군 청산면 인정리,19880423,,3,
4373035030,충청북도 옥천군 청산면 판수리,19880423,,3,
4373035031,충청북도 옥천군 청산면 효목리,19880423,,3,
4373035032,충청북도 옥천군 청산면 의지리,19880423,,3,
4373035033,충청북도 옥천군 청산면 예곡리,19880423,,3,
4373035034,충청북도 옥천군 청산면 삼방리,19880423,,3,
4373035035,충청북도 옥천군 청산면 명티리,19880423,,3,
4373035036,충청북도 옥천군 청산면 법화리,19880423,,3,
4373035037,충청북도 옥천군 청산면 대성리,19880423,,3,
4373035038,충청북도 옥천군 청산면 만월리,19880423,,3,
4373036000,이원면,19880423,,2,4373000000
4373036021,충청북도 옥천군 이원면 건진리,19880423,,3,
4373036022,충청북도 옥천군 이원면 장찬리,19880423,,3,
4373036023,충청북도 옥천군 이원면 강청리,19880423,,3,
4373036024,충청북도 옥천군 이원면 윤정리,19880423,,3,
4373036025,충청북도 옥천군 이원면 의평리,19880423,,3,
4373036026,충청북도 옥천군 이원면 개심리,19880423,,3,
4373036027,충청북도 옥천군 이원면 평계리,19880423,,3,
4373036028,충청북도 옥천군 이원면 수묵리,19880423,,3,
4373036029,충청북도 옥천군 이원면 지정리,19880423,,3,
4373036030,충청북도 옥천군 이원면 미동리,19880423,,3,
4373036031,충청북도 옥천군 이원면 이원리,19880423,,3,
4373036032,충청북도 옥천군 이원면 원동리,19880423,,3,
4373036033,충청북도 옥천군 이원면 백지리,19880423,,3,
4373036034,충청북도 옥천군 이원면 지탄리,19880423,,3,
4373036035,충청북도 옥천군 이원면 용방리,19880423,,3,
4373037000,군서면,19880423,,2,4373000000
4373037021,충청북도 옥천군 군서면 동평리,19880423,,3,
4373037022,충청북도 옥천군 군서면 금산리,19880423,,3,
4373037023,충청북도 옥천군 군서면 사정리,19880423,,3,
4373037024,충청북도 옥천군 군서면 상지리,19880423,,3,
4373037025,충청북도 옥천군 군서면 은행리,19880423,,3,
4373037026,충청북도 옥천군 군서면 사양리,19880423,,3,
4373037027,충청북도 옥천군 군서면 상중리,19880423,,3,
4373037028,충청북도 옥천군 군서면 하동리,19880423,,3,
4373037029,충청북도 옥천군 군서면 오동리,19880423,,3,
4373037030,충청북도 옥천군 군서면 월전리,19880423,,3,
4373038000,군북면,19880423,,2,4373000000
4373038021,충청북도 옥천군 군북면 이백리,19880423,,3,
4373038022,충청북도 옥천군 군북면 자모리,19880423,,3,
4373038023,충청북도 옥천군 군북면 증약리,19880423,,3,
4373038024,충청북도 옥천군 군북면 항곡리,19880423,,3,
4373038025,충청북도 옥천군 군북면 대정리,19880423,,3,
4373038026,충청북도 옥천군 군북면 환평리,19880423,,3,
4373038027,충청북도 옥천군 군북면 지오리,19880423,,3,
4373038028,충청북도 옥천군 군북면 추소리,19880423,,3,
4373038029,충청북도 옥천군 군북면 이평리,19880423,,3,
4373038031,충청북도 옥천군 군북면 소정리,19880423,,3,
4373038032,충청북도 옥천군 군북면 석호리,19880423,,3,
4373038033,충청북도 옥천군 군북면 용호리,19880423,,3,
4373038034,충청북도 옥천군 군북면 막지리,19880423,,3,
4373038035,충청북도 옥천군 군북면 국원리,19960201,,3,
4374000000,영동군,19880423,,1,4300000000
4374025000,영동읍,19880423,,2,4374000000
4374025021,충청북도 영동군 영동읍 계산리,19880423,,3,
4374025022,충청북도 영동군 영동읍 동정리,19880423,,3,
4374025023,충청북도 영동군 영동읍 회동리,19880423,,3,
4374025024,충청북도 영동군 영동읍 화신리,19880423,,3,
4374025025,충청북도 영동군 영동읍 당곡리,19880423,,3,
4374025026,충청북도 영동군 영동읍 산익리,19880423,,3,
4374025027,충청북도 영동군 영동읍 매천리,19880423,,3,
4374025028,충청북도 영동군 영동읍 부용리,19880423,,3,
4374025029,충청북도 영동군 영동읍 오탄리,19880423,,3,
4374025030,충청북도 영동군 영동읍 산이리,19880423,,3,
4374025031,충청북도 영동군 영동읍 설계리,19880423,,3,
4374025032,충청북도 영동군 영동읍 심원리,19880423,,3,
4374025033,충청북도 영동군 영동읍 봉현리,19880423,,3,
4374025034,충청북도 영동군 영동읍 주곡리,19880423,,3,
4374025035,충청북도 영동군 영동읍 가리,19880423,,3,
4374025036,충청북도 영동군 영동읍 임계리,19880423,,3,
4374031000,용산면,19880423,,2,4374000000
4374031021,충청북도 영동군 용산면 구촌리,19880423,,3,
4374031022,충청북도 영동군 용산면 산저리,19880423,,3,
4374031023,충청북도 영동군 용산면 율리,19880423,,3,
4374031024,충청북도 영동군 용산면 신항리,19880423,,3,
4374031025,충청북도 영동군 용산면 부릉리,19880423,,3,
4374031026,충청북도 영동군 용산면 한석리,19880423,,3,
4374031027,충청북도 영동군 용산면 시금리,19880423,,3,
4374031028,충청북도 영동군 용산면 부상리,19880423,,3,
4374031029,충청북도 영동군 용산면 가곡리,19880423,,3,
4374031030,충청북도 영동군 용산면 금곡리,19880423,,3,
4374031031,충청북도 영동군 용산면 천작리,19880423,,3,
4374031032,충청북도 영동군 용산면 한곡리,19880423,,3,
4374031033,충청북도 영동군 용산면 법화리,19880423,,3,
4374031034,충청북도 영동군 용산면 미전리,19880423,,3,
4374031035,충청북도 영동군 용산면 청화리,19880423,,3,
4374031036,충청북도 영동군 용산면 매금리,19880423,,3,
4374031037,충청북도 영동군 용산면 상용리,19880423,,3,
4374031038,충청북도 영동군 용산면 백자전리,19880423,,3,
4374031039,충청북도 영동군 용산면 용산리,19880423,,3,
4374032000,황간면,19880423,,2,4374000000
4374032021,충청북도 영동군 황간면 남성리,19880423,,3,
4374032022,충청북도 영동군 황간면 신흥리,19880423,,3,
4374032023,충청북도 영동군 황간면 마산리,19880423,,3,
4374032024,충청북도 영동군 황간면 소계리,19880423,,3,
4374032025,충청북도 영동군 황간면 난곡리,19880423,,3,
4374032026,충청북도 영동군 황간면 우매리,19880423,,3,
4374032027,충청북도 영동군 황간면 원촌리,19880423,,3,
4374032028,충청북도 영동군 황간면 용암리,19880423,,3,
4374032029,충청북도 영동군 황간면 금계리,19880423,,3,
4374032030,충청북도 영동군 황간면 회포리,19880423,,3,
4374032031,충청북도 영동군 황간면 우천리,19880423,,3,
4374032032,충청북도 영동군 황간면 노근리,19880423,,3,
4374032033,충청북도 영동군 황간면 서송원리,19880423,,3,
4374032034,충청북도 영동군 황간면 광평리,19890101,,3,
4374033500,추풍령면,19910719,,2,4374000000
4374033521,충청북도 영동군 추풍령면 관리,19910719,,3,
4374033522,충청북도 영동군 추풍령면 사부리,19910719,,3,
4374033523,충청북도 영동군 추풍령면 계룡리,19910719,,3,
4374033524,충청북도 영동군 추풍령면 추풍령리,19910719,,3,
4374033525,충청북도 영동군 추풍령면 죽전리,19910719,,3,
4374033526,충청북도 영동군 추풍령면 작점리,19910719,,3,
4374033527,충청북도 영동군 추풍령면 신안리,19910719,,3,
4374033528,충청북도 영동군 추풍령면 웅북리,19910719,,3,
4374033529,충청북도 영동군 추풍령면 지봉리,19910719,,3,
4374034000,매곡면,19880423,,2,4374000000
4374034021,충청북도 영동군 매곡면 노천리,19880423,,3,
4374034023,충청북도 영동군 매곡면 장척리,19880423,,3,
4374034024,충청북도 영동군 매곡면 옥전리,19880423,,3,
4374034025,충청북도 영동군 매곡면 유전리,19880423,,3,
4374034026,충청북도 영동군 매곡면 강진리,19880423,,3,
4374034027,충청북도 영동군 매곡면 수원리,19880423,,3,
4374034028,충청북도 영동군 매곡면 어촌리,19880423,,3,
4374034029,충청북도 영동군 매곡면 공수리,19880423,,3,
4374035000,상촌면,19880423,,2,4374000000
4374035021,충청북도 영동군 상촌면 임산리,19880423,,3,
4374035022,충청북도 영동군 상촌면 돈대리,19880423,,3,
4374035023,충청북도 영동군 상촌면 하도대리,19880423,,3,
4374035024,충청북도 영동군 상촌면 상도대리,19880423,,3,
4374035025,충청북도 영동군 상촌면 고자리,19880423,,3,
4374035026,충청북도 영동군 상촌면 둔전리,19880423,,3,
4374035027,충청북도 영동군 상촌면 물한리,19880423,,3,
4374035028,충청북도 영동군 상촌면 대해리,19880423,,3,
4374035029,충청북도 영동군 상촌면 흥덕리,19880423,,3,
4374035030,충청북도 영동군 상촌면 궁촌리,19880423,,3,
4374035031,충청북도 영동군 상촌면 유곡리,19880423,,3,
4374036000,양강면,19880423,,2,4374000000
4374036021,충청북도 영동군 양강면 괴목리,19880423,,3,
4374036022,충청북도 영동군 양강면 가동리,19880423,,3,
4374036023,충청북도 영동군 양강면 양정리,19880423,,3,
4374036024,충청북도 영동군 양강면 죽촌리,19880423,,3,
4374036025,충청북도 영동군 양강면 남전리,19880423,,3,
4374036026,충청북도 영동군 양강면 산막리,19880423,,3,
4374036027,충청북도 영동군 양강면 지촌리,19880423,,3,
4374036028,충청북도 영동군 양강면 유점리,19880423,,3,
4374036029,충청북도 영동군 양강면 만계리,19880423,,3,
4374036030,충청북도 영동군 양강면 묵정리,19880423,,3,
4374036031,충청북도 영동군 양강면 두평리,19880423,,3,
4374036032,충청북도 영동군 양강면 구강리,19880423,,3,
4374036033,충청북도 영동군 양강면 쌍암리,19880423,,3,
4374036034,충청북도 영동군 양강면 묘동리,19880423,,3,
4374037000,용화면,19880423,,2,4374000000
4374037021,충청북도 영동군 용화면 용화리,19880423,,3,
4374037022,충청북도 영동군 용화면 조동리,19880423,,3,
4374037023,충청북도 영동군 용화면 안정리,19880423,,3,
4374037024,충청북도 영동군 용화면 월전리,19880423,,3,
4374037025,충청북도 영동군 용화면 용강리,19880423,,3,
4374037026,충청북도 영동군 용화면 여의리,19880423,,3,
4374037027,충청북도 영동군 용화면 자계리,19880423,,3,
4374038000,학산면,19880423,,2,4374000000
4374038021,충청북도 영동군 학산면 서산리,19880423,,3,
4374038022,충청북도 영동군 학산면 학산리,19880423,,3,
4374038023,충청북도 영동군 학산면 아암리,19880423,,3,
4374038024,충청북도 영동군 학산면 봉소리,19880423,,3,
4374038025,충청북도 영동군 학산면 황산리,19880423,,3,
4374038026,충청북도 영동군 학산면 지내리,19880423,,3,
4374038027,충청북도 영동군 학산면 박계리,19880423,,3,
4374038028,충청북도 영동군 학산면 봉림리,19880423,,3,
4374038029,충청북도 영동군 학산면 범화리,19880423,,3,
4374038030,충청북도 영동군 학산면 도덕리,19880423,,3,
4374039000,양산면,19880423,,2,4374000000
4374039021,충청북도 영동군 양산면 가곡리,19880423,,3,
4374039022,충청북도 영동군 양산면 원당리,19880423,,3,
4374039023,충청북도 영동군 양산면 봉곡리,19880423,,3,
4374039024,충청북도 영동군 양산면 죽산리,19880423,,3,
4374039025,충청북도 영동군 양산면 송호리,19880423,,3,
4374039026,충청북도 영동군 양산면 수두리,19880423,,3,
4374039027,충청북도 영동군 양산면 호탄리,19880423,,3,
4374039028,충청북도 영동군 양산면 누교리,19880423,,3,
4374039029,충청북도 영동군 양산면 가선리,19880423,,3,
4374040000,심천면,19880423,,2,4374000000
4374040021,충청북도 영동군 심천면 심천리,19880423,,3,
4374040022,충청북도 영동군 심천면 단전리,19880423,,3,
4374040023,충청북도 영동군 심천면 길현리,19880423,,3,
4374040024,충청북도 영동군 심천면 구탄리,19880423,,3,
4374040025,충청북도 영동군 심천면 장동리,19880423,,3,
4374040026,충청북도 영동군 심천면 고당리,19880423,,3,
4374040027,충청북도 영동군 심천면 마곡리,19880423,,3,
4374040028,충청북도 영동군 심천면 기호리,19880423,,3,
4374040029,충청북도 영동군 심천면 명천리,19880423,,3,
4374040030,충청북도 영동군 심천면 금정리,19880423,,3,
4374040031,충청북도 영동군 심천면 약목리,19880423,,3,
4374040032,충청북도 영동군 심천면 각계리,19880423,,3,
4374040033,충청북도 영동군 심천면 초강리,19880423,,3,
4374040034,충청북도 영동군 심천면 용당리,19880423,,3,
4374500000,증평군,20030830,,1,4300000000
4374525000,증평읍,20030830,,2,4374500000
4374525021,충청북도 증평군 증평읍 증평리,20030830,,3,
4374525022,충청북도 증평군 증평읍 교동리,20030830,,3,
4374525023,충청북도 증평군 증평읍 중동리,20030830,,3,
4374525024,충청북도 증평군 증평읍 대동리,20030830,,3,
4374525025,충청북도 증평군 증평읍 신동리,20030830,,3,
4374525026,충청북도 증평군 증평읍 창동리,20030830,,3,
4374525027,충청북도 증평군 증평읍 장동리,20030830,,3,
4374525028,충청북도 증평군 증평읍 증천리,20030830,,3,
4374525029,충청북도 증평군 증평읍 내성리,20030830,,3,
4374525030,충청북도 증평군 증평읍 초중리,20030830,,3,
4374525031,충청북도 증평군 증평읍 연탄리,20030830,,3,
4374525032,충청북도 증평군 증평읍 송산리,20030830,,3,
4374525033,충청북도 증평군 증평읍 미암리,20030830,,3,
4374525034,충청북도 증평군 증평읍 사곡리,20030830,,3,
4374525035,충청북도 증평군 증평읍 용강리,20030830,,3,
4374525036,충청북도 증평군 증평읍 덕상리,20030830,,3,
4374525037,충청북도 증평군 증평읍 남차리,20030830,,3,
4374525038,충청북도 증평군 증평읍 율리,20030830,,3,
4374525039,충청북도 증평군 증평읍 죽리,20030830,,3,
4374525040,충청북도 증평군 증평읍 남하리,20030830,,3,
4374531000,도안면,20030830,,2,4374500000
4374531021,충청북도 증평군 도안면 화성리,20030830,,3,
4374531022,충청북도 증평군 도안면 노암리,20030830,,3,
4374531023,충청북도 증평군 도안면 연촌리,20030830,,3,
4374531024,충청북도 증평군 도안면 송정리,20030830,,3,
4374531025,충청북도 증평군 도안면 광덕리,20030830,,3,
4374531026,충청북도 증평군 도안면 석곡리,20030830,,3,
4374531027,충청북도 증평군 도안면 도당리,20030830,,3,
4375000000,진천군,19880423,,1,4300000000
4375025000,진천읍,19880423,,2,4375000000
4375025021,충청북도 진천군 진천읍 교성리,19880423,,3,
4375025022,충청북도 진천군 진천읍 신정리,19880423,,3,
4375025023,충청북도 진천군 진천읍 원덕리,19880423,,3,
4375025024,충청북도 진천군 진천읍 읍내리,19880423,,3,
4375025025,충청북도 진천군 진천읍 성석리,19880423,,3,
4375025026,충청북도 진천군 진천읍 벽암리,19880423,,3,
4375025027,충청북도 진천군 진천읍 행정리,19880423,,3,
4375025028,충청북도 진천군 진천읍 장관리,19880423,,3,
4375025029,충청북도 진천군 진천읍 건송리,19880423,,3,
4375025030,충청북도 진천군 진천읍 지암리,19880423,,3,
4375025031,충청북도 진천군 진천읍 사석리,19880423,,3,
4375025032,충청북도 진천군 진천읍 문봉리,19880423,,3,
4375025033,충청북도 진천군 진천읍 상계리,19880423,,3,
4375025034,충청북도 진천군 진천읍 금암리,19880423,,3,
4375025035,충청북도 진천군 진천읍 연곡리,19880423,,3,
4375025036,충청북도 진천군 진천읍 삼덕리,19880423,,3,
4375025037,충청북도 진천군 진천읍 송두리,19880423,,3,
4375025038,충청북도 진천군 진천읍 가산리,19880423,,3,
4375025039,충청북도 진천군 진천읍 상신리,19880423,,3,
4375025040,충청북도 진천군 진천읍 산척리,19880423,,3,
4375025300,덕산읍,20190701,,2,4375000000
4375025321,충청북도 진천군 덕산읍 옥동리,20190701,,3,
4375025322,충청북도 진천군 덕산읍 화상리,20190701,,3,
4375025323,충청북도 진천군 덕산읍 산수리,20190701,,3,
4375025324,충청북도 진천군 덕산읍 인산리,20190701,,3,
4375025325,충청북도 진천군 덕산읍 두촌리,20190701,,3,
4375025326,충청북도 진천군 덕산읍 석장리,20190701,,3,
4375025327,충청북도 진천군 덕산읍 기전리,20190701,,3,
4375025328,충청북도 진천군 덕산읍 구산리,20190701,,3,
4375025329,충청북도 진천군 덕산읍 신척리,20190701,,3,
4375025330,충청북도 진천군 덕산읍 용몽리,20190701,,3,
4375025331,충청북도 진천군 덕산읍 한천리,20190701,,3,
4375025332,충청북도 진천군 덕산읍 합목리,20190701,,3,
4375032000,초평면,19880423,,2,4375000000
4375032021,충청북도 진천군 초평면 신통리,19880423,,3,
4375032022,충청북도 진천군 초평면 영구리,19880423,,3,
4375032023,충청북도 진천군 초평면 화산리,19880423,,3,
4375032024,충청북도 진천군 초평면 용정리,19880423,,3,
4375032025,충청북도 진천군 초평면 금곡리,19880423,,3,
4375032026,충청북도 진천군 초평면 오갑리,19880423,,3,
4375032027,충청북도 진천군 초평면 연담리,19880423,,3,
4375032028,충청북도 진천군 초평면 용기리,19880423,,3,
4375032029,충청북도 진천군 초평면 용산리,19880423,,3,
4375032030,충청북도 진천군 초평면 은암리,19880423,,3,
4375032031,충청북도 진천군 초평면 진암리,19880423,,3,
4375032032,충청북도 진천군 초평면 중석리,19880423,,3,
4375033000,문백면,19880423,,2,4375000000
4375033021,충청북도 진천군 문백면 문덕리,19880423,,3,
4375033022,충청북도 진천군 문백면 사양리,19880423,,3,
4375033023,충청북도 진천군 문백면 장월리,19880423,,3,
4375033025,충청북도 진천군 문백면 평산리,19880423,,3,
4375033026,충청북도 진천군 문백면 계산리,19880423,,3,
4375033027,충청북도 진천군 문백면 봉죽리,19880423,,3,
4375033028,충청북도 진천군 문백면 은탄리,19880423,,3,
4375033029,충청북도 진천군 문백면 도하리,19880423,,3,
4375033030,충청북도 진천군 문백면 옥성리,19880423,,3,
4375033031,충청북도 진천군 문백면 태락리,19880423,,3,
4375033032,충청북도 진천군 문백면 구산동리,20201030,,3,
4375034000,백곡면,19880423,,2,4375000000
4375034021,충청북도 진천군 백곡면 석현리,19880423,,3,
4375034022,충청북도 진천군 백곡면 용덕리,19880423,,3,
4375034023,충청북도 진천군 백곡면 성대리,19880423,,3,
4375034024,충청북도 진천군 백곡면 양백리,19880423,,3,
4375034025,충청북도 진천군 백곡면 구수리,19880423,,3,
4375034026,충청북도 진천군 백곡면 갈월리,19880423,,3,
4375034027,충청북도 진천군 백곡면 대문리,19880423,,3,
4375034028,충청북도 진천군 백곡면 명암리,19880423,,3,
4375034029,충청북도 진천군 백곡면 사송리,19880423,,3,
4375035000,이월면,19880423,,2,4375000000
4375035021,충청북도 진천군 이월면 사곡리,19880423,,3,
4375035022,충청북도 진천군 이월면 중산리,19880423,,3,
4375035023,충청북도 진천군 이월면 노원리,19880423,,3,
4375035024,충청북도 진천군 이월면 장양리,19880423,,3,
4375035025,충청북도 진천군 이월면 송림리,19880423,,3,
4375035026,충청북도 진천군 이월면 동성리,19880423,,3,
4375035027,충청북도 진천군 이월면 삼용리,19880423,,3,
4375035028,충청북도 진천군 이월면 신월리,19880423,,3,
4375035029,충청북도 진천군 이월면 미잠리,19880423,,3,
4375035030,충청북도 진천군 이월면 신계리,19880423,,3,
4375035031,충청북도 진천군 이월면 사당리,19880423,,3,
4375035032,충청북도 진천군 이월면 내촌리,19880423,,3,
4375037000,광혜원면,20000101,,2,4375000000
4375037021,충청북도 진천군 광혜원면 금곡리,20000101,,3,
4375037022,충청북도 진천군 광혜원면 월성리,20000101,,3,
4375037023,충청북도 진천군 광혜원면 회죽리,20000101,,3,
4375037024,충청북도 진천군 광혜원면 죽현리,20000101,,3,
4375037025,충청북도 진천군 광혜원면 구암리,20000101,,3,
4375037026,충청북도 진천군 광혜원면 실원리,20000101,,3,
4375037027,충청북도 진천군 광혜원면 광혜원리,20000101,,3,
4376000000,괴산군,19880423,,1,4300000000
4376025000,괴산읍,19880423,,2,4376000000
4376025021,충청북도 괴산군 괴산읍 동부리,19880423,,3,
4376025022,충청북도 괴산군 괴산읍 서부리,19880423,,3,
4376025023,충청북도 괴산군 괴산읍 정용리,19880423,,3,
4376025024,충청북도 괴산군 괴산읍 신기리,19880423,,3,
4376025025,충청북도 괴산군 괴산읍 신항리,19880423,,3,
4376025026,충청북도 괴산군 괴산읍 사창리,19880423,,3,
4376025027,충청북도 괴산군 괴산읍 능촌리,19880423,,3,
4376025028,충청북도 괴산군 괴산읍 제월리,19880423,,3,
4376025029,충청북도 괴산군 괴산읍 대덕리,19880423,,3,
4376025030,충청북도 괴산군 괴산읍 대사리,19880423,,3,
4376025031,충청북도 괴산군 괴산읍 검승리,19880423,,3,
4376031000,감물면,19880423,,2,4376000000
4376031021,충청북도 괴산군 감물면 오성리,19880423,,3,
4376031022,충청북도 괴산군 감물면 오창리,19880423,,3,
4376031023,충청북도 괴산군 감물면 이담리,19880423,,3,
4376031024,충청북도 괴산군 감물면 구월리,19880423,,3,
4376031025,충청북도 괴산군 감물면 백양리,19880423,,3,
4376031026,충청북도 괴산군 감물면 광전리,19880423,,3,
4376031027,충청북도 괴산군 감물면 매전리,19880423,,3,
4376032000,장연면,19880423,,2,4376000000
4376032021,충청북도 괴산군 장연면 오가리,19880423,,3,
4376032022,충청북도 괴산군 장연면 추점리,19880423,,3,
4376032023,충청북도 괴산군 장연면 방곡리,19880423,,3,
4376032024,충청북도 괴산군 장연면 광진리,19880423,,3,
4376032025,충청북도 괴산군 장연면 조곡리,19880423,,3,
4376032026,충청북도 괴산군 장연면 장암리,19880423,,3,
4376032028,충청북도 괴산군 장연면 송덕리,19880423,,3,
4376033000,연풍면,19880423,,2,4376000000
4376033021,충청북도 괴산군 연풍면 삼풍리,19880423,,3,
4376033022,충청북도 괴산군 연풍면 행촌리,19880423,,3,
4376033023,충청북도 괴산군 연풍면 주진리,19880423,,3,
4376033024,충청북도 괴산군 연풍면 분지리,19880423,,3,
4376033025,충청북도 괴산군 연풍면 원풍리,19880423,,3,
4376033026,충청북도 괴산군 연풍면 유상리,19880423,,3,
4376033027,충청북도 괴산군 연풍면 유하리,19880423,,3,
4376033028,충청북도 괴산군 연풍면 갈금리,19880423,,3,
4376033029,충청북도 괴산군 연풍면 적석리,19880423,,3,
4376034000,칠성면,19880423,,2,4376000000
4376034021,충청북도 괴산군 칠성면 도정리,19880423,,3,
4376034022,충청북도 괴산군 칠성면 사평리,19880423,,3,
4376034023,충청북도 괴산군 칠성면 비도리,19880423,,3,
4376034024,충청북도 괴산군 칠성면 쌍곡리,19880423,,3,
4376034025,충청북도 괴산군 칠성면 율지리,19880423,,3,
4376034026,충청북도 괴산군 칠성면 율원리,19880423,,3,
4376034027,충청북도 괴산군 칠성면 사은리,19880423,,3,
4376034028,충청북도 괴산군 칠성면 외사리,19880423,,3,
4376034029,충청북도 괴산군 칠성면 송동리,19880423,,3,
4376034030,충청북도 괴산군 칠성면 두천리,19880423,,3,
4376034031,충청북도 괴산군 칠성면 갈읍리,19880423,,3,
4376034032,충청북도 괴산군 칠성면 태성리,19890101,,3,
4376035000,문광면,19880423,,2,4376000000
4376035021,충청북도 괴산군 문광면 광덕리,19880423,,3,
4376035022,충청북도 괴산군 문광면 송평리,19880423,,3,
4376035023,충청북도 괴산군 문광면 대명리,19880423,,3,
4376035024,충청북도 괴산군 문광면 유평리,19880423,,3,
4376035025,충청북도 괴산군 문광면 문법리,19880423,,3,
4376035026,충청북도 괴산군 문광면 신기리,19880423,,3,
4376035027,충청북도 괴산군 문광면 양곡리,19880423,,3,
4376035028,충청북도 괴산군 문광면 방성리,19880423,,3,
4376035029,충청북도 괴산군 문광면 흑석리,19880423,,3,
4376035030,충청북도 괴산군 문광면 옥성리,19880423,,3,
4376036000,청천면,19880423,,2,4376000000
4376036021,충청북도 괴산군 청천면 청천리,19880423,,3,
4376036022,충청북도 괴산군 청천면 선평리,19880423,,3,
4376036023,충청북도 괴산군 청천면 후평리,19880423,,3,
4376036024,충청북도 괴산군 청천면 강평리,19880423,,3,
4376036025,충청북도 괴산군 청천면 귀만리,19880423,,3,
4376036026,충청북도 괴산군 청천면 평단리,19880423,,3,
4376036027,충청북도 괴산군 청천면 신월리,19880423,,3,
4376036028,충청북도 괴산군 청천면 상신리,19880423,,3,
4376036029,충청북도 괴산군 청천면 사담리,19880423,,3,
4376036030,충청북도 괴산군 청천면 고성리,19880423,,3,
4376036031,충청북도 괴산군 청천면 도원리,19880423,,3,
4376036032,충청북도 괴산군 청천면 무릉리,19880423,,3,
4376036033,충청북도 괴산군 청천면 금평리,19880423,,3,
4376036034,충청북도 괴산군 청천면 월문리,19880423,,3,
4376036035,충청북도 괴산군 청천면 삼락리,19880423,,3,
4376036036,충청북도 괴산군 청천면 부성리,19880423,,3,
4376036037,충청북도 괴산군 청천면 여사왕리,19880423,,3,
4376036038,충청북도 괴산군 청천면 대전리,19880423,,3,
4376036039,충청북도 괴산군 청천면 지경리,19880423,,3,
4376036040,충청북도 괴산군 청천면 덕평리,19880423,,3,
4376036041,충청북도 괴산군 청천면 거봉리,19880423,,3,
4376036042,충청북도 괴산군 청천면 지촌리,19880423,,3,
4376036043,충청북도 괴산군 청천면 운교리,19880423,,3,
4376036044,충청북도 괴산군 청천면 대티리,19880423,,3,
4376036045,충청북도 괴산군 청천면 화양리,19880423,,3,
4376036046,충청북도 괴산군 청천면 후영리,19880423,,3,
4376036047,충청북도 괴산군 청천면 송면리,19880423,,3,
4376036048,충청북도 괴산군 청천면 이평리,19880423,,3,
4376036049,충청북도 괴산군 청천면 사기막리,19880423,,3,
4376036050,충청북도 괴산군 청천면 관평리,19880423,,3,
4376036051,충청북도 괴산군 청천면 삼송리,19880423,,3,
4376037000,청안면,19880423,,2,4376000000
4376037021,충청북도 괴산군 청안면 읍내리,19880423,,3,
4376037022,충청북도 괴산군 청안면 금신리,19880423,,3,
4376037023,충청북도 괴산군 청안면 문방리,19880423,,3,
4376037024,충청북도 괴산군 청안면 효근리,19880423,,3,
4376037025,충청북도 괴산군 청안면 조천리,19880423,,3,
4376037026,충청북도 괴산군 청안면 청용리,19880423,,3,
4376037027,충청북도 괴산군 청안면 문당리,19880423,,3,
4376037028,충청북도 괴산군 청안면 운곡리,19880423,,3,
4376037029,충청북도 괴산군 청안면 백봉리,19880423,,3,
4376037030,충청북도 괴산군 청안면 부흥리,19880423,,3,
4376037031,충청북도 괴산군 청안면 장암리,19880423,,3,
4376039000,사리면,19880423,,2,4376000000
4376039021,충청북도 괴산군 사리면 사담리,19880423,,3,
4376039022,충청북도 괴산군 사리면 소매리,19880423,,3,
4376039023,충청북도 괴산군 사리면 노송리,19880423,,3,
4376039024,충청북도 괴산군 사리면 중흥리,19880423,,3,
4376039025,충청북도 괴산군 사리면 방축리,19880423,,3,
4376039026,충청북도 괴산군 사리면 수암리,19880423,,3,
4376039027,충청북도 괴산군 사리면 이곡리,19880423,,3,
4376039028,충청북도 괴산군 사리면 화산리,19880423,,3,
4376040000,소수면,19880423,,2,4376000000
4376040021,충청북도 괴산군 소수면 수리,19880423,,3,
4376040022,충청북도 괴산군 소수면 입암리,19880423,,3,
4376040023,충청북도 괴산군 소수면 아성리,19880423,,3,
4376040024,충청북도 괴산군 소수면 고마리,19880423,,3,
4376040025,충청북도 괴산군 소수면 소암리,19880423,,3,
4376040026,충청북도 괴산군 소수면 몽촌리,19880423,,3,
4376040027,충청북도 괴산군 소수면 옥현리,19880423,,3,
4376040028,충청북도 괴산군 소수면 길선리,19880423,,3,
4376041000,불정면,19880423,,2,4376000000
4376041021,충청북도 괴산군 불정면 목도리,19880423,,3,
4376041022,충청북도 괴산군 불정면 창산리,19880423,,3,
4376041023,충청북도 괴산군 불정면 탑촌리,19880423,,3,
4376041024,충청북도 괴산군 불정면 추산리,19880423,,3,
4376041025,충청북도 괴산군 불정면 외령리,19880423,,3,
4376041026,충청북도 괴산군 불정면 삼방리,19880423,,3,
4376041027,충청북도 괴산군 불정면 웅동리,19880423,,3,
4376041028,충청북도 괴산군 불정면 하문리,19880423,,3,
4376041029,충청북도 괴산군 불정면 앵천리,19880423,,3,
4376041030,충청북도 괴산군 불정면 신흥리,19880423,,3,
4376041031,충청북도 괴산군 불정면 지장리,19880423,,3,
4376041032,충청북도 괴산군 불정면 세평리,19880423,,3,
4377000000,음성군,19880423,,1,4300000000
4377025000,음성읍,19880423,,2,4377000000
4377025021,충청북도 음성군 음성읍 읍내리,19880423,,3,
4377025022,충청북도 음성군 음성읍 평곡리,19880423,,3,
4377025023,충청북도 음성군 음성읍 석인리,19880423,,3,
4377025024,충청북도 음성군 음성읍 한벌리,19880423,,3,
4377025025,충청북도 음성군 음성읍 용산리,19880423,,3,
4377025026,충청북도 음성군 음성읍 사정리,19880423,,3,
4377025027,충청북도 음성군 음성읍 감우리,19880423,,3,
4377025028,충청북도 음성군 음성읍 소여리,19880423,,3,
4377025029,충청북도 음성군 음성읍 신천리,19880423,,3,
4377025030,충청북도 음성군 음성읍 초천리,19880423,,3,
4377025031,충청북도 음성군 음성읍 동음리,19880423,,3,
4377025032,충청북도 음성군 음성읍 삼생리,19880423,,3,
4377025300,금왕읍,19880423,,2,4377000000
4377025321,충청북도 음성군 금왕읍 무극리,19880423,,3,
4377025322,충청북도 음성군 금왕읍 금석리,19880423,,3,
4377025323,충청북도 음성군 금왕읍 정생리,19880423,,3,
4377025324,충청북도 음성군 금왕읍 육령리,19880423,,3,
4377025325,충청북도 음성군 금왕읍 백야리,19880423,,3,
4377025326,충청북도 음성군 금왕읍 용계리,19880423,,3,
4377025327,충청북도 음성군 금왕읍 봉곡리,19880423,,3,
4377025328,충청북도 음성군 금왕읍 유촌리,19880423,,3,
4377025329,충청북도 음성군 금왕읍 신평리,19880423,,3,
4377025330,충청북도 음성군 금왕읍 본대리,19880423,,3,
4377025331,충청북도 음성군 금왕읍 내곡리,19880423,,3,
4377025332,충청북도 음성군 금왕읍 사창리,19880423,,3,
4377025333,충청북도 음성군 금왕읍 구계리,19880423,,3,
4377025334,충청북도 음성군 금왕읍 호산리,19880423,,3,
4377025335,충청북도 음성군 금왕읍 쌍봉리,19880423,,3,
4377025336,충청북도 음성군 금왕읍 유포리,19880423,,3,
4377025337,충청북도 음성군 금왕읍 오선리,19880423,,3,
4377025338,충청북도 음성군 금왕읍 도청리,19880423,,3,
4377025339,충청북도 음성군 금왕읍 내송리,19880423,,3,
4377025340,충청북도 음성군 금왕읍 각회리,19880423,,3,
4377025341,충청북도 음성군 금왕읍 삼봉리,19880423,,3,
4377025342,충청북도 음성군 금왕읍 행제리,19920604,,3,
4377031000,소이면,19880423,,2,4377000000
4377031021,충청북도 음성군 소이면 대장리,19880423,,3,
4377031022,충청북도 음성군 소이면 후미리,19880423,,3,
4377031023,충청북도 음성군 소이면 중동리,19880423,,3,
4377031024,충청북도 음성군 소이면 문등리,19880423,,3,
4377031025,충청북도 음성군 소이면 갑산리,19880423,,3,
4377031026,충청북도 음성군 소이면 봉전리,19880423,,3,
4377031027,충청북도 음성군 소이면 금고리,19880423,,3,
4377031028,충청북도 음성군 소이면 충도리,19880423,,3,
4377031029,충청북도 음성군 소이면 비산리,19880423,,3,
4377032000,원남면,19880423,,2,4377000000
4377032021,충청북도 음성군 원남면 보천리,19880423,,3,
4377032022,충청북도 음성군 원남면 보룡리,19880423,,3,
4377032023,충청북도 음성군 원남면 마송리,19880423,,3,
4377032024,충청북도 음성군 원남면 상당리,19880423,,3,
4377032025,충청북도 음성군 원남면 하당리,19880423,,3,
4377032026,충청북도 음성군 원남면 상노리,19880423,,3,
4377032027,충청북도 음성군 원남면 하노리,19880423,,3,
4377032028,충청북도 음성군 원남면 구안리,19880423,,3,
4377032029,충청북도 음성군 원남면 주봉리,19880423,,3,
4377032030,충청북도 음성군 원남면 문암리,19880423,,3,
4377032031,충청북도 음성군 원남면 조촌리,19880423,,3,
4377032032,충청북도 음성군 원남면 삼용리,19880423,,3,
4377032033,충청북도 음성군 원남면 덕정리,19880423,,3,
4377033000,맹동면,19880423,,2,4377000000
4377033021,충청북도 음성군 맹동면 쌍정리,19880423,,3,
4377033022,충청북도 음성군 맹동면 인곡리,19880423,,3,
4377033023,충청북도 음성군 맹동면 마산리,19880423,,3,
4377033024,충청북도 음성군 맹동면 봉현리,19880423,,3,
4377033025,충청북도 음성군 맹동면 용촌리,19880423,,3,
4377033026,충청북도 음성군 맹동면 신돈리,19880423,,3,
4377033027,충청북도 음성군 맹동면 본성리,19880423,,3,
4377033028,충청북도 음성군 맹동면 두성리,19880423,,3,
4377033029,충청북도 음성군 맹동면 통동리,19880423,,3,
4377033030,충청북도 음성군 맹동면 군자리,19880423,,3,
4377033031,충청북도 음성군 맹동면 동성리,20141010,,3,
4377034000,대소면,19880423,,2,4377000000
4377034021,충청북도 음성군 대소면 오산리,19880423,,3,
4377034022,충청북도 음성군 대소면 태생리,19880423,,3,
4377034023,충청북도 음성군 대소면 소석리,19880423,,3,
4377034024,충청북도 음성군 대소면 성본리,19880423,,3,
4377034025,충청북도 음성군 대소면 부윤리,19880423,,3,
4377034026,충청북도 음성군 대소면 수태리,19880423,,3,
4377034027,충청북도 음성군 대소면 삼정리,19880423,,3,
4377034028,충청북도 음성군 대소면 미곡리,19880423,,3,
4377034029,충청북도 음성군 대소면 삼호리,19880423,,3,
4377034030,충청북도 음성군 대소면 내산리,19880423,,3,
4377034031,충청북도 음성군 대소면 오류리,19880423,,3,
4377034032,충청북도 음성군 대소면 대풍리,19880423,,3,
4377035000,삼성면,19880423,,2,4377000000
4377035021,충청북도 음성군 삼성면 덕정리,19880423,,3,
4377035022,충청북도 음성군 삼성면 양덕리,19880423,,3,
4377035023,충청북도 음성군 삼성면 대사리,19880423,,3,
4377035024,충청북도 음성군 삼성면 용성리,19880423,,3,
4377035025,충청북도 음성군 삼성면 상곡리,19880423,,3,
4377035026,충청북도 음성군 삼성면 청용리,19880423,,3,
4377035027,충청북도 음성군 삼성면 천평리,19880423,,3,
4377035028,충청북도 음성군 삼성면 선정리,19880423,,3,
4377035029,충청북도 음성군 삼성면 대정리,19880423,,3,
4377035030,충청북도 음성군 삼성면 능산리,19880423,,3,
4377035031,충청북도 음성군 삼성면 용대리,19880423,,3,
4377035032,충청북도 음성군 삼성면 대야리,19880423,,3,
4377036000,생극면,19880423,,2,4377000000
4377036021,충청북도 음성군 생극면 신양리,19880423,,3,
4377036022,충청북도 음성군 생극면 병암리,19880423,,3,
4377036023,충청북도 음성군 생극면 도신리,19880423,,3,
4377036024,충청북도 음성군 생극면 관성리,19880423,,3,
4377036025,충청북도 음성군 생극면 팔성리,19880423,,3,
4377036026,충청북도 음성군 생극면 송곡리,19880423,,3,
4377036027,충청북도 음성군 생극면 임곡리,19880423,,3,
4377036028,충청북도 음성군 생극면 방축리,19880423,,3,
4377036029,충청북도 음성군 생극면 차평리,19880423,,3,
4377036030,충청북도 음성군 생극면 차곡리,19880423,,3,
4377036031,충청북도 음성군 생극면 오생리,19880423,,3,
4377036032,충청북도 음성군 생극면 생리,19880423,,3,
4377037000,감곡면,19880423,,2,4377000000
4377037021,충청북도 음성군 감곡면 오향리,19880423,,3,
4377037022,충청북도 음성군 감곡면 주천리,19880423,,3,
4377037023,충청북도 음성군 감곡면 원당리,19880423,,3,
4377037024,충청북도 음성군 감곡면 상평리,19880423,,3,
4377037025,충청북도 음성군 감곡면 월정리,19880423,,3,
4377037026,충청북도 음성군 감곡면 영산리,19880423,,3,
4377037027,충청북도 음성군 감곡면 사곡리,19880423,,3,
4377037028,충청북도 음성군 감곡면 문촌리,19880423,,3,
4377037029,충청북도 음성군 감곡면 오궁리,19880423,,3,
4377037030,충청북도 음성군 감곡면 상우리,19880423,,3,
4377037031,충청북도 음성군 감곡면 왕장리,19880423,,3,
4377037032,충청북도 음성군 감곡면 단평리,19880423,,3,
4380000000,단양군,19880423,,1,4300000000
4380025000,단양읍,19880423,,2,4380000000
4380025021,충청북도 단양군 단양읍 현천리,19880423,,3,
4380025022,충청북도 단양군 단양읍 덕상리,19880423,,3,
4380025023,충청북도 단양군 단양읍 심곡리,19880423,,3,
4380025024,충청북도 단양군 단양읍 증도리,19880423,,3,
4380025025,충청북도 단양군 단양읍 별곡리,19880423,,3,
4380025026,충청북도 단양군 단양읍 도전리,19880423,,3,
4380025027,충청북도 단양군 단양읍 상진리,19880423,,3,
4380025028,충청북도 단양군 단양읍 도담리,19880423,,3,
4380025029,충청북도 단양군 단양읍 후곡리,19890101,,3,
4380025030,충청북도 단양군 단양읍 장현리,19890101,,3,
4380025031,충청북도 단양군 단양읍 노동리,19890101,,3,
4380025032,충청북도 단양군 단양읍 마조리,19890101,,3,
4380025033,충청북도 단양군 단양읍 수촌리,19890101,,3,
4380025034,충청북도 단양군 단양읍 천동리,19890101,,3,
4380025035,충청북도 단양군 단양읍 금곡리,19890101,,3,
4380025036,충청북도 단양군 단양읍 기촌리,19890101,,3,
4380025037,충청북도 단양군 단양읍 고수리,19890101,,3,
4380025300,매포읍,19880423,,2,4380000000
4380025321,충청북도 단양군 매포읍 매포리,19880423,,3,
4380025322,충청북도 단양군 매포읍 우덕리,19880423,,3,
4380025324,충청북도 단양군 매포읍 하괴리,19880423,,3,
4380025325,충청북도 단양군 매포읍 상괴리,19880423,,3,
4380025326,충청북도 단양군 매포읍 안동리,19880423,,3,
4380025327,충청북도 단양군 매포읍 평동리,19880423,,3,
4380025328,충청북도 단양군 매포읍 도곡리,19880423,,3,
4380025329,충청북도 단양군 매포읍 하시리,19880423,,3,
4380025330,충청북도 단양군 매포읍 상시리,19880423,,3,
4380025331,충청북도 단양군 매포읍 영천리,19880423,,3,
4380025332,충청북도 단양군 매포읍 가평리,19880423,,3,
4380025333,충청북도 단양군 매포읍 삼곡리,19880423,,3,
4380025334,충청북도 단양군 매포읍 고양리,19880423,,3,
4380025335,충청북도 단양군 매포읍 김산리,19880423,,3,
4380025336,충청북도 단양군 매포읍 응실리,20180301,,3,
4380031000,대강면,19880423,,2,4380000000
4380031021,충청북도 단양군 대강면 장림리,19880423,,3,
4380031023,충청북도 단양군 대강면 당동리,19880423,,3,
4380031024,충청북도 단양군 대강면 용부원리,19880423,,3,
4380031033,충청북도 단양군 대강면 두음리,19880423,,3,
4380031034,충청북도 단양군 대강면 괴평리,19880423,,3,
4380031035,충청북도 단양군 대강면 사인암리,19880423,,3,
4380031036,충청북도 단양군 대강면 직티리,19880423,,3,
4380031037,충청북도 단양군 대강면 황정리,19880423,,3,
4380031038,충청북도 단양군 대강면 성금리,19880423,,3,
4380031039,충청북도 단양군 대강면 미노리,19880423,,3,
4380031040,충청북도 단양군 대강면 덕촌리,19880423,,3,
4380031041,충청북도 단양군 대강면 장정리,19880423,,3,
4380031042,충청북도 단양군 대강면 사동리,19880423,,3,
4380031043,충청북도 단양군 대강면 남천리,19880423,,3,
4380031044,충청북도 단양군 대강면 남조리,19880423,,3,
4380031045,충청북도 단양군 대강면 무수천리,19880423,,3,
4380031046,충청북도 단양군 대강면 신구리,19880423,,3,
4380031047,충청북도 단양군 대강면 올산리,19880423,,3,
4380031048,충청북도 단양군 대강면 방곡리,19880423,,3,
4380032000,가곡면,19880423,,2,4380000000
4380032021,충청북도 단양군 가곡면 사평리,19880423,,3,
4380032022,충청북도 단양군 가곡면 가대리,19880423,,3,
4380032023,충청북도 단양군 가곡면 여천리,19880423,,3,
4380032024,충청북도 단양군 가곡면 덕천리,19880423,,3,
4380032025,충청북도 단양군 가곡면 대대리,19880423,,3,
4380032026,충청북도 단양군 가곡면 어의곡리,19880423,,3,
4380032027,충청북도 단양군 가곡면 보발리,19880423,,3,
4380032028,충청북도 단양군 가곡면 향산리,19880423,,3,
4380033000,영춘면,19880423,,2,4380000000
4380033021,충청북도 단양군 영춘면 상리,19880423,,3,
4380033022,충청북도 단양군 영춘면 하리,19880423,,3,
4380033023,충청북도 단양군 영춘면 남천리,19880423,,3,
4380033024,충청북도 단양군 영춘면 백자리,19880423,,3,
4380033025,충청북도 단양군 영춘면 의풍리,19880423,,3,
4380033026,충청북도 단양군 영춘면 동대리,19880423,,3,
4380033027,충청북도 단양군 영춘면 용진리,19880423,,3,
4380033028,충청북도 단양군 영춘면 오사리,19880423,,3,
4380033029,충청북도 단양군 영춘면 유암리,19880423,,3,
4380033030,충청북도 단양군 영춘면 사이곡리,19880423,,3,
4380033031,충청북도 단양군 영춘면 별방리,19880423,,3,
4380033032,충청북도 단양군 영춘면 만종리,19880423,,3,
4380033033,충청북도 단양군 영춘면 장발리,19880423,,3,
4380033034,충청북도 단양군 영춘면 사지원리,19880423,,3,
4380034000,어상천면,19880423,,2,4380000000
4380034021,충청북도 단양군 어상천면 임현리,19880423,,3,
4380034022,충청북도 단양군 어상천면 연곡리,19880423,,3,
4380034023,충청북도 단양군 어상천면 석교리,19880423,,3,
4380034024,충청북도 단양군 어상천면 대전리,19880423,,3,
4380034025,충청북도 단양군 어상천면 덕문곡리,19880423,,3,
4380034026,충청북도 단양군 어상천면 방북리,19880423,,3,
4380034027,충청북도 단양군 어상천면 심곡리,19880423,,3,
4380034028,충청북도 단양군 어상천면 율곡리,19880423,,3,
4380035000,적성면,19880423,,2,4380000000
4380035021,충청북도 단양군 적성면 하진리,19880423,,3,
4380035022,충청북도 단양군 적성면 현곡리,19880423,,3,
4380035023,충청북도 단양군 적성면 하리,19880423,,3,
4380035024,충청북도 단양군 적성면 성곡리,19880423,,3,
4380035025,충청북도 단양군 적성면 상리,19880423,,3,
4380035026,충청북도 단양군 적성면 애곡리,19880423,,3,
4380035027,충청북도 단양군 적성면 기동리,19880423,,3,
4380035028,충청북도 단양군 적성면 각기리,19880423,,3,
4380035029,충청북도 단양군 적성면 소야리,19880423,,3,
4380035030,충청북도 단양군 적성면 대가리,19880423,,3,
4380035031,충청북도 단양군 적성면 파랑리,19880423,,3,
4380035032,충청북도 단양군 적성면 하원곡리,19880423,,3,
4380035033,충청북도 단양군 적성면 상원곡리,19880423,,3,
4380036000,단성면,19920101,,2,4380000000
4380036021,충청북도 단양군 단성면 북상리,19920101,,3,
4380036022,충청북도 단양군 단성면 북하리,19920101,,3,
4380036023,충청북도 단양군 단성면 상방리,19920101,,3,
4380036024,충청북도 단양군 단성면 중방리,19920101,,3,
4380036025,충청북도 단양군 단성면 하방리,19920101,,3,
4380036026,충청북도 단양군 단성면 외중방리,19920101,,3,
4380036027,충청북도 단양군 단성면 장회리,19920101,,3,
4380036028,충청북도 단양군 단성면 두항리,19920101,,3,
4380036029,충청북도 단양군 단성면 고평리,19920101,,3,
4380036030,충청북도 단양군 단성면 양당리,19920101,,3,
4380036031,충청북도 단양군 단성면 벌천리,19920101,,3,
4380036032,충청북도 단양군 단성면 회산리,19920101,,3,
4380036033,충청북도 단양군 단성면 가산리,19920101,,3,
4380036034,충청북도 단양군 단성면 대잠리,19920101,,3,
4400000000,충청남도,19880423,,0,
4413000000,천안시,19880423,,1,4400000000
4413100000,천안시 동남구,20080623,,1,4400000000
4413110100,대흥동,20080623,,2,4413100000
4413110200,성황동,20080623,,2,4413100000
4413110300,문화동,20080623,,2,4413100000
4413110400,사직동,20080623,,2,4413100000
4413110500,영성동,20080623,,2,4413100000
4413110600,오룡동,20080623,,2,4413100000
4413110700,원성동,20080623,,2,4413100000
4413110800,구성동,20080623,,2,4413100000
4413110900,청수동,20080623,,2,4413100000
4413111000,삼룡동,20080623,,2,4413100000
4413111100,청당동,20080623,,2,4413100000
4413111200,유량동,20080623,,2,4413100000
4413111300,봉명동,20080623,,2,4413100000
4413111400,다가동,20080623,,2,4413100000
4413111500,용곡동,20080623,,2,4413100000
4413111600,신방동,20080623,,2,4413100000
4413111700,쌍용동,20080623,,2,4413100000
4413111800,신부동,20080623,,2,4413100000
4413111900,안서동,20080623,,2,4413100000
4413112000,구룡동,20080623,,2,4413100000
4413125000,목천읍,20080623,,2,4413100000
4413125021,충청남도 천안시 동남구 목천읍 서리,20080623,,3,
4413125022,충청남도 천안시 동남구 목천읍 동리,20080623,,3,
4413125023,충청남도 천안시 동남구 목천읍 교촌리,20080623,,3,
4413125024,충청남도 천안시 동남구 목천읍 서흥리,20080623,,3,
4413125025,충청남도 천안시 동남구 목천읍 덕전리,20080623,,3,
4413125026,충청남도 천안시 동남구 목천읍 송전리,20080623,,3,
4413125027,충청남도 천안시 동남구 목천읍 석천리,20080623,,3,
4413125028,충청남도 천안시 동남구 목천읍 동평리,20080623,,3,
4413125029,충청남도 천안시 동남구 목천읍 운전리,20080623,,3,
4413125030,충청남도 천안시 동남구 목천읍 남화리,20080623,,3,
4413125031,충청남도 천안시 동남구 목천읍 지산리,20080623,,3,
4413125032,충청남도 천안시 동남구 목천읍 교천리,20080623,,3,
4413125033,충청남도 천안시 동남구 목천읍 신계리,20080623,,3,
4413125034,충청남도 천안시 동남구 목천읍 천정리,20080623,,3,
4413125035,충청남도 천안시 동남구 목천읍 응원리,20080623,,3,
4413125036,충청남도 천안시 동남구 목천읍 삼성리,20080623,,3,
4413125037,충청남도 천안시 동남구 목천읍 도장리,20080623,,3,
4413125038,충청남도 천안시 동남구 목천읍 소사리,20080623,,3,
4413131000,풍세면,20080623,,2,4413100000
4413131021,충청남도 천안시 동남구 풍세면 풍서리,20080623,,3,
4413131022,충청남도 천안시 동남구 풍세면 가송리,20080623,,3,
4413131023,충청남도 천안시 동남구 풍세면 미죽리,20080623,,3,
4413131024,충청남도 천안시 동남구 풍세면 두남리,20080623,,3,
4413131025,충청남도 천안시 동남구 풍세면 남관리,20080623,,3,
4413131026,충청남도 천안시 동남구 풍세면 삼태리,20080623,,3,
4413131027,충청남도 천안시 동남구 풍세면 용정리,20080623,,3,
4413131028,충청남도 천안시 동남구 풍세면 보성리,20080623,,3,
4413132000,광덕면,20080623,,2,4413100000
4413132021,충청남도 천안시 동남구 광덕면 광덕리,20080623,,3,
4413132022,충청남도 천안시 동남구 광덕면 지장리,20080623,,3,
4413132023,충청남도 천안시 동남구 광덕면 보산원리,20080623,,3,
4413132024,충청남도 천안시 동남구 광덕면 대덕리,20080623,,3,
4413132025,충청남도 천안시 동남구 광덕면 매당리,20080623,,3,
4413132026,충청남도 천안시 동남구 광덕면 신흥리,20080623,,3,
4413132027,충청남도 천안시 동남구 광덕면 무학리,20080623,,3,
4413132028,충청남도 천안시 동남구 광덕면 신덕리,20080623,,3,
4413132029,충청남도 천안시 동남구 광덕면 행정리,20080623,,3,
4413132030,충청남도 천안시 동남구 광덕면 대평리,20080623,,3,
4413132031,충청남도 천안시 동남구 광덕면 원덕리,20080623,,3,
4413133000,북면,20080623,,2,4413100000
4413133021,충청남도 천안시 동남구 북면 연춘리,20080623,,3,
4413133022,충청남도 천안시 동남구 북면 상동리,20080623,,3,
4413133023,충청남도 천안시 동남구 북면 은지리,20080623,,3,
4413133024,충청남도 천안시 동남구 북면 용암리,20080623,,3,
4413133025,충청남도 천안시 동남구 북면 매송리,20080623,,3,
4413133026,충청남도 천안시 동남구 북면 명덕리,20080623,,3,
4413133027,충청남도 천안시 동남구 북면 오곡리,20080623,,3,
4413133028,충청남도 천안시 동남구 북면 사담리,20080623,,3,
4413133029,충청남도 천안시 동남구 북면 전곡리,20080623,,3,
4413133030,충청남도 천안시 동남구 북면 양곡리,20080623,,3,
4413133031,충청남도 천안시 동남구 북면 납안리,20080623,,3,
4413133032,충청남도 천안시 동남구 북면 운용리,20080623,,3,
4413133033,충청남도 천안시 동남구 북면 대평리,20080623,,3,
4413134000,성남면,20080623,,2,4413100000
4413134021,충청남도 천안시 동남구 성남면 신덕리,20080623,,3,
4413134022,충청남도 천안시 동남구 성남면 봉양리,20080623,,3,
4413134023,충청남도 천안시 동남구 성남면 대흥리,20080623,,3,
4413134024,충청남도 천안시 동남구 성남면 대정리,20080623,,3,
4413134025,충청남도 천안시 동남구 성남면 석곡리,20080623,,3,
4413134026,충청남도 천안시 동남구 성남면 용원리,20080623,,3,
4413134027,충청남도 천안시 동남구 성남면 신사리,20080623,,3,
4413134028,충청남도 천안시 동남구 성남면 대화리,20080623,,3,
4413134029,충청남도 천안시 동남구 성남면 화성리,20080623,,3,
4413135000,수신면,20080623,,2,4413100000
4413135021,충청남도 천안시 동남구 수신면 속창리,20080623,,3,
4413135022,충청남도 천안시 동남구 수신면 신풍리,20080623,,3,
4413135023,충청남도 천안시 동남구 수신면 해정리,20080623,,3,
4413135024,충청남도 천안시 동남구 수신면 백자리,20080623,,3,
4413135025,충청남도 천안시 동남구 수신면 발산리,20080623,,3,
4413135026,충청남도 천안시 동남구 수신면 장산리,20080623,,3,
4413136000,병천면,20080623,,2,4413100000
4413136021,충청남도 천안시 동남구 병천면 가전리,20080623,,3,
4413136022,충청남도 천안시 동남구 병천면 병천리,20080623,,3,
4413136023,충청남도 천안시 동남구 병천면 탑원리,20080623,,3,
4413136024,충청남도 천안시 동남구 병천면 도원리,20080623,,3,
4413136025,충청남도 천안시 동남구 병천면 매성리,20080623,,3,
4413136026,충청남도 천안시 동남구 병천면 관성리,20080623,,3,
4413136027,충청남도 천안시 동남구 병천면 봉항리,20080623,,3,
4413136028,충청남도 천안시 동남구 병천면 용두리,20080623,,3,
4413136029,충청남도 천안시 동남구 병천면 송정리,20080623,,3,
4413137000,동면,20080623,,2,4413100000
4413137021,충청남도 천안시 동남구 동면 구도리,20080623,,3,
4413137022,충청남도 천안시 동남구 동면 송연리,20080623,,3,
4413137023,충청남도 천안시 동남구 동면 화계리,20080623,,3,
4413137024,충청남도 천안시 동남구 동면 광덕리,20080623,,3,
4413137025,충청남도 천안시 동남구 동면 동산리,20080623,,3,
4413137026,충청남도 천안시 동남구 동면 행암리,20080623,,3,
4413137027,충청남도 천안시 동남구 동면 덕성리,20080623,,3,
4413137028,충청남도 천안시 동남구 동면 죽계리,20080623,,3,
4413137029,충청남도 천안시 동남구 동면 장송리,20080623,,3,
4413137030,충청남도 천안시 동남구 동면 수남리,20080623,,3,
4413137031,충청남도 천안시 동남구 동면 화덕리,20080623,,3,
4413300000,천안시 서북구,20080623,,1,4400000000
4413310100,와촌동,20080623,,2,4413300000
4413310200,성정동,20080623,,2,4413300000
4413310300,백석동,20080623,,2,4413300000
4413310400,두정동,20080623,,2,4413300000
4413310500,성성동,20080623,,2,4413300000
4413310600,차암동,20080623,,2,4413300000
4413310700,쌍용동,20080623,,2,4413300000
4413310800,불당동,20080623,,2,4413300000
4413310900,업성동,20080623,,2,4413300000
4413311000,신당동,20080623,,2,4413300000
4413311100,부대동,20080623,,2,4413300000
4413325000,성환읍,20080623,,2,4413300000
4413325021,충청남도 천안시 서북구 성환읍 성환리,20080623,,3,
4413325022,충청남도 천안시 서북구 성환읍 성월리,20080623,,3,
4413325023,충청남도 천안시 서북구 성환읍 매주리,20080623,,3,
4413325024,충청남도 천안시 서북구 성환읍 율금리,20080623,,3,
4413325025,충청남도 천안시 서북구 성환읍 왕림리,20080623,,3,
4413325026,충청남도 천안시 서북구 성환읍 신방리,20080623,,3,
4413325027,충청남도 천안시 서북구 성환읍 송덕리,20080623,,3,
4413325028,충청남도 천안시 서북구 성환읍 우신리,20080623,,3,
4413325029,충청남도 천안시 서북구 성환읍 어룡리,20080623,,3,
4413325030,충청남도 천안시 서북구 성환읍 복모리,20080623,,3,
4413325031,충청남도 천안시 서북구 성환읍 신가리,20080623,,3,
4413325032,충청남도 천안시 서북구 성환읍 와룡리,20080623,,3,
4413325033,충청남도 천안시 서북구 성환읍 학정리,20080623,,3,
4413325034,충청남도 천안시 서북구 성환읍 대홍리,20080623,,3,
4413325035,충청남도 천안시 서북구 성환읍 수향리,20080623,,3,
4413325036,충청남도 천안시 서북구 성환읍 안궁리,20080623,,3,
4413325037,충청남도 천안시 서북구 성환읍 양령리,20080623,,3,
4413325038,충청남도 천안시 서북구 성환읍 도하리,20080623,,3,
4413325300,성거읍,20080623,,2,4413300000
4413325321,충청남도 천안시 서북구 성거읍 송남리,20080623,,3,
4413325322,충청남도 천안시 서북구 성거읍 천흥리,20080623,,3,
4413325323,충청남도 천안시 서북구 성거읍 오목리,20080623,,3,
4413325324,충청남도 천안시 서북구 성거읍 오색당리,20080623,,3,
4413325325,충청남도 천안시 서북구 성거읍 저리,20080623,,3,
4413325326,충청남도 천안시 서북구 성거읍 모전리,20080623,,3,
4413325327,충청남도 천안시 서북구 성거읍 삼곡리,20080623,,3,
4413325328,충청남도 천안시 서북구 성거읍 정촌리,20080623,,3,
4413325329,충청남도 천안시 서북구 성거읍 문덕리,20080623,,3,
4413325330,충청남도 천안시 서북구 성거읍 석교리,20080623,,3,
4413325331,충청남도 천안시 서북구 성거읍 요방리,20080623,,3,
4413325332,충청남도 천안시 서북구 성거읍 소우리,20080623,,3,
4413325333,충청남도 천안시 서북구 성거읍 신월리,20080623,,3,
4413325600,직산읍,20080623,,2,4413300000
4413325621,충청남도 천안시 서북구 직산읍 군동리,20080623,,3,
4413325622,충청남도 천안시 서북구 직산읍 군서리,20080623,,3,
4413325623,충청남도 천안시 서북구 직산읍 남산리,20080623,,3,
4413325624,충청남도 천안시 서북구 직산읍 판정리,20080623,,3,
4413325625,충청남도 천안시 서북구 직산읍 수헐리,20080623,,3,
4413325626,충청남도 천안시 서북구 직산읍 삼은리,20080623,,3,
4413325627,충청남도 천안시 서북구 직산읍 상덕리,20080623,,3,
4413325628,충청남도 천안시 서북구 직산읍 부송리,20080623,,3,
4413325629,충청남도 천안시 서북구 직산읍 모시리,20080623,,3,
4413325630,충청남도 천안시 서북구 직산읍 자은가리,20080623,,3,
4413325631,충청남도 천안시 서북구 직산읍 양당리,20080623,,3,
4413325632,충청남도 천안시 서북구 직산읍 신갈리,20080623,,3,
4413325633,충청남도 천안시 서북구 직산읍 마정리,20080623,,3,
4413325634,충청남도 천안시 서북구 직산읍 석곡리,20080623,,3,
4413331000,입장면,20080623,,2,4413300000
4413331021,충청남도 천안시 서북구 입장면 하장리,20080623,,3,
4413331022,충청남도 천안시 서북구 입장면 상장리,20080623,,3,
4413331023,충청남도 천안시 서북구 입장면 기로리,20080623,,3,
4413331024,충청남도 천안시 서북구 입장면 도림리,20080623,,3,
4413331025,충청남도 천안시 서북구 입장면 양대리,20080623,,3,
4413331026,충청남도 천안시 서북구 입장면 홍천리,20080623,,3,
4413331027,충청남도 천안시 서북구 입장면 호당리,20080623,,3,
4413331028,충청남도 천안시 서북구 입장면 시장리,20080623,,3,
4413331029,충청남도 천안시 서북구 입장면 효계리,20080623,,3,
4413331030,충청남도 천안시 서북구 입장면 신덕리,20080623,,3,
4413331031,충청남도 천안시 서북구 입장면 신두리,20080623,,3,
4413331032,충청남도 천안시 서북구 입장면 용정리,20080623,,3,
4413331033,충청남도 천안시 서북구 입장면 흑암리,20080623,,3,
4413331034,충청남도 천안시 서북구 입장면 산정리,20080623,,3,
4413331035,충청남도 천안시 서북구 입장면 연곡리,20080623,,3,
4413331036,충청남도 천안시 서북구 입장면 가산리,20080623,,3,
4413331037,충청남도 천안시 서북구 입장면 유리,20080623,,3,
4413331038,충청남도 천안시 서북구 입장면 독정리,20080623,,3,
4415000000,공주시,19880423,,1,4400000000
4415010100,반죽동,19981202,,2,4415000000
4415010200,봉황동,19981202,,2,4415000000
4415010300,중학동,19880423,,2,4415000000
4415010400,중동,19880423,,2,4415000000
4415010500,산성동,19880423,,2,4415000000
4415010600,교동,19880423,,2,4415000000
4415010700,웅진동,19880423,,2,4415000000
4415010800,금성동,19880423,,2,4415000000
4415010900,옥룡동,19880423,,2,4415000000
4415011000,금학동,19880423,,2,4415000000
4415011100,봉정동,19880423,,2,4415000000
4415011200,주미동,19880423,,2,4415000000
4415011300,태봉동,19880423,,2,4415000000
4415011400,오곡동,19880423,,2,4415000000
4415011500,신기동,19880423,,2,4415000000
4415011600,소학동,19880423,,2,4415000000
4415011700,상왕동,19880423,,2,4415000000
4415011800,무릉동,19981202,,2,4415000000
4415011900,월송동,19981202,,2,4415000000
4415012000,신관동,19880423,,2,4415000000
4415012100,금흥동,19981202,,2,4415000000
4415012200,쌍신동,19880423,,2,4415000000
4415012300,월미동,19880423,,2,4415000000
4415012400,검상동,19880423,,2,4415000000
4415012500,석장리동,20120701,,2,4415000000
4415012600,송선동,20120701,,2,4415000000
4415012700,동현동,20120701,,2,4415000000
4415025000,유구읍,19950302,,2,4415000000
4415025021,충청남도 공주시 유구읍 백교리,19950302,,3,
4415025022,충청남도 공주시 유구읍 노동리,19950302,,3,
4415025023,충청남도 공주시 유구읍 석남리,19950302,,3,
4415025024,충청남도 공주시 유구읍 유구리,19950302,,3,
4415025025,충청남도 공주시 유구읍 녹천리,19950302,,3,
4415025026,충청남도 공주시 유구읍 신영리,19950302,,3,
4415025027,충청남도 공주시 유구읍 신달리,19950302,,3,
4415025028,충청남도 공주시 유구읍 입석리,19950302,,3,
4415025029,충청남도 공주시 유구읍 명곡리,19950302,,3,
4415025030,충청남도 공주시 유구읍 구계리,19950302,,3,
4415025031,충청남도 공주시 유구읍 연종리,19950302,,3,
4415025032,충청남도 공주시 유구읍 세동리,19950302,,3,
4415025033,충청남도 공주시 유구읍 추계리,19950302,,3,
4415025034,충청남도 공주시 유구읍 덕곡리,19950302,,3,
4415025035,충청남도 공주시 유구읍 문금리,19950302,,3,
4415025036,충청남도 공주시 유구읍 탑곡리,19950302,,3,
4415025037,충청남도 공주시 유구읍 동해리,19950302,,3,
4415025038,충청남도 공주시 유구읍 만천리,19950302,,3,
4415031000,이인면,19950101,,2,4415000000
4415031021,충청남도 공주시 이인면 이인리,19950101,,3,
4415031022,충청남도 공주시 이인면 만수리,19950101,,3,
4415031023,충청남도 공주시 이인면 오룡리,19950101,,3,
4415031024,충청남도 공주시 이인면 신흥리,19950101,,3,
4415031025,충청남도 공주시 이인면 주봉리,19950101,,3,
4415031026,충청남도 공주시 이인면 목동리,19950101,,3,
4415031027,충청남도 공주시 이인면 발양리,19950101,,3,
4415031028,충청남도 공주시 이인면 초봉리,19950101,,3,
4415031029,충청남도 공주시 이인면 용성리,19950101,,3,
4415031030,충청남도 공주시 이인면 구암리,19950101,,3,
4415031031,충청남도 공주시 이인면 달산리,19950101,,3,
4415031032,충청남도 공주시 이인면 산의리,19950101,,3,
4415031033,충청남도 공주시 이인면 복룡리,19950101,,3,
4415031034,충청남도 공주시 이인면 반송리,19950101,,3,
4415031035,충청남도 공주시 이인면 이곡리,19950101,,3,
4415031036,충청남도 공주시 이인면 운암리,19950101,,3,
4415031037,충청남도 공주시 이인면 신영리,19950101,,3,
4415032000,탄천면,19950101,,2,4415000000
4415032021,충청남도 공주시 탄천면 삼각리,19950101,,3,
4415032022,충청남도 공주시 탄천면 광명리,19950101,,3,
4415032023,충청남도 공주시 탄천면 장선리,19950101,,3,
4415032024,충청남도 공주시 탄천면 안영리,19950101,,3,
4415032025,충청남도 공주시 탄천면 덕지리,19950101,,3,
4415032026,충청남도 공주시 탄천면 화정리,19950101,,3,
4415032027,충청남도 공주시 탄천면 남산리,19950101,,3,
4415032028,충청남도 공주시 탄천면 가척리,19950101,,3,
4415032029,충청남도 공주시 탄천면 정치리,19950101,,3,
4415032030,충청남도 공주시 탄천면 성리,19950101,,3,
4415032031,충청남도 공주시 탄천면 송학리,19950101,,3,
4415032032,충청남도 공주시 탄천면 분강리,19950101,,3,
4415032033,충청남도 공주시 탄천면 유하리,19950101,,3,
4415032034,충청남도 공주시 탄천면 국동리,19950101,,3,
4415032035,충청남도 공주시 탄천면 운곡리,19950101,,3,
4415032036,충청남도 공주시 탄천면 견동리,19950101,,3,
4415032037,충청남도 공주시 탄천면 대학리,19950101,,3,
4415033000,계룡면,19950101,,2,4415000000
4415033021,충청남도 공주시 계룡면 기산리,19950101,,3,
4415033022,충청남도 공주시 계룡면 월암리,19950101,,3,
4415033023,충청남도 공주시 계룡면 봉명리,19950101,,3,
4415033024,충청남도 공주시 계룡면 화은리,19950101,,3,
4415033025,충청남도 공주시 계룡면 내흥리,19950101,,3,
4415033026,충청남도 공주시 계룡면 구왕리,19950101,,3,
4415033027,충청남도 공주시 계룡면 중장리,19950101,,3,
4415033028,충청남도 공주시 계룡면 하대리,19950101,,3,
4415033029,충청남도 공주시 계룡면 양화리,19950101,,3,
4415033030,충청남도 공주시 계룡면 경천리,19950101,,3,
4415033031,충청남도 공주시 계룡면 화헌리,19950101,,3,
4415033032,충청남도 공주시 계룡면 금대리,19950101,,3,
4415033033,충청남도 공주시 계룡면 상성리,19950101,,3,
4415033034,충청남도 공주시 계룡면 월곡리,19950101,,3,
4415033035,충청남도 공주시 계룡면 죽곡리,19950101,,3,
4415033036,충청남도 공주시 계룡면 향지리,19950101,,3,
4415033037,충청남도 공주시 계룡면 유평리,19950101,,3,
4415034000,반포면,19950101,,2,4415000000
4415034021,충청남도 공주시 반포면 공암리,19950101,,3,
4415034023,충청남도 공주시 반포면 송곡리,19950101,,3,
4415034028,충청남도 공주시 반포면 마암리,19950101,,3,
4415034029,충청남도 공주시 반포면 봉곡리,19950101,,3,
4415034030,충청남도 공주시 반포면 상신리,19950101,,3,
4415034031,충청남도 공주시 반포면 하신리,19950101,,3,
4415034032,충청남도 공주시 반포면 온천리,19950101,,3,
4415034033,충청남도 공주시 반포면 학봉리,19950101,,3,
4415036000,의당면,19950101,,2,4415000000
4415036021,충청남도 공주시 의당면 월곡리,19950101,,3,
4415036022,충청남도 공주시 의당면 두만리,19950101,,3,
4415036023,충청남도 공주시 의당면 오인리,19950101,,3,
4415036024,충청남도 공주시 의당면 수촌리,19950101,,3,
4415036025,충청남도 공주시 의당면 율정리,19950101,,3,
4415036026,충청남도 공주시 의당면 청룡리,19950101,,3,
4415036027,충청남도 공주시 의당면 유계리,19950101,,3,
4415036033,충청남도 공주시 의당면 가산리,19950101,,3,
4415036034,충청남도 공주시 의당면 중흥리,19950101,,3,
4415036035,충청남도 공주시 의당면 도신리,19950101,,3,
4415036036,충청남도 공주시 의당면 덕학리,19950101,,3,
4415036037,충청남도 공주시 의당면 요룡리,19950101,,3,
4415037000,정안면,19950101,,2,4415000000
4415037021,충청남도 공주시 정안면 광정리,19950101,,3,
4415037022,충청남도 공주시 정안면 상룡리,19950101,,3,
4415037023,충청남도 공주시 정안면 화봉리,19950101,,3,
4415037024,충청남도 공주시 정안면 평정리,19950101,,3,
4415037025,충청남도 공주시 정안면 북계리,19950101,,3,
4415037026,충청남도 공주시 정안면 석송리,19950101,,3,
4415037027,충청남도 공주시 정안면 전평리,19950101,,3,
4415037028,충청남도 공주시 정안면 쌍달리,19950101,,3,
4415037029,충청남도 공주시 정안면 고성리,19950101,,3,
4415037030,충청남도 공주시 정안면 운궁리,19950101,,3,
4415037031,충청남도 공주시 정안면 장원리,19950101,,3,
4415037032,충청남도 공주시 정안면 보물리,19950101,,3,
4415037033,충청남도 공주시 정안면 어물리,19950101,,3,
4415037034,충청남도 공주시 정안면 내촌리,19950101,,3,
4415037035,충청남도 공주시 정안면 사현리,19950101,,3,
4415037036,충청남도 공주시 정안면 인풍리,19950101,,3,
4415037037,충청남도 공주시 정안면 태성리,19950101,,3,
4415037038,충청남도 공주시 정안면 대산리,19950101,,3,
4415037039,충청남도 공주시 정안면 월산리,19950101,,3,
4415037040,충청남도 공주시 정안면 문천리,19950101,,3,
4415037041,충청남도 공주시 정안면 내문리,19950101,,3,
4415037042,충청남도 공주시 정안면 산성리,19950101,,3,
4415038000,우성면,19950101,,2,4415000000
4415038021,충청남도 공주시 우성면 동대리,19950101,,3,
4415038022,충청남도 공주시 우성면 단지리,19950101,,3,
4415038023,충청남도 공주시 우성면 방문리,19950101,,3,
4415038024,충청남도 공주시 우성면 상서리,19950101,,3,
4415038025,충청남도 공주시 우성면 평목리,19950101,,3,
4415038026,충청남도 공주시 우성면 도천리,19950101,,3,
4415038027,충청남도 공주시 우성면 신웅리,19950101,,3,
4415038028,충청남도 공주시 우성면 내산리,19950101,,3,
4415038029,충청남도 공주시 우성면 한천리,19950101,,3,
4415038030,충청남도 공주시 우성면 동곡리,19950101,,3,
4415038031,충청남도 공주시 우성면 반촌리,19950101,,3,
4415038032,충청남도 공주시 우성면 귀산리,19950101,,3,
4415038033,충청남도 공주시 우성면 목천리,19950101,,3,
4415038034,충청남도 공주시 우성면 방흥리,19950101,,3,
4415038035,충청남도 공주시 우성면 보흥리,19950101,,3,
4415038036,충청남도 공주시 우성면 대성리,19950101,,3,
4415038037,충청남도 공주시 우성면 안양리,19950101,,3,
4415038038,충청남도 공주시 우성면 용봉리,19950101,,3,
4415038039,충청남도 공주시 우성면 봉현리,19950101,,3,
4415038040,충청남도 공주시 우성면 어천리,19950101,,3,
4415038041,충청남도 공주시 우성면 죽당리,19950101,,3,
4415038042,충청남도 공주시 우성면 오동리,19950101,,3,
4415038043,충청남도 공주시 우성면 옥성리,19950101,,3,
4415039000,사곡면,19950101,,2,4415000000
4415039021,충청남도 공주시 사곡면 호계리,19950101,,3,
4415039022,충청남도 공주시 사곡면 신영리,19950101,,3,
4415039023,충청남도 공주시 사곡면 화월리,19950101,,3,
4415039024,충청남도 공주시 사곡면 계실리,19950101,,3,
4415039025,충청남도 공주시 사곡면 해월리,19950101,,3,
4415039026,충청남도 공주시 사곡면 고당리,19950101,,3,
4415039027,충청남도 공주시 사곡면 대중리,19950101,,3,
4415039028,충청남도 공주시 사곡면 가교리,19950101,,3,
4415039029,충청남도 공주시 사곡면 운암리,19950101,,3,
4415039030,충청남도 공주시 사곡면 회학리,19950101,,3,
4415039031,충청남도 공주시 사곡면 월가리,19950101,,3,
4415039032,충청남도 공주시 사곡면 유룡리,19950101,,3,
4415039033,충청남도 공주시 사곡면 부곡리,19950101,,3,
4415040000,신풍면,19950101,,2,4415000000
4415040021,충청남도 공주시 신풍면 산정리,19950101,,3,
4415040022,충청남도 공주시 신풍면 동원리,19950101,,3,
4415040023,충청남도 공주시 신풍면 조평리,19950101,,3,
4415040024,충청남도 공주시 신풍면 봉갑리,19950101,,3,
4415040025,충청남도 공주시 신풍면 용수리,19950101,,3,
4415040026,충청남도 공주시 신풍면 쌍대리,19950101,,3,
4415040027,충청남도 공주시 신풍면 청흥리,19950101,,3,
4415040028,충청남도 공주시 신풍면 대룡리,19950101,,3,
4415040029,충청남도 공주시 신풍면 입동리,19950101,,3,
4415040030,충청남도 공주시 신풍면 백룡리,19950101,,3,
4415040031,충청남도 공주시 신풍면 선학리,19950101,,3,
4415040032,충청남도 공주시 신풍면 영정리,19950101,,3,
4415040033,충청남도 공주시 신풍면 평소리,19950101,,3,
4415040034,충청남도 공주시 신풍면 화흥리,19950101,,3,
4418000000,보령시,19950101,,1,4400000000
4418010100,대천동,19950101,,2,4418000000
4418010200,죽정동,19950101,,2,4418000000
4418010300,화산동,19950101,,2,4418000000
4418010400,동대동,19950101,,2,4418000000
4418010500,명천동,19950101,,2,4418000000
4418010600,궁촌동,19950101,,2,4418000000
4418010700,내항동,19981109,,2,4418000000
4418010800,남곡동,19981109,,2,4418000000
4418010900,요암동,19981109,,2,4418000000
4418011000,신흑동,19950101,,2,4418000000
4418025000,웅천읍,19950302,,2,4418000000
4418025021,충청남도 보령시 웅천읍 대창리,19950302,,3,
4418025022,충청남도 보령시 웅천읍 평리,19950302,,3,
4418025023,충청남도 보령시 웅천읍 수부리,19950302,,3,
4418025024,충청남도 보령시 웅천읍 성동리,19950302,,3,
4418025025,충청남도 보령시 웅천읍 대천리,19950302,,3,
4418025026,충청남도 보령시 웅천읍 두룡리,19950302,,3,
4418025027,충청남도 보령시 웅천읍 구룡리,19950302,,3,
4418025028,충청남도 보령시 웅천읍 관당리,19950302,,3,
4418025029,충청남도 보령시 웅천읍 독산리,19950302,,3,
4418025030,충청남도 보령시 웅천읍 소황리,19950302,,3,
4418025031,충청남도 보령시 웅천읍 황교리,19950302,,3,
4418025032,충청남도 보령시 웅천읍 죽청리,19950302,,3,
4418025033,충청남도 보령시 웅천읍 노천리,19950302,,3,
4418031000,주포면,19950101,,2,4418000000
4418031021,충청남도 보령시 주포면 보령리,19950101,,3,
4418031022,충청남도 보령시 주포면 마강리,19950101,,3,
4418031023,충청남도 보령시 주포면 봉당리,19950101,,3,
4418031024,충청남도 보령시 주포면 관산리,19950101,,3,
4418031025,충청남도 보령시 주포면 연지리,19950101,,3,
4418032000,오천면,19950101,,2,4418000000
4418032021,충청남도 보령시 오천면 소성리,19950101,,3,
4418032022,충청남도 보령시 오천면 영보리,19950101,,3,
4418032023,충청남도 보령시 오천면 교성리,19950101,,3,
4418032024,충청남도 보령시 오천면 갈현리,19950101,,3,
4418032025,충청남도 보령시 오천면 오포리,19950101,,3,
4418032026,충청남도 보령시 오천면 효자도리,19950101,,3,
4418032027,충청남도 보령시 오천면 원산도리,19950101,,3,
4418032028,충청남도 보령시 오천면 삽시도리,19950101,,3,
4418032029,충청남도 보령시 오천면 녹도리,19950101,,3,
4418032030,충청남도 보령시 오천면 외연도리,19950101,,3,
4418033000,천북면,19950101,,2,4418000000
4418033021,충청남도 보령시 천북면 하만리,19950101,,3,
4418033022,충청남도 보령시 천북면 학성리,19950101,,3,
4418033023,충청남도 보령시 천북면 사호리,19950101,,3,
4418033024,충청남도 보령시 천북면 장은리,19950101,,3,
4418033025,충청남도 보령시 천북면 궁포리,19950101,,3,
4418033026,충청남도 보령시 천북면 낙동리,19950101,,3,
4418033027,충청남도 보령시 천북면 신덕리,19950101,,3,
4418033028,충청남도 보령시 천북면 신죽리,19950101,,3,
4418034000,청소면,19950101,,2,4418000000
4418034021,충청남도 보령시 청소면 진죽리,19950101,,3,
4418034022,충청남도 보령시 청소면 신송리,19950101,,3,
4418034023,충청남도 보령시 청소면 재정리,19950101,,3,
4418034024,충청남도 보령시 청소면 죽림리,19950101,,3,
4418034025,충청남도 보령시 청소면 성연리,19950101,,3,
4418034026,충청남도 보령시 청소면 정전리,19950101,,3,
4418034027,충청남도 보령시 청소면 야현리,19950101,,3,
4418034028,충청남도 보령시 청소면 장곡리,19950101,,3,
4418035000,청라면,19950101,,2,4418000000
4418035021,충청남도 보령시 청라면 나원리,19950101,,3,
4418035022,충청남도 보령시 청라면 소양리,19950101,,3,
4418035023,충청남도 보령시 청라면 내현리,19950101,,3,
4418035024,충청남도 보령시 청라면 의평리,19950101,,3,
4418035025,충청남도 보령시 청라면 향천리,19950101,,3,
4418035026,충청남도 보령시 청라면 장산리,19950101,,3,
4418035027,충청남도 보령시 청라면 옥계리,19950101,,3,
4418035028,충청남도 보령시 청라면 황룡리,19950101,,3,
4418035029,충청남도 보령시 청라면 장현리,19950101,,3,
4418035030,충청남도 보령시 청라면 신산리,19950101,,3,
4418035031,충청남도 보령시 청라면 음현리,19950101,,3,
4418036000,남포면,19950101,,2,4418000000
4418036021,충청남도 보령시 남포면 읍내리,19950101,,3,
4418036022,충청남도 보령시 남포면 옥동리,19950101,,3,
4418036023,충청남도 보령시 남포면 창동리,19950101,,3,
4418036024,충청남도 보령시 남포면 봉덕리,19950101,,3,
4418036025,충청남도 보령시 남포면 제석리,19950101,,3,
4418036026,충청남도 보령시 남포면 삼현리,19950101,,3,
4418036027,충청남도 보령시 남포면 소송리,19950101,,3,
4418036028,충청남도 보령시 남포면 옥서리,19950101,,3,
4418036029,충청남도 보령시 남포면 달산리,19950101,,3,
4418036030,충청남도 보령시 남포면 신흥리,19950101,,3,
4418036031,충청남도 보령시 남포면 양항리,19950101,,3,
4418036032,충청남도 보령시 남포면 양기리,19950101,,3,
4418036033,충청남도 보령시 남포면 월전리,19950101,,3,
4418038000,주산면,19950101,,2,4418000000
4418038021,충청남도 보령시 주산면 금암리,19950101,,3,
4418038022,충청남도 보령시 주산면 야룡리,19950101,,3,
4418038023,충청남도 보령시 주산면 주야리,19950101,,3,
4418038024,충청남도 보령시 주산면 신구리,19950101,,3,
4418038025,충청남도 보령시 주산면 유곡리,19950101,,3,
4418038026,충청남도 보령시 주산면 증산리,19950101,,3,
4418038027,충청남도 보령시 주산면 창암리,19950101,,3,
4418038028,충청남도 보령시 주산면 화평리,19950101,,3,
4418038029,충청남도 보령시 주산면 동오리,19950101,,3,
4418038030,충청남도 보령시 주산면 삼곡리,19950101,,3,
4418038031,충청남도 보령시 주산면 황율리,19950101,,3,
4418039000,미산면,19950101,,2,4418000000
4418039021,충청남도 보령시 미산면 평라리,19950101,,3,
4418039022,충청남도 보령시 미산면 도화담리,19950101,,3,
4418039023,충청남도 보령시 미산면 풍계리,19950101,,3,
4418039024,충청남도 보령시 미산면 용수리,19950101,,3,
4418039025,충청남도 보령시 미산면 늑전리,19950101,,3,
4418039026,충청남도 보령시 미산면 도흥리,19950101,,3,
4418039027,충청남도 보령시 미산면 봉성리,19950101,,3,
4418039028,충청남도 보령시 미산면 옥현리,19950101,,3,
4418039029,충청남도 보령시 미산면 은현리,19950101,,3,
4418039030,충청남도 보령시 미산면 내평리,19950101,,3,
4418039031,충청남도 보령시 미산면 삼계리,19950101,,3,
4418039032,충청남도 보령시 미산면 대농리,19950101,,3,
4418039033,충청남도 보령시 미산면 풍산리,19950101,,3,
4418039034,충청남도 보령시 미산면 남심리,19950101,,3,
4418040000,성주면,19950101,,2,4418000000
4418040021,충청남도 보령시 성주면 성주리,19950101,,3,
4418040022,충청남도 보령시 성주면 개화리,19950101,,3,
4418041000,주교면,19950101,,2,4418000000
4418041021,충청남도 보령시 주교면 주교리,19950101,,3,
4418041022,충청남도 보령시 주교면 은포리,19950101,,3,
4418041023,충청남도 보령시 주교면 송학리,19950101,,3,
4418041024,충청남도 보령시 주교면 고정리,19950101,,3,
4418041025,충청남도 보령시 주교면 관창리,19950101,,3,
4418041026,충청남도 보령시 주교면 신대리,19950101,,3,
4420000000,아산시,19950101,,1,4400000000
4420010100,온천동,19950101,,2,4420000000
4420010200,실옥동,19950101,,2,4420000000
4420010300,방축동,19950101,,2,4420000000
4420010400,기산동,19950101,,2,4420000000
4420010500,초사동,19950101,,2,4420000000
4420010600,신인동,19950101,,2,4420000000
4420010700,법곡동,19950101,,2,4420000000
4420010800,장존동,19950101,,2,4420000000
4420010900,좌부동,19950101,,2,4420000000
4420011000,읍내동,19950101,,2,4420000000
4420011100,풍기동,19950101,,2,4420000000
4420011200,용화동,19950101,,2,4420000000
4420011300,모종동,19950101,,2,4420000000
4420011400,권곡동,19950101,,2,4420000000
4420011500,배미동,19950101,,2,4420000000
4420011600,득산동,19950101,,2,4420000000
4420011700,점양동,19950101,,2,4420000000
4420011800,신동,19950101,,2,4420000000
4420011900,남동,19950101,,2,4420000000
4420025000,염치읍,19950101,,2,4420000000
4420025021,충청남도 아산시 염치읍 산양리,19950101,,3,
4420025022,충청남도 아산시 염치읍 강청리,19950101,,3,
4420025023,충청남도 아산시 염치읍 서원리,19950101,,3,
4420025024,충청남도 아산시 염치읍 중방리,19950101,,3,
4420025025,충청남도 아산시 염치읍 염성리,19950101,,3,
4420025026,충청남도 아산시 염치읍 쌍죽리,19950101,,3,
4420025027,충청남도 아산시 염치읍 동정리,19950101,,3,
4420025028,충청남도 아산시 염치읍 곡교리,19950101,,3,
4420025029,충청남도 아산시 염치읍 석두리,19950101,,3,
4420025030,충청남도 아산시 염치읍 석정리,19950101,,3,
4420025031,충청남도 아산시 염치읍 방현리,19950101,,3,
4420025032,충청남도 아산시 염치읍 송곡리,19950101,,3,
4420025033,충청남도 아산시 염치읍 백암리,19950101,,3,
4420025034,충청남도 아산시 염치읍 대동리,19950101,,3,
4420025300,배방읍,20090501,,2,4420000000
4420025321,충청남도 아산시 배방읍 중리,20090501,,3,
4420025322,충청남도 아산시 배방읍 수철리,20090501,,3,
4420025323,충청남도 아산시 배방읍 신흥리,20090501,,3,
4420025324,충청남도 아산시 배방읍 공수리,20090501,,3,
4420025325,충청남도 아산시 배방읍 북수리,20090501,,3,
4420025326,충청남도 아산시 배방읍 회룡리,20090501,,3,
4420025327,충청남도 아산시 배방읍 세출리,20090501,,3,
4420025328,충청남도 아산시 배방읍 갈매리,20090501,,3,
4420025329,충청남도 아산시 배방읍 세교리,20090501,,3,
4420025330,충청남도 아산시 배방읍 휴대리,20090501,,3,
4420025331,충청남도 아산시 배방읍 장재리,20090501,,3,
4420025332,충청남도 아산시 배방읍 구령리,20090501,,3,
4420031000,송악면,19950101,,2,4420000000
4420031021,충청남도 아산시 송악면 역촌리,19950101,,3,
4420031022,충청남도 아산시 송악면 평촌리,19950101,,3,
4420031023,충청남도 아산시 송악면 외암리,19950101,,3,
4420031024,충청남도 아산시 송악면 강당리,19950101,,3,
4420031025,충청남도 아산시 송악면 마곡리,19950101,,3,
4420031026,충청남도 아산시 송악면 궁평리,19950101,,3,
4420031027,충청남도 아산시 송악면 유곡리,19950101,,3,
4420031028,충청남도 아산시 송악면 송학리,19950101,,3,
4420031029,충청남도 아산시 송악면 종곡리,19950101,,3,
4420031030,충청남도 아산시 송악면 거산리,19950101,,3,
4420031031,충청남도 아산시 송악면 강장리,19950101,,3,
4420031032,충청남도 아산시 송악면 수곡리,19950101,,3,
4420031033,충청남도 아산시 송악면 동화리,19950101,,3,
4420033000,탕정면,19950101,,2,4420000000
4420033021,충청남도 아산시 탕정면 용두리,19950101,,3,
4420033022,충청남도 아산시 탕정면 명암리,19950101,,3,
4420033023,충청남도 아산시 탕정면 동산리,19950101,,3,
4420033024,충청남도 아산시 탕정면 호산리,19950101,,3,
4420033025,충청남도 아산시 탕정면 매곡리,19950101,,3,
4420033026,충청남도 아산시 탕정면 갈산리,19950101,,3,
4420035000,음봉면,19950101,,2,4420000000
4420035021,충청남도 아산시 음봉면 삼거리,19950101,,3,
4420035022,충청남도 아산시 음봉면 동천리,19950101,,3,
4420035023,충청남도 아산시 음봉면 신수리,19950101,,3,
4420035024,충청남도 아산시 음봉면 신정리,19950101,,3,
4420035025,충청남도 아산시 음봉면 산정리,19950101,,3,
4420035026,충청남도 아산시 음봉면 원남리,19950101,,3,
4420035027,충청남도 아산시 음봉면 소동리,19950101,,3,
4420035028,충청남도 아산시 음봉면 신휴리,19950101,,3,
4420035029,충청남도 아산시 음봉면 의식리,19950101,,3,
4420035030,충청남도 아산시 음봉면 쌍암리,19950101,,3,
4420035031,충청남도 아산시 음봉면 쌍룡리,19950101,,3,
4420035032,충청남도 아산시 음봉면 월랑리,19950101,,3,
4420035033,충청남도 아산시 음봉면 산동리,19950101,,3,
4420035034,충청남도 아산시 음봉면 덕지리,19950101,,3,
4420035035,충청남도 아산시 음봉면 동암리,19950101,,3,
4420035036,충청남도 아산시 음봉면 송촌리,19950101,,3,
4420036000,둔포면,19950101,,2,4420000000
4420036021,충청남도 아산시 둔포면 둔포리,19950101,,3,
4420036022,충청남도 아산시 둔포면 송용리,19950101,,3,
4420036023,충청남도 아산시 둔포면 시포리,19950101,,3,
4420036024,충청남도 아산시 둔포면 신법리,19950101,,3,
4420036025,충청남도 아산시 둔포면 신남리,19950101,,3,
4420036026,충청남도 아산시 둔포면 신항리,19950101,,3,
4420036027,충청남도 아산시 둔포면 관대리,19950101,,3,
4420036028,충청남도 아산시 둔포면 산전리,19950101,,3,
4420036029,충청남도 아산시 둔포면 신양리,19950101,,3,
4420036030,충청남도 아산시 둔포면 봉재리,19950101,,3,
4420036031,충청남도 아산시 둔포면 운교리,19950101,,3,
4420036032,충청남도 아산시 둔포면 석곡리,19950101,,3,
4420036033,충청남도 아산시 둔포면 운용리,19950101,,3,
4420036034,충청남도 아산시 둔포면 신왕리,19950101,,3,
4420036035,충청남도 아산시 둔포면 염작리,19950101,,3,
4420037000,영인면,19950101,,2,4420000000
4420037021,충청남도 아산시 영인면 아산리,19950101,,3,
4420037022,충청남도 아산시 영인면 상성리,19950101,,3,
4420037023,충청남도 아산시 영인면 신현리,19950101,,3,
4420037024,충청남도 아산시 영인면 월선리,19950101,,3,
4420037025,충청남도 아산시 영인면 신운리,19950101,,3,
4420037026,충청남도 아산시 영인면 백석포리,19950101,,3,
4420037027,충청남도 아산시 영인면 와우리,19950101,,3,
4420037028,충청남도 아산시 영인면 구성리,19950101,,3,
4420037029,충청남도 아산시 영인면 창용리,19950101,,3,
4420037030,충청남도 아산시 영인면 신봉리,19950101,,3,
4420037031,충청남도 아산시 영인면 성내리,19950101,,3,
4420037032,충청남도 아산시 영인면 신화리,19950101,,3,
4420037033,충청남도 아산시 영인면 역리,19950101,,3,
4420038000,인주면,19950101,,2,4420000000
4420038021,충청남도 아산시 인주면 공세리,19950101,,3,
4420038022,충청남도 아산시 인주면 모원리,19950101,,3,
4420038023,충청남도 아산시 인주면 신성리,19950101,,3,
4420038024,충청남도 아산시 인주면 걸매리,19950101,,3,
4420038025,충청남도 아산시 인주면 밀두리,19950101,,3,
4420038026,충청남도 아산시 인주면 문방리,19950101,,3,
4420038027,충청남도 아산시 인주면 대음리,19950101,,3,
4420038028,충청남도 아산시 인주면 금성리,19950101,,3,
4420038029,충청남도 아산시 인주면 해암리,19950101,,3,
4420038030,충청남도 아산시 인주면 도흥리,19950101,,3,
4420038031,충청남도 아산시 인주면 관암리,19950101,,3,
4420038032,충청남도 아산시 인주면 냉정리,19950101,,3,
4420039000,선장면,19950101,,2,4420000000
4420039021,충청남도 아산시 선장면 군덕리,19950101,,3,
4420039022,충청남도 아산시 선장면 돈포리,19950101,,3,
4420039023,충청남도 아산시 선장면 신덕리,19950101,,3,
4420039024,충청남도 아산시 선장면 대정리,19950101,,3,
4420039025,충청남도 아산시 선장면 장곳리,19950101,,3,
4420039026,충청남도 아산시 선장면 신성리,19950101,,3,
4420039027,충청남도 아산시 선장면 죽산리,19950101,,3,
4420039028,충청남도 아산시 선장면 신동리,19950101,,3,
4420039029,충청남도 아산시 선장면 선창리,19950101,,3,
4420039030,충청남도 아산시 선장면 대흥리,19950101,,3,
4420039031,충청남도 아산시 선장면 홍곳리,19950101,,3,
4420039032,충청남도 아산시 선장면 가산리,19950101,,3,
4420039033,충청남도 아산시 선장면 신문리,19950101,,3,
4420039034,충청남도 아산시 선장면 궁평리,19950101,,3,
4420039035,충청남도 아산시 선장면 채신언리,19950101,,3,
4420040000,도고면,19950101,,2,4420000000
4420040021,충청남도 아산시 도고면 신언리,19950101,,3,
4420040022,충청남도 아산시 도고면 봉농리,19950101,,3,
4420040023,충청남도 아산시 도고면 효자리,19950101,,3,
4420040024,충청남도 아산시 도고면 금산리,19950101,,3,
4420040025,충청남도 아산시 도고면 시전리,19950101,,3,
4420040026,충청남도 아산시 도고면 신유리,19950101,,3,
4420040027,충청남도 아산시 도고면 도산리,19950101,,3,
4420040028,충청남도 아산시 도고면 화천리,19950101,,3,
4420040029,충청남도 아산시 도고면 농은리,19950101,,3,
4420040030,충청남도 아산시 도고면 오암리,19950101,,3,
4420040031,충청남도 아산시 도고면 덕암리,19950101,,3,
4420040032,충청남도 아산시 도고면 석당리,19950101,,3,
4420040033,충청남도 아산시 도고면 향산리,19950101,,3,
4420040034,충청남도 아산시 도고면 와산리,19950101,,3,
4420040035,충청남도 아산시 도고면 신통리,19950101,,3,
4420040036,충청남도 아산시 도고면 기곡리,19950101,,3,
4420041000,신창면,19950101,,2,4420000000
4420041021,충청남도 아산시 신창면 오목리,19950101,,3,
4420041022,충청남도 아산시 신창면 읍내리,19950101,,3,
4420041023,충청남도 아산시 신창면 창암리,19950101,,3,
4420041024,충청남도 아산시 신창면 황산리,19950101,,3,
4420041025,충청남도 아산시 신창면 행목리,19950101,,3,
4420041026,충청남도 아산시 신창면 수장리,19950101,,3,
4420041027,충청남도 아산시 신창면 신달리,19950101,,3,
4420041028,충청남도 아산시 신창면 남성리,19950101,,3,
4420041029,충청남도 아산시 신창면 궁화리,19950101,,3,
4420041030,충청남도 아산시 신창면 가덕리,19950101,,3,
4420041031,충청남도 아산시 신창면 신곡리,19950101,,3,
4420041032,충청남도 아산시 신창면 가내리,19950101,,3,
4421000000,서산시,19890101,,1,4400000000
4421010100,읍내동,19890101,,2,4421000000
4421010200,동문동,19890101,,2,4421000000
4421010300,갈산동,19890101,,2,4421000000
4421010400,온석동,19890101,,2,4421000000
4421010500,잠홍동,19890101,,2,4421000000
4421010600,수석동,19890101,,2,4421000000
4421010700,석림동,19890101,,2,4421000000
4421010800,석남동,19890101,,2,4421000000
4421010900,예천동,19890101,,2,4421000000
4421011000,죽성동,19890101,,2,4421000000
4421011100,양대동,19890101,,2,4421000000
4421011200,오남동,19981010,,2,4421000000
4421011300,장동,19981010,,2,4421000000
4421011400,덕지천동,19981010,,2,4421000000
4421025000,대산읍,19950101,,2,4421000000
4421025021,충청남도 서산시 대산읍 대산리,19950101,,3,
4421025022,충청남도 서산시 대산읍 대로리,19950101,,3,
4421025023,충청남도 서산시 대산읍 웅도리,19950101,,3,
4421025024,충청남도 서산시 대산읍 오지리,19950101,,3,
4421025025,충청남도 서산시 대산읍 기은리,19950101,,3,
4421025027,충청남도 서산시 대산읍 대죽리,19950101,,3,
4421025028,충청남도 서산시 대산읍 화곡리,19950101,,3,
4421025029,충청남도 서산시 대산읍 운산리,19950101,,3,
4421025030,충청남도 서산시 대산읍 영탑리,19950101,,3,
4421025031,충청남도 서산시 대산읍 독곶리,20110704,,3,
4421031000,인지면,19950101,,2,4421000000
4421031021,충청남도 서산시 인지면 둔당리,19950101,,3,
4421031022,충청남도 서산시 인지면 야당리,19950101,,3,
4421031023,충청남도 서산시 인지면 모월리,19950101,,3,
4421031024,충청남도 서산시 인지면 산동리,19950101,,3,
4421031025,충청남도 서산시 인지면 애정리,19950101,,3,
4421031026,충청남도 서산시 인지면 남정리,19950101,,3,
4421031027,충청남도 서산시 인지면 화수리,19950101,,3,
4421031028,충청남도 서산시 인지면 차리,19950101,,3,
4421031029,충청남도 서산시 인지면 성리,19950101,,3,
4421031030,충청남도 서산시 인지면 풍전리,19950101,,3,
4421032000,부석면,19950101,,2,4421000000
4421032021,충청남도 서산시 부석면 가사리,19950101,,3,
4421032022,충청남도 서산시 부석면 강수리,19950101,,3,
4421032023,충청남도 서산시 부석면 송시리,19950101,,3,
4421032024,충청남도 서산시 부석면 월계리,19950101,,3,
4421032025,충청남도 서산시 부석면 갈마리,19950101,,3,
4421032026,충청남도 서산시 부석면 취평리,19950101,,3,
4421032027,충청남도 서산시 부석면 대두리,19950101,,3,
4421032028,충청남도 서산시 부석면 봉락리,19950101,,3,
4421032029,충청남도 서산시 부석면 지산리,19950101,,3,
4421032030,충청남도 서산시 부석면 칠전리,19950101,,3,
4421032031,충청남도 서산시 부석면 강당리,19950101,,3,
4421032032,충청남도 서산시 부석면 마룡리,19950101,,3,
4421032033,충청남도 서산시 부석면 창리,19950101,,3,
4421032034,충청남도 서산시 부석면 간월도리,19950101,,3,
4421033000,팔봉면,19950101,,2,4421000000
4421033021,충청남도 서산시 팔봉면 금학리,19950101,,3,
4421033022,충청남도 서산시 팔봉면 양길리,19950101,,3,
4421033023,충청남도 서산시 팔봉면 대황리,19950101,,3,
4421033024,충청남도 서산시 팔봉면 흑석리,19950101,,3,
4421033025,충청남도 서산시 팔봉면 고파도리,19950101,,3,
4421033026,충청남도 서산시 팔봉면 호리,19950101,,3,
4421033027,충청남도 서산시 팔봉면 덕송리,19950101,,3,
4421033028,충청남도 서산시 팔봉면 어송리,19950101,,3,
4421033029,충청남도 서산시 팔봉면 진장리,19950101,,3,
4421034000,지곡면,19950101,,2,4421000000
4421034021,충청남도 서산시 지곡면 화천리,19950101,,3,
4421034022,충청남도 서산시 지곡면 산성리,19950101,,3,
4421034023,충청남도 서산시 지곡면 장현리,19950101,,3,
4421034024,충청남도 서산시 지곡면 연화리,19950101,,3,
4421034025,충청남도 서산시 지곡면 중왕리,19950101,,3,
4421034026,충청남도 서산시 지곡면 도성리,19950101,,3,
4421034027,충청남도 서산시 지곡면 대요리,19950101,,3,
4421034028,충청남도 서산시 지곡면 환성리,19950101,,3,
4421034029,충청남도 서산시 지곡면 무장리,19950101,,3,
4421036000,성연면,19950101,,2,4421000000
4421036021,충청남도 서산시 성연면 일람리,19950101,,3,
4421036022,충청남도 서산시 성연면 고남리,19950101,,3,
4421036023,충청남도 서산시 성연면 오사리,19950101,,3,
4421036024,충청남도 서산시 성연면 왕정리,19950101,,3,
4421036025,충청남도 서산시 성연면 평리,19950101,,3,
4421036026,충청남도 서산시 성연면 갈현리,19950101,,3,
4421036027,충청남도 서산시 성연면 명천리,19950101,,3,
4421036028,충청남도 서산시 성연면 예덕리,19950101,,3,
4421036029,충청남도 서산시 성연면 해성리,19950101,,3,
4421037000,음암면,19950101,,2,4421000000
4421037021,충청남도 서산시 음암면 도당리,19950101,,3,
4421037022,충청남도 서산시 음암면 탑곡리,19950101,,3,
4421037023,충청남도 서산시 음암면 문양리,19950101,,3,
4421037024,충청남도 서산시 음암면 율목리,19950101,,3,
4421037025,충청남도 서산시 음암면 부산리,19950101,,3,
4421037026,충청남도 서산시 음암면 상홍리,19950101,,3,
4421037027,충청남도 서산시 음암면 신장리,19950101,,3,
4421037028,충청남도 서산시 음암면 유계리,19950101,,3,
4421037029,충청남도 서산시 음암면 성암리,19950101,,3,
4421037030,충청남도 서산시 음암면 부장리,19950101,,3,
4421038000,운산면,19950101,,2,4421000000
4421038021,충청남도 서산시 운산면 신창리,19950101,,3,
4421038022,충청남도 서산시 운산면 용현리,19950101,,3,
4421038023,충청남도 서산시 운산면 태봉리,19950101,,3,
4421038024,충청남도 서산시 운산면 고풍리,19950101,,3,
4421038025,충청남도 서산시 운산면 원평리,19950101,,3,
4421038026,충청남도 서산시 운산면 와우리,19950101,,3,
4421038027,충청남도 서산시 운산면 팔중리,19950101,,3,
4421038028,충청남도 서산시 운산면 고산리,19950101,,3,
4421038029,충청남도 서산시 운산면 수평리,19950101,,3,
4421038030,충청남도 서산시 운산면 수당리,19950101,,3,
4421038031,충청남도 서산시 운산면 안호리,19950101,,3,
4421038032,충청남도 서산시 운산면 용장리,19950101,,3,
4421038033,충청남도 서산시 운산면 갈산리,19950101,,3,
4421038034,충청남도 서산시 운산면 여미리,19950101,,3,
4421038035,충청남도 서산시 운산면 가좌리,19950101,,3,
4421038036,충청남도 서산시 운산면 소중리,19950101,,3,
4421038037,충청남도 서산시 운산면 상성리,19950101,,3,
4421038038,충청남도 서산시 운산면 원벌리,19950101,,3,
4421038039,충청남도 서산시 운산면 거성리,19950101,,3,
4421039000,해미면,19950101,,2,4421000000
4421039021,충청남도 서산시 해미면 읍내리,19950101,,3,
4421039022,충청남도 서산시 해미면 휴암리,19950101,,3,
4421039023,충청남도 서산시 해미면 대곡리,19950101,,3,
4421039024,충청남도 서산시 해미면 산수리,19950101,,3,
4421039025,충청남도 서산시 해미면 황락리,19950101,,3,
4421039026,충청남도 서산시 해미면 오학리,19950101,,3,
4421039027,충청남도 서산시 해미면 삼송리,19950101,,3,
4421039028,충청남도 서산시 해미면 관유리,19950101,,3,
4421039029,충청남도 서산시 해미면 홍천리,19950101,,3,
4421039030,충청남도 서산시 해미면 동암리,19950101,,3,
4421039031,충청남도 서산시 해미면 반양리,19950101,,3,
4421039032,충청남도 서산시 해미면 웅소성리,19950101,,3,
4421039033,충청남도 서산시 해미면 귀밀리,19950101,,3,
4421039034,충청남도 서산시 해미면 억대리,19950101,,3,
4421039035,충청남도 서산시 해미면 전천리,19950101,,3,
4421039036,충청남도 서산시 해미면 응평리,19950101,,3,
4421039037,충청남도 서산시 해미면 양림리,19950101,,3,
4421039038,충청남도 서산시 해미면 기지리,19950101,,3,
4421039039,충청남도 서산시 해미면 언암리,19950101,,3,
4421039040,충청남도 서산시 해미면 석포리,19950101,,3,
4421039041,충청남도 서산시 해미면 저성리,19950101,,3,
4421039042,충청남도 서산시 해미면 조산리,19950101,,3,
4421040000,고북면,19950101,,2,4421000000
4421040021,충청남도 서산시 고북면 가구리,19950101,,3,
4421040022,충청남도 서산시 고북면 신송리,19950101,,3,
4421040023,충청남도 서산시 고북면 장요리,19950101,,3,
4421040024,충청남도 서산시 고북면 초록리,19950101,,3,
4421040025,충청남도 서산시 고북면 용암리,19950101,,3,
4421040026,충청남도 서산시 고북면 신상리,19950101,,3,
4421040027,충청남도 서산시 고북면 신정리,19950101,,3,
4421040028,충청남도 서산시 고북면 남정리,19950101,,3,
4421040029,충청남도 서산시 고북면 기포리,19950101,,3,
4421040030,충청남도 서산시 고북면 양천리,19950101,,3,
4421040031,충청남도 서산시 고북면 정자리,19950101,,3,
4421040032,충청남도 서산시 고북면 봉생리,19950101,,3,
4421040033,충청남도 서산시 고북면 사기리,19950101,,3,
4423000000,논산시,19960301,,1,4400000000
4423010100,화지동,19960301,,2,4423000000
4423010200,반월동,19960301,,2,4423000000
4423010300,대교동,19960301,,2,4423000000
4423010400,부창동,19960301,,2,4423000000
4423010500,취암동,19960301,,2,4423000000
4423010600,등화동,19960301,,2,4423000000
4423010700,지산동,19960301,,2,4423000000
4423010800,덕지동,19960301,,2,4423000000
4423010900,내동,19960301,,2,4423000000
4423011000,강산동,19960301,,2,4423000000
4423011100,관촉동,19960301,,2,4423000000
4423025000,강경읍,19960301,,2,4423000000
4423025021,충청남도 논산시 강경읍 남교리,19960301,,3,
4423025022,충청남도 논산시 강경읍 동흥리,19960301,,3,
4423025023,충청남도 논산시 강경읍 북옥리,19960301,,3,
4423025024,충청남도 논산시 강경읍 서창리,19960301,,3,
4423025025,충청남도 논산시 강경읍 홍교리,19960301,,3,
4423025026,충청남도 논산시 강경읍 중앙리,19960301,,3,
4423025027,충청남도 논산시 강경읍 염천리,19960301,,3,
4423025028,충청남도 논산시 강경읍 태평리,19960301,,3,
4423025029,충청남도 논산시 강경읍 대흥리,19960301,,3,
4423025030,충청남도 논산시 강경읍 황산리,19960301,,3,
4423025031,충청남도 논산시 강경읍 채산리,19960301,,3,
4423025032,충청남도 논산시 강경읍 산양리,19960301,,3,
4423025033,충청남도 논산시 강경읍 채운리,19960301,,3,
4423025300,연무읍,19960301,,2,4423000000
4423025321,충청남도 논산시 연무읍 마산리,19960301,,3,
4423025322,충청남도 논산시 연무읍 죽평리,19960301,,3,
4423025323,충청남도 논산시 연무읍 금곡리,19960301,,3,
4423025324,충청남도 논산시 연무읍 동산리,19960301,,3,
4423025325,충청남도 논산시 연무읍 죽본리,19960301,,3,
4423025326,충청남도 논산시 연무읍 소룡리,19960301,,3,
4423025327,충청남도 논산시 연무읍 양지리,19960301,,3,
4423025328,충청남도 논산시 연무읍 마전리,19960301,,3,
4423025329,충청남도 논산시 연무읍 고내리,19960301,,3,
4423025330,충청남도 논산시 연무읍 황화정리,19960301,,3,
4423025331,충청남도 논산시 연무읍 안심리,19960301,,3,
4423025332,충청남도 논산시 연무읍 신화리,19960301,,3,
4423025333,충청남도 논산시 연무읍 봉동리,19960301,,3,
4423031000,성동면,19960301,,2,4423000000
4423031021,충청남도 논산시 성동면 삼산리,19960301,,3,
4423031022,충청남도 논산시 성동면 월성리,19960301,,3,
4423031023,충청남도 논산시 성동면 병촌리,19960301,,3,
4423031024,충청남도 논산시 성동면 개척리,19960301,,3,
4423031025,충청남도 논산시 성동면 우곤리,19960301,,3,
4423031026,충청남도 논산시 성동면 원남리,19960301,,3,
4423031027,충청남도 논산시 성동면 원북리,19960301,,3,
4423031028,충청남도 논산시 성동면 정지리,19960301,,3,
4423031029,충청남도 논산시 성동면 원봉리,19960301,,3,
4423031030,충청남도 논산시 성동면 화정리,19960301,,3,
4423031031,충청남도 논산시 성동면 삼호리,19960301,,3,
4423032000,광석면,19960301,,2,4423000000
4423032021,충청남도 논산시 광석면 신당리,19960301,,3,
4423032022,충청남도 논산시 광석면 중리,19960301,,3,
4423032023,충청남도 논산시 광석면 득윤리,19960301,,3,
4423032024,충청남도 논산시 광석면 갈산리,19960301,,3,
4423032025,충청남도 논산시 광석면 광리,19960301,,3,
4423032026,충청남도 논산시 광석면 이사리,19960301,,3,
4423032027,충청남도 논산시 광석면 산동리,19960301,,3,
4423032028,충청남도 논산시 광석면 천동리,19960301,,3,
4423032029,충청남도 논산시 광석면 왕전리,19960301,,3,
4423032030,충청남도 논산시 광석면 항월리,19960301,,3,
4423032031,충청남도 논산시 광석면 사월리,19960301,,3,
4423032032,충청남도 논산시 광석면 율리,19960301,,3,
4423032033,충청남도 논산시 광석면 오강리,19960301,,3,
4423033000,노성면,19960301,,2,4423000000
4423033021,충청남도 논산시 노성면 읍내리,19960301,,3,
4423033022,충청남도 논산시 노성면 두사리,19960301,,3,
4423033023,충청남도 논산시 노성면 송당리,19960301,,3,
4423033024,충청남도 논산시 노성면 교촌리,19960301,,3,
4423033025,충청남도 논산시 노성면 하도리,19960301,,3,
4423033026,충청남도 논산시 노성면 죽림리,19960301,,3,
4423033027,충청남도 논산시 노성면 병사리,19960301,,3,
4423033028,충청남도 논산시 노성면 가곡리,19960301,,3,
4423033029,충청남도 논산시 노성면 장구리,19960301,,3,
4423033030,충청남도 논산시 노성면 효죽리,19960301,,3,
4423033031,충청남도 논산시 노성면 호암리,19960301,,3,
4423033032,충청남도 논산시 노성면 노티리,19960301,,3,
4423033033,충청남도 논산시 노성면 구암리,19960301,,3,
4423033034,충청남도 논산시 노성면 화곡리,19960301,,3,
4423034000,상월면,19960301,,2,4423000000
4423034021,충청남도 논산시 상월면 신충리,19960301,,3,
4423034022,충청남도 논산시 상월면 산성리,19960301,,3,
4423034023,충청남도 논산시 상월면 월오리,19960301,,3,
4423034024,충청남도 논산시 상월면 지경리,19960301,,3,
4423034025,충청남도 논산시 상월면 석종리,19960301,,3,
4423034026,충청남도 논산시 상월면 상도리,19960301,,3,
4423034027,충청남도 논산시 상월면 대명리,19960301,,3,
4423034028,충청남도 논산시 상월면 대우리,19960301,,3,
4423034029,충청남도 논산시 상월면 대촌리,19960301,,3,
4423034030,충청남도 논산시 상월면 학당리,19960301,,3,
4423034031,충청남도 논산시 상월면 주곡리,19960301,,3,
4423034032,충청남도 논산시 상월면 한천리,19960301,,3,
4423034033,충청남도 논산시 상월면 숙진리,19960301,,3,
4423035000,부적면,19960301,,2,4423000000
4423035021,충청남도 논산시 부적면 마구평리,19960301,,3,
4423035022,충청남도 논산시 부적면 덕평리,19960301,,3,
4423035023,충청남도 논산시 부적면 부황리,19960301,,3,
4423035024,충청남도 논산시 부적면 외성리,19960301,,3,
4423035025,충청남도 논산시 부적면 감곡리,19960301,,3,
4423035026,충청남도 논산시 부적면 충곡리,19960301,,3,
4423035027,충청남도 논산시 부적면 신풍리,19960301,,3,
4423035028,충청남도 논산시 부적면 안천리,20031124,,3,
4423035029,충청남도 논산시 부적면 탑정리,19960301,,3,
4423035030,충청남도 논산시 부적면 신교리,19960301,,3,
4423035031,충청남도 논산시 부적면 반송리,19960301,,3,
4423035032,충청남도 논산시 부적면 아호리,19960301,,3,
4423035033,충청남도 논산시 부적면 부인리,19960301,,3,
4423035034,충청남도 논산시 부적면 왕덕리,19960301,,3,
4423036000,연산면,19960301,,2,4423000000
4423036021,충청남도 논산시 연산면 연산리,19960301,,3,
4423036022,충청남도 논산시 연산면 화악리,19960301,,3,
4423036023,충청남도 논산시 연산면 천호리,19960301,,3,
4423036024,충청남도 논산시 연산면 송정리,19960301,,3,
4423036025,충청남도 논산시 연산면 신암리,19960301,,3,
4423036026,충청남도 논산시 연산면 청동리,19960301,,3,
4423036027,충청남도 논산시 연산면 고정리,19960301,,3,
4423036028,충청남도 논산시 연산면 한전리,19960301,,3,
4423036029,충청남도 논산시 연산면 임리,19960301,,3,
4423036030,충청남도 논산시 연산면 관동리,19960301,,3,
4423036031,충청남도 논산시 연산면 고양리,19960301,,3,
4423036032,충청남도 논산시 연산면 표정리,19960301,,3,
4423036033,충청남도 논산시 연산면 덕암리,19960301,,3,
4423036034,충청남도 논산시 연산면 장전리,19960301,,3,
4423036035,충청남도 논산시 연산면 백석리,19960301,,3,
4423036036,충청남도 논산시 연산면 어은리,19960301,,3,
4423036037,충청남도 논산시 연산면 사포리,19960301,,3,
4423036038,충청남도 논산시 연산면 송산리,19960301,,3,
4423036039,충청남도 논산시 연산면 오산리,19960301,,3,
4423036040,충청남도 논산시 연산면 신양리,19960301,,3,
4423038000,벌곡면,19960301,,2,4423000000
4423038021,충청남도 논산시 벌곡면 한삼천리,19960301,,3,
4423038022,충청남도 논산시 벌곡면 덕목리,19960301,,3,
4423038023,충청남도 논산시 벌곡면 사정리,19960301,,3,
4423038024,충청남도 논산시 벌곡면 대덕리,19960301,,3,
4423038025,충청남도 논산시 벌곡면 검천리,19960301,,3,
4423038026,충청남도 논산시 벌곡면 덕곡리,19960301,,3,
4423038027,충청남도 논산시 벌곡면 수락리,19960301,,3,
4423038028,충청남도 논산시 벌곡면 도산리,19960301,,3,
4423038029,충청남도 논산시 벌곡면 만목리,19960301,,3,
4423038030,충청남도 논산시 벌곡면 어곡리,19960301,,3,
4423038031,충청남도 논산시 벌곡면 조동리,19960301,,3,
4423038032,충청남도 논산시 벌곡면 조령리,19960301,,3,
4423038033,충청남도 논산시 벌곡면 신양리,19960301,,3,
4423038034,충청남도 논산시 벌곡면 양산리,19960301,,3,
4423039000,양촌면,19960301,,2,4423000000
4423039021,충청남도 논산시 양촌면 인천리,19960301,,3,
4423039022,충청남도 논산시 양촌면 도평리,19960301,,3,
4423039023,충청남도 논산시 양촌면 임화리,19960301,,3,
4423039024,충청남도 논산시 양촌면 양촌리,19960301,,3,
4423039025,충청남도 논산시 양촌면 신기리,19960301,,3,
4423039026,충청남도 논산시 양촌면 오산리,19960301,,3,
4423039027,충청남도 논산시 양촌면 채광리,19960301,,3,
4423039028,충청남도 논산시 양촌면 남산리,19960301,,3,
4423039029,충청남도 논산시 양촌면 반암리,19960301,,3,
4423039030,충청남도 논산시 양촌면 산직리,19960301,,3,
4423039031,충청남도 논산시 양촌면 모촌리,19960301,,3,
4423039032,충청남도 논산시 양촌면 신흥리,19960301,,3,
4423039033,충청남도 논산시 양촌면 거사리,19960301,,3,
4423039034,충청남도 논산시 양촌면 반곡리,19960301,,3,
4423039035,충청남도 논산시 양촌면 명암리,19960301,,3,
4423039036,충청남도 논산시 양촌면 석서리,19960301,,3,
4423039037,충청남도 논산시 양촌면 중산리,19960301,,3,
4423040000,가야곡면,19960301,,2,4423000000
4423040021,충청남도 논산시 가야곡면 육곡리,19960301,,3,
4423040022,충청남도 논산시 가야곡면 강청리,19960301,,3,
4423040023,충청남도 논산시 가야곡면 목곡리,19960301,,3,
4423040024,충청남도 논산시 가야곡면 함적리,19960301,,3,
4423040025,충청남도 논산시 가야곡면 산노리,19960301,,3,
4423040026,충청남도 논산시 가야곡면 병암리,19960301,,3,
4423040027,충청남도 논산시 가야곡면 조정리,19960301,,3,
4423040028,충청남도 논산시 가야곡면 등리,19960301,,3,
4423040029,충청남도 논산시 가야곡면 종연리,19960301,,3,
4423040030,충청남도 논산시 가야곡면 두월리,19960301,,3,
4423040031,충청남도 논산시 가야곡면 야촌리,19960301,,3,
4423040032,충청남도 논산시 가야곡면 왕암리,19960301,,3,
4423040033,충청남도 논산시 가야곡면 삼전리,19960301,,3,
4423040034,충청남도 논산시 가야곡면 양촌리,19960301,,3,
4423041000,은진면,19960301,,2,4423000000
4423041021,충청남도 논산시 은진면 연서리,19960301,,3,
4423041022,충청남도 논산시 은진면 방축리,19960301,,3,
4423041023,충청남도 논산시 은진면 토양리,19960301,,3,
4423041024,충청남도 논산시 은진면 시묘리,19960301,,3,
4423041025,충청남도 논산시 은진면 용산리,19960301,,3,
4423041026,충청남도 논산시 은진면 교촌리,19960301,,3,
4423041027,충청남도 논산시 은진면 와야리,19960301,,3,
4423041028,충청남도 논산시 은진면 남산리,19960301,,3,
4423041029,충청남도 논산시 은진면 성덕리,19960301,,3,
4423041030,충청남도 논산시 은진면 성평리,19960301,,3,
4423042000,채운면,19960301,,2,4423000000
4423042021,충청남도 논산시 채운면 화산리,19960301,,3,
4423042022,충청남도 논산시 채운면 용화리,19960301,,3,
4423042023,충청남도 논산시 채운면 우기리,19960301,,3,
4423042024,충청남도 논산시 채운면 심암리,19960301,,3,
4423042025,충청남도 논산시 채운면 화정리,19960301,,3,
4423042026,충청남도 논산시 채운면 삼거리,19960301,,3,
4423042027,충청남도 논산시 채운면 장화리,19960301,,3,
4423042028,충청남도 논산시 채운면 야화리,19960301,,3,
4425000000,계룡시,20030919,,1,4400000000
4425010100,금암동,20030919,,2,4425000000
4425031000,두마면,20030919,,2,4425000000
4425031021,충청남도 계룡시 두마면 두계리,20030919,,3,
4425031022,충청남도 계룡시 두마면 왕대리,20030919,,3,
4425031023,충청남도 계룡시 두마면 입암리,20030919,,3,
4425031024,충청남도 계룡시 두마면 농소리,20030919,,3,
4425031500,엄사면,20060320,,2,4425000000
4425031521,충청남도 계룡시 엄사면 엄사리,20060320,,3,
4425031522,충청남도 계룡시 엄사면 유동리,20060320,,3,
4425031523,충청남도 계룡시 엄사면 광석리,20060320,,3,
4425031524,충청남도 계룡시 엄사면 도곡리,20060320,,3,
4425031525,충청남도 계룡시 엄사면 향한리,20060320,,3,
4425033000,신도안면,20090521,,2,4425000000
4425033021,충청남도 계룡시 신도안면 남선리,20090521,,3,
4425033022,충청남도 계룡시 신도안면 정장리,20090521,,3,
4425033023,충청남도 계룡시 신도안면 부남리,20090521,,3,
4425033024,충청남도 계룡시 신도안면 석계리,20090521,,3,
4425033025,충청남도 계룡시 신도안면 용동리,20090521,,3,
4427000000,당진시,20120101,,1,4400000000
4427010100,읍내동,20120101,,2,4427000000
4427010200,채운동,20120101,,2,4427000000
4427010300,우두동,20120101,,2,4427000000
4427010400,원당동,20120101,,2,4427000000
4427010500,시곡동,20120101,,2,4427000000
4427010600,수청동,20120101,,2,4427000000
4427010700,대덕동,20120101,,2,4427000000
4427010800,행정동,20120101,,2,4427000000
4427010900,용연동,20120101,,2,4427000000
4427011000,사기소동,20120101,,2,4427000000
4427011100,구룡동,20120101,,2,4427000000
4427025000,합덕읍,20120101,,2,4427000000
4427025021,충청남도 당진시 합덕읍 운산리,20120101,,3,
4427025022,충청남도 당진시 합덕읍 도곡리,20120101,,3,
4427025023,충청남도 당진시 합덕읍 소소리,20120101,,3,
4427025024,충청남도 당진시 합덕읍 석우리,20120101,,3,
4427025025,충청남도 당진시 합덕읍 성동리,20120101,,3,
4427025026,충청남도 당진시 합덕읍 대합덕리,20120101,,3,
4427025027,충청남도 당진시 합덕읍 대전리,20120101,,3,
4427025028,충청남도 당진시 합덕읍 도리,20120101,,3,
4427025029,충청남도 당진시 합덕읍 신리,20120101,,3,
4427025030,충청남도 당진시 합덕읍 옥금리,20120101,,3,
4427025031,충청남도 당진시 합덕읍 합덕리,20120101,,3,
4427025032,충청남도 당진시 합덕읍 점원리,20120101,,3,
4427025033,충청남도 당진시 합덕읍 신흥리,20120101,,3,
4427025034,충청남도 당진시 합덕읍 신석리,20120101,,3,
4427025300,송악읍,20120101,,2,4427000000
4427025321,충청남도 당진시 송악읍 기지시리,20120101,,3,
4427025322,충청남도 당진시 송악읍 가교리,20120101,,3,
4427025323,충청남도 당진시 송악읍 방계리,20120101,,3,
4427025324,충청남도 당진시 송악읍 본당리,20120101,,3,
4427025325,충청남도 당진시 송악읍 청금리,20120101,,3,
4427025326,충청남도 당진시 송악읍 봉교리,20120101,,3,
4427025327,충청남도 당진시 송악읍 광명리,20120101,,3,
4427025328,충청남도 당진시 송악읍 반촌리,20120101,,3,
4427025329,충청남도 당진시 송악읍 영천리,20120101,,3,
4427025330,충청남도 당진시 송악읍 금곡리,20120101,,3,
4427025331,충청남도 당진시 송악읍 전대리,20120101,,3,
4427025332,충청남도 당진시 송악읍 도원리,20120101,,3,
4427025333,충청남도 당진시 송악읍 복운리,20120101,,3,
4427025334,충청남도 당진시 송악읍 중흥리,20120101,,3,
4427025335,충청남도 당진시 송악읍 오곡리,20120101,,3,
4427025336,충청남도 당진시 송악읍 부곡리,20120101,,3,
4427025337,충청남도 당진시 송악읍 한진리,20120101,,3,
4427025338,충청남도 당진시 송악읍 고대리,20120101,,3,
4427025339,충청남도 당진시 송악읍 월곡리,20120101,,3,
4427025340,충청남도 당진시 송악읍 정곡리,20120101,,3,
4427025341,충청남도 당진시 송악읍 석포리,20120101,,3,
4427025342,충청남도 당진시 송악읍 가학리,20120101,,3,
4427031000,고대면,20120101,,2,4427000000
4427031021,충청남도 당진시 고대면 용두리,20120101,,3,
4427031022,충청남도 당진시 고대면 슬항리,20120101,,3,
4427031023,충청남도 당진시 고대면 대촌리,20120101,,3,
4427031024,충청남도 당진시 고대면 장항리,20120101,,3,
4427031025,충청남도 당진시 고대면 성산리,20120101,,3,
4427031026,충청남도 당진시 고대면 당진포리,20120101,,3,
4427031027,충청남도 당진시 고대면 옥현리,20120101,,3,
4427031028,충청남도 당진시 고대면 항곡리,20120101,,3,
4427031029,충청남도 당진시 고대면 진관리,20120101,,3,
4427032000,석문면,20120101,,2,4427000000
4427032021,충청남도 당진시 석문면 통정리,20120101,,3,
4427032022,충청남도 당진시 석문면 삼화리,20120101,,3,
4427032023,충청남도 당진시 석문면 삼봉리,20120101,,3,
4427032024,충청남도 당진시 석문면 장고항리,20120101,,3,
4427032025,충청남도 당진시 석문면 교로리,20120101,,3,
4427032026,충청남도 당진시 석문면 난지도리,20120101,,3,
4427032027,충청남도 당진시 석문면 초락도리,20120101,,3,
4427033000,대호지면,20120101,,2,4427000000
4427033021,충청남도 당진시 대호지면 조금리,20120101,,3,
4427033022,충청남도 당진시 대호지면 사성리,20120101,,3,
4427033023,충청남도 당진시 대호지면 적서리,20120101,,3,
4427033024,충청남도 당진시 대호지면 도이리,20120101,,3,
4427033025,충청남도 당진시 대호지면 두산리,20120101,,3,
4427033026,충청남도 당진시 대호지면 장정리,20120101,,3,
4427033027,충청남도 당진시 대호지면 마중리,20120101,,3,
4427033028,충청남도 당진시 대호지면 송전리,20120101,,3,
4427033029,충청남도 당진시 대호지면 출포리,20120101,,3,
4427034000,정미면,20120101,,2,4427000000
4427034021,충청남도 당진시 정미면 천의리,20120101,,3,
4427034022,충청남도 당진시 정미면 승산리,20120101,,3,
4427034023,충청남도 당진시 정미면 대조리,20120101,,3,
4427034024,충청남도 당진시 정미면 도산리,20120101,,3,
4427034025,충청남도 당진시 정미면 매방리,20120101,,3,
4427034026,충청남도 당진시 정미면 우산리,20120101,,3,
4427034027,충청남도 당진시 정미면 하성리,20120101,,3,
4427034028,충청남도 당진시 정미면 산성리,20120101,,3,
4427034029,충청남도 당진시 정미면 덕삼리,20120101,,3,
4427034030,충청남도 당진시 정미면 봉성리,20120101,,3,
4427034031,충청남도 당진시 정미면 수당리,20120101,,3,
4427034032,충청남도 당진시 정미면 사관리,20120101,,3,
4427034033,충청남도 당진시 정미면 대운산리,20120101,,3,
4427034034,충청남도 당진시 정미면 덕마리,20120101,,3,
4427034035,충청남도 당진시 정미면 신시리,20120101,,3,
4427034036,충청남도 당진시 정미면 모평리,20120101,,3,
4427034037,충청남도 당진시 정미면 봉생리,20120101,,3,
4427035000,면천면,20120101,,2,4427000000
4427035021,충청남도 당진시 면천면 성상리,20120101,,3,
4427035022,충청남도 당진시 면천면 성하리,20120101,,3,
4427035023,충청남도 당진시 면천면 원동리,20120101,,3,
4427035024,충청남도 당진시 면천면 문봉리,20120101,,3,
4427035025,충청남도 당진시 면천면 자개리,20120101,,3,
4427035026,충청남도 당진시 면천면 율사리,20120101,,3,
4427035027,충청남도 당진시 면천면 대치리,20120101,,3,
4427035028,충청남도 당진시 면천면 삼웅리,20120101,,3,
4427035029,충청남도 당진시 면천면 송학리,20120101,,3,
4427035030,충청남도 당진시 면천면 죽동리,20120101,,3,
4427035031,충청남도 당진시 면천면 사기소리,20120101,,3,
4427036000,순성면,20120101,,2,4427000000
4427036021,충청남도 당진시 순성면 봉소리,20120101,,3,
4427036022,충청남도 당진시 순성면 백석리,20120101,,3,
4427036023,충청남도 당진시 순성면 양유리,20120101,,3,
4427036024,충청남도 당진시 순성면 나산리,20120101,,3,
4427036025,충청남도 당진시 순성면 광천리,20120101,,3,
4427036026,충청남도 당진시 순성면 본리,20120101,,3,
4427036027,충청남도 당진시 순성면 중방리,20120101,,3,
4427036028,충청남도 당진시 순성면 아찬리,20120101,,3,
4427036029,충청남도 당진시 순성면 옥호리,20120101,,3,
4427036030,충청남도 당진시 순성면 성북리,20120101,,3,
4427036031,충청남도 당진시 순성면 갈산리,20120101,,3,
4427037000,우강면,20120101,,2,4427000000
4427037021,충청남도 당진시 우강면 창리,20120101,,3,
4427037022,충청남도 당진시 우강면 송산리,20120101,,3,
4427037023,충청남도 당진시 우강면 세류리,20120101,,3,
4427037024,충청남도 당진시 우강면 원치리,20120101,,3,
4427037025,충청남도 당진시 우강면 공포리,20120101,,3,
4427037026,충청남도 당진시 우강면 부장리,20120101,,3,
4427037027,충청남도 당진시 우강면 신촌리,20120101,,3,
4427037028,충청남도 당진시 우강면 강문리,20120101,,3,
4427037029,충청남도 당진시 우강면 소반리,20120101,,3,
4427037030,충청남도 당진시 우강면 대포리,20120101,,3,
4427037031,충청남도 당진시 우강면 내경리,20120101,,3,
4427037032,충청남도 당진시 우강면 성원리,20120101,,3,
4427038000,신평면,20120101,,2,4427000000
4427038021,충청남도 당진시 신평면 금천리,20120101,,3,
4427038022,충청남도 당진시 신평면 초대리,20120101,,3,
4427038023,충청남도 당진시 신평면 거산리,20120101,,3,
4427038024,충청남도 당진시 신평면 상오리,20120101,,3,
4427038025,충청남도 당진시 신평면 남산리,20120101,,3,
4427038026,충청남도 당진시 신평면 신송리,20120101,,3,
4427038027,충청남도 당진시 신평면 신흥리,20120101,,3,
4427038028,충청남도 당진시 신평면 운정리,20120101,,3,
4427038029,충청남도 당진시 신평면 신당리,20120101,,3,
4427038030,충청남도 당진시 신평면 도성리,20120101,,3,
4427038031,충청남도 당진시 신평면 부수리,20120101,,3,
4427038032,충청남도 당진시 신평면 매산리,20120101,,3,
4427038033,충청남도 당진시 신평면 한정리,20120101,,3,
4427039000,송산면,20120101,,2,4427000000
4427039021,충청남도 당진시 송산면 상거리,20120101,,3,
4427039022,충청남도 당진시 송산면 금암리,20120101,,3,
4427039023,충청남도 당진시 송산면 당산리,20120101,,3,
4427039024,충청남도 당진시 송산면 송석리,20120101,,3,
4427039025,충청남도 당진시 송산면 매곡리,20120101,,3,
4427039026,충청남도 당진시 송산면 부곡리,20120101,,3,
4427039027,충청남도 당진시 송산면 명산리,20120101,,3,
4427039028,충청남도 당진시 송산면 도문리,20120101,,3,
4427039029,충청남도 당진시 송산면 삼월리,20120101,,3,
4427039030,충청남도 당진시 송산면 무수리,20120101,,3,
4427039031,충청남도 당진시 송산면 유곡리,20120101,,3,
4427039032,충청남도 당진시 송산면 동곡리,20120101,,3,
4427039033,충청남도 당진시 송산면 가곡리,20120101,,3,
4471000000,금산군,19880423,,1,4400000000
4471025000,금산읍,19880423,,2,4471000000
4471025021,충청남도 금산군 금산읍 신대리,19880423,,3,
4471025022,충청남도 금산군 금산읍 중도리,19880423,,3,
4471025023,충청남도 금산군 금산읍 하옥리,19880423,,3,
4471025024,충청남도 금산군 금산읍 상리,19880423,,3,
4471025025,충청남도 금산군 금산읍 아인리,19880423,,3,
4471025026,충청남도 금산군 금산읍 상옥리,19880423,,3,
4471025027,충청남도 금산군 금산읍 계진리,19880423,,3,
4471025028,충청남도 금산군 금산읍 양지리,19880423,,3,
4471025029,충청남도 금산군 금산읍 음지리,19880423,,3,
4471031000,금성면,19880423,,2,4471000000
4471031021,충청남도 금산군 금성면 양전리,19880423,,3,
4471031022,충청남도 금산군 금성면 도곡리,19880423,,3,
4471031023,충청남도 금산군 금성면 화림리,19880423,,3,
4471031024,충청남도 금산군 금성면 상가리,19880423,,3,
4471031025,충청남도 금산군 금성면 두곡리,19880423,,3,
4471031026,충청남도 금산군 금성면 파초리,19880423,,3,
4471031027,충청남도 금산군 금성면 하류리,19880423,,3,
4471031028,충청남도 금산군 금성면 의총리,19880423,,3,
4471031029,충청남도 금산군 금성면 마수리,19880423,,3,
4471031030,충청남도 금산군 금성면 하신리,19880423,,3,
4471031031,충청남도 금산군 금성면 대암리,19880423,,3,
4471032000,제원면,19880423,,2,4471000000
4471032021,충청남도 금산군 제원면 제원리,19880423,,3,
4471032022,충청남도 금산군 제원면 명암리,19880423,,3,
4471032023,충청남도 금산군 제원면 수당리,19880423,,3,
4471032024,충청남도 금산군 제원면 명곡리,19880423,,3,
4471032025,충청남도 금산군 제원면 구억리,19880423,,3,
4471032026,충청남도 금산군 제원면 동곡리,19880423,,3,
4471032027,충청남도 금산군 제원면 길곡리,19880423,,3,
4471032028,충청남도 금산군 제원면 신안리,19880423,,3,
4471032029,충청남도 금산군 제원면 대산리,19880423,,3,
4471032030,충청남도 금산군 제원면 저곡리,19880423,,3,
4471032031,충청남도 금산군 제원면 금성리,19880423,,3,
4471032032,충청남도 금산군 제원면 용화리,19880423,,3,
4471032033,충청남도 금산군 제원면 천내리,19880423,,3,
4471033000,부리면,19880423,,2,4471000000
4471033021,충청남도 금산군 부리면 창평리,19880423,,3,
4471033022,충청남도 금산군 부리면 선원리,19880423,,3,
4471033023,충청남도 금산군 부리면 관천리,19880423,,3,
4471033024,충청남도 금산군 부리면 불이리,19880423,,3,
4471033025,충청남도 금산군 부리면 양곡리,19880423,,3,
4471033026,충청남도 금산군 부리면 평촌리,19880423,,3,
4471033027,충청남도 금산군 부리면 신촌리,19880423,,3,
4471033028,충청남도 금산군 부리면 어재리,19880423,,3,
4471033029,충청남도 금산군 부리면 예미리,19880423,,3,
4471033030,충청남도 금산군 부리면 수통리,19880423,,3,
4471033031,충청남도 금산군 부리면 방우리,19880423,,3,
4471033032,충청남도 금산군 부리면 현내리,19880423,,3,
4471034000,군북면,19880423,,2,4471000000
4471034021,충청남도 금산군 군북면 호티리,19880423,,3,
4471034022,충청남도 금산군 군북면 내부리,19880423,,3,
4471034023,충청남도 금산군 군북면 외부리,19880423,,3,
4471034024,충청남도 금산군 군북면 천을리,19880423,,3,
4471034025,충청남도 금산군 군북면 두두리,19880423,,3,
4471034026,충청남도 금산군 군북면 동편리,19880423,,3,
4471034027,충청남도 금산군 군북면 조정리,19880423,,3,
4471034028,충청남도 금산군 군북면 보광리,19880423,,3,
4471034029,충청남도 금산군 군북면 상곡리,19880423,,3,
4471034030,충청남도 금산군 군북면 산안리,19880423,,3,
4471035000,남일면,19880423,,2,4471000000
4471035021,충청남도 금산군 남일면 황풍리,19880423,,3,
4471035022,충청남도 금산군 남일면 마장리,19880423,,3,
4471035023,충청남도 금산군 남일면 상동리,19880423,,3,
4471035024,충청남도 금산군 남일면 초현리,19880423,,3,
4471035025,충청남도 금산군 남일면 덕천리,19880423,,3,
4471035026,충청남도 금산군 남일면 신정리,19880423,,3,
4471035027,충청남도 금산군 남일면 신동리,19880423,,3,
4471035028,충청남도 금산군 남일면 음대리,19880423,,3,
4471035029,충청남도 금산군 남일면 신천리,19880423,,3,
4471036000,남이면,19880423,,2,4471000000
4471036021,충청남도 금산군 남이면 하금리,19880423,,3,
4471036022,충청남도 금산군 남이면 상금리,19880423,,3,
4471036023,충청남도 금산군 남이면 건천리,19880423,,3,
4471036024,충청남도 금산군 남이면 역평리,19880423,,3,
4471036025,충청남도 금산군 남이면 대양리,19880423,,3,
4471036026,충청남도 금산군 남이면 흑암리,19880423,,3,
4471036027,충청남도 금산군 남이면 구석리,19880423,,3,
4471036028,충청남도 금산군 남이면 매곡리,19880423,,3,
4471036029,충청남도 금산군 남이면 석동리,19880423,,3,
4471036030,충청남도 금산군 남이면 성곡리,19880423,,3,
4471037000,진산면,19880423,,2,4471000000
4471037021,충청남도 금산군 진산면 만악리,19880423,,3,
4471037022,충청남도 금산군 진산면 엄정리,19880423,,3,
4471037023,충청남도 금산군 진산면 부암리,19880423,,3,
4471037024,충청남도 금산군 진산면 삼가리,19880423,,3,
4471037025,충청남도 금산군 진산면 오항리,19880423,,3,
4471037026,충청남도 금산군 진산면 석막리,19880423,,3,
4471037027,충청남도 금산군 진산면 교촌리,19880423,,3,
4471037028,충청남도 금산군 진산면 읍내리,19880423,,3,
4471037029,충청남도 금산군 진산면 묵산리,19880423,,3,
4471037030,충청남도 금산군 진산면 행정리,19880423,,3,
4471037031,충청남도 금산군 진산면 두지리,19880423,,3,
4471037032,충청남도 금산군 진산면 지방리,19880423,,3,
4471037033,충청남도 금산군 진산면 막현리,19880423,,3,
4471038000,복수면,19880423,,2,4471000000
4471038021,충청남도 금산군 복수면 용진리,19880423,,3,
4471038022,충청남도 금산군 복수면 다복리,19880423,,3,
4471038023,충청남도 금산군 복수면 곡남리,19880423,,3,
4471038024,충청남도 금산군 복수면 수영리,19880423,,3,
4471038025,충청남도 금산군 복수면 목소리,19880423,,3,
4471038026,충청남도 금산군 복수면 백암리,19880423,,3,
4471038027,충청남도 금산군 복수면 구례리,19880423,,3,
4471038028,충청남도 금산군 복수면 신대리,19880423,,3,
4471038029,충청남도 금산군 복수면 지량리,19880423,,3,
4471039000,추부면,19880423,,2,4471000000
4471039021,충청남도 금산군 추부면 용지리,19880423,,3,
4471039022,충청남도 금산군 추부면 추정리,19880423,,3,
4471039023,충청남도 금산군 추부면 마전리,19880423,,3,
4471039024,충청남도 금산군 추부면 비례리,19880423,,3,
4471039025,충청남도 금산군 추부면 자부리,19880423,,3,
4471039026,충청남도 금산군 추부면 장대리,19880423,,3,
4471039027,충청남도 금산군 추부면 요광리,19880423,,3,
4471039028,충청남도 금산군 추부면 신평리,19880423,,3,
4471039029,충청남도 금산군 추부면 성당리,19880423,,3,
4471039030,충청남도 금산군 추부면 서대리,19880423,,3,
4476000000,부여군,19880423,,1,4400000000
4476025000,부여읍,19880423,,2,4476000000
4476025021,충청남도 부여군 부여읍 송곡리,19880423,,3,
4476025022,충청남도 부여군 부여읍 상금리,19880423,,3,
4476025023,충청남도 부여군 부여읍 염창리,19880423,,3,
4476025024,충청남도 부여군 부여읍 정동리,19880423,,3,
4476025025,충청남도 부여군 부여읍 석목리,19880423,,3,
4476025026,충청남도 부여군 부여읍 용정리,19880423,,3,
4476025027,충청남도 부여군 부여읍 가증리,19880423,,3,
4476025028,충청남도 부여군 부여읍 동남리,19880423,,3,
4476025029,충청남도 부여군 부여읍 구아리,19880423,,3,
4476025030,충청남도 부여군 부여읍 관북리,19880423,,3,
4476025031,충청남도 부여군 부여읍 쌍북리,19880423,,3,
4476025032,충청남도 부여군 부여읍 구교리,19880423,,3,
4476025033,충청남도 부여군 부여읍 가탑리,19880423,,3,
4476025034,충청남도 부여군 부여읍 중정리,19880423,,3,
4476025035,충청남도 부여군 부여읍 능산리,19880423,,3,
4476025036,충청남도 부여군 부여읍 자왕리,19880423,,3,
4476025037,충청남도 부여군 부여읍 저석리,19880423,,3,
4476025038,충청남도 부여군 부여읍 신정리,19880423,,3,
4476025039,충청남도 부여군 부여읍 송간리,19880423,,3,
4476025040,충청남도 부여군 부여읍 군수리,19880423,,3,
4476025041,충청남도 부여군 부여읍 왕포리,19880423,,3,
4476025042,충청남도 부여군 부여읍 현북리,19880423,,3,
4476031000,규암면,19880423,,2,4476000000
4476031021,충청남도 부여군 규암면 반산리,19880423,,3,
4476031022,충청남도 부여군 규암면 나복리,19880423,,3,
4476031023,충청남도 부여군 규암면 모리,19880423,,3,
4476031024,충청남도 부여군 규암면 함양리,19880423,,3,
4476031025,충청남도 부여군 규암면 호암리,19880423,,3,
4476031026,충청남도 부여군 규암면 합정리,19880423,,3,
4476031027,충청남도 부여군 규암면 신성리,19880423,,3,
4476031028,충청남도 부여군 규암면 금암리,19880423,,3,
4476031029,충청남도 부여군 규암면 신리,19880423,,3,
4476031030,충청남도 부여군 규암면 오수리,19880423,,3,
4476031031,충청남도 부여군 규암면 진변리,19880423,,3,
4476031032,충청남도 부여군 규암면 규암리,19880423,,3,
4476031033,충청남도 부여군 규암면 외리,19880423,,3,
4476031034,충청남도 부여군 규암면 내리,19880423,,3,
4476031035,충청남도 부여군 규암면 합송리,19880423,,3,
4476031036,충청남도 부여군 규암면 노화리,19880423,,3,
4476031037,충청남도 부여군 규암면 수목리,19880423,,3,
4476031038,충청남도 부여군 규암면 석우리,19880423,,3,
4476031039,충청남도 부여군 규암면 부여두리,19880423,,3,
4476032000,은산면,19880423,,2,4476000000
4476032021,충청남도 부여군 은산면 신대리,19880423,,3,
4476032022,충청남도 부여군 은산면 홍산리,19880423,,3,
4476032023,충청남도 부여군 은산면 오번리,19880423,,3,
4476032024,충청남도 부여군 은산면 은산리,19880423,,3,
4476032025,충청남도 부여군 은산면 회곡리,19880423,,3,
4476032026,충청남도 부여군 은산면 대양리,19880423,,3,
4476032027,충청남도 부여군 은산면 나령리,19880423,,3,
4476032028,충청남도 부여군 은산면 가중리,19880423,,3,
4476032029,충청남도 부여군 은산면 경둔리,19880423,,3,
4476032030,충청남도 부여군 은산면 각대리,19880423,,3,
4476032031,충청남도 부여군 은산면 거전리,19880423,,3,
4476032032,충청남도 부여군 은산면 용두리,19880423,,3,
4476032033,충청남도 부여군 은산면 내지리,19880423,,3,
4476032034,충청남도 부여군 은산면 합수리,19880423,,3,
4476032035,충청남도 부여군 은산면 금공리,19880423,,3,
4476032036,충청남도 부여군 은산면 가곡리,19880423,,3,
4476032037,충청남도 부여군 은산면 장벌리,19880423,,3,
4476033000,외산면,19880423,,2,4476000000
4476033021,충청남도 부여군 외산면 삼산리,19880423,,3,
4476033022,충청남도 부여군 외산면 비암리,19880423,,3,
4476033023,충청남도 부여군 외산면 지선리,19880423,,3,
4476033024,충청남도 부여군 외산면 문신리,19880423,,3,
4476033025,충청남도 부여군 외산면 가덕리,19880423,,3,
4476033026,충청남도 부여군 외산면 반교리,19880423,,3,
4476033027,충청남도 부여군 외산면 갈산리,19880423,,3,
4476033028,충청남도 부여군 외산면 장항리,19880423,,3,
4476033029,충청남도 부여군 외산면 수신리,19880423,,3,
4476033030,충청남도 부여군 외산면 만수리,19880423,,3,
4476033031,충청남도 부여군 외산면 복덕리,19880423,,3,
4476033032,충청남도 부여군 외산면 화성리,19880423,,3,
4476033033,충청남도 부여군 외산면 전장리,19880423,,3,
4476034000,내산면,19880423,,2,4476000000
4476034021,충청남도 부여군 내산면 운치리,19880423,,3,
4476034022,충청남도 부여군 내산면 천보리,19880423,,3,
4476034023,충청남도 부여군 내산면 저동리,19880423,,3,
4476034024,충청남도 부여군 내산면 온해리,19880423,,3,
4476034025,충청남도 부여군 내산면 지티리,19880523,,3,
4476034026,충청남도 부여군 내산면 주암리,19880423,,3,
4476034027,충청남도 부여군 내산면 마전리,19880423,,3,
4476034028,충청남도 부여군 내산면 금지리,19880423,,3,
4476034029,충청남도 부여군 내산면 묘원리,19880423,,3,
4476034030,충청남도 부여군 내산면 율암리,19880423,,3,
4476035000,구룡면,19880423,,2,4476000000
4476035021,충청남도 부여군 구룡면 구봉리,19880423,,3,
4476035022,충청남도 부여군 구룡면 죽절리,19880423,,3,
4476035023,충청남도 부여군 구룡면 주정리,19880423,,3,
4476035024,충청남도 부여군 구룡면 태양리,19880423,,3,
4476035025,충청남도 부여군 구룡면 논티리,19880423,,3,
4476035026,충청남도 부여군 구룡면 금사리,19880423,,3,
4476035027,충청남도 부여군 구룡면 현암리,19880423,,3,
4476035028,충청남도 부여군 구룡면 죽교리,19880423,,3,
4476035029,충청남도 부여군 구룡면 동방리,19880423,,3,
4476035030,충청남도 부여군 구룡면 용당리,19880423,,3,
4476036000,홍산면,19880423,,2,4476000000
4476036021,충청남도 부여군 홍산면 토정리,19880423,,3,
4476036022,충청남도 부여군 홍산면 정동리,19880423,,3,
4476036023,충청남도 부여군 홍산면 북촌리,19880423,,3,
4476036024,충청남도 부여군 홍산면 남촌리,19880423,,3,
4476036025,충청남도 부여군 홍산면 홍양리,19880423,,3,
4476036026,충청남도 부여군 홍산면 좌홍리,19880423,,3,
4476036027,충청남도 부여군 홍산면 교원리,19880423,,3,
4476036028,충청남도 부여군 홍산면 조현리,19880423,,3,
4476036029,충청남도 부여군 홍산면 상천리,19880423,,3,
4476036030,충청남도 부여군 홍산면 무정리,19880423,,3,
4476037000,옥산면,19880423,,2,4476000000
4476037021,충청남도 부여군 옥산면 상기리,19880423,,3,
4476037022,충청남도 부여군 옥산면 학산리,19880423,,3,
4476037023,충청남도 부여군 옥산면 홍연리,19880423,,3,
4476037024,충청남도 부여군 옥산면 수암리,19880423,,3,
4476037025,충청남도 부여군 옥산면 봉산리,19880423,,3,
4476037026,충청남도 부여군 옥산면 중양리,19880423,,3,
4476037027,충청남도 부여군 옥산면 신안리,19880423,,3,
4476037028,충청남도 부여군 옥산면 대덕리,19880423,,3,
4476037029,충청남도 부여군 옥산면 안서리,19880423,,3,
4476037030,충청남도 부여군 옥산면 내대리,19880423,,3,
4476037031,충청남도 부여군 옥산면 가덕리,19880423,,3,
4476038000,남면,19880423,,2,4476000000
4476038021,충청남도 부여군 남면 송학리,19880423,,3,
4476038022,충청남도 부여군 남면 마정리,19880423,,3,
4476038023,충청남도 부여군 남면 송암리,19880423,,3,
4476038024,충청남도 부여군 남면 대선리,19880423,,3,
4476038025,충청남도 부여군 남면 회동리,19880423,,3,
4476038026,충청남도 부여군 남면 내곡리,19880423,,3,
4476038027,충청남도 부여군 남면 신홍리,19880423,,3,
4476038028,충청남도 부여군 남면 금천리,19880423,,3,
4476038029,충청남도 부여군 남면 삼용리,19880423,,3,
4476039000,충화면,19880423,,2,4476000000
4476039021,충청남도 부여군 충화면 천당리,19880423,,3,
4476039022,충청남도 부여군 충화면 복금리,19880423,,3,
4476039023,충청남도 부여군 충화면 오덕리,19880423,,3,
4476039024,충청남도 부여군 충화면 현미리,19880423,,3,
4476039025,충청남도 부여군 충화면 지석리,19880423,,3,
4476039026,충청남도 부여군 충화면 가화리,19880423,,3,
4476039027,충청남도 부여군 충화면 팔충리,19880423,,3,
4476039028,충청남도 부여군 충화면 만지리,19880423,,3,
4476039029,충청남도 부여군 충화면 청남리,19880423,,3,
4476040000,양화면,19880423,,2,4476000000
4476040021,충청남도 부여군 양화면 송정리,19880423,,3,
4476040022,충청남도 부여군 양화면 내성리,19880423,,3,
4476040023,충청남도 부여군 양화면 입포리,19880423,,3,
4476040024,충청남도 부여군 양화면 오량리,19880423,,3,
4476040025,충청남도 부여군 양화면 원당리,19880423,,3,
4476040026,충청남도 부여군 양화면 족교리,19880423,,3,
4476040027,충청남도 부여군 양화면 상촌리,19880423,,3,
4476040028,충청남도 부여군 양화면 암수리,19880423,,3,
4476040029,충청남도 부여군 양화면 초왕리,19880423,,3,
4476040030,충청남도 부여군 양화면 벽용리,19880423,,3,
4476040031,충청남도 부여군 양화면 수원리,19880423,,3,
4476040032,충청남도 부여군 양화면 시음리,19880423,,3,
4476041000,임천면,19880423,,2,4476000000
4476041021,충청남도 부여군 임천면 군사리,19880423,,3,
4476041022,충청남도 부여군 임천면 가신리,19880423,,3,
4476041023,충청남도 부여군 임천면 구교리,19880423,,3,
4476041024,충청남도 부여군 임천면 칠산리,19880423,,3,
4476041025,충청남도 부여군 임천면 비정리,19880423,,3,
4476041026,충청남도 부여군 임천면 발산리,19880423,,3,
4476041027,충청남도 부여군 임천면 만사리,19880423,,3,
4476041028,충청남도 부여군 임천면 점리,19880423,,3,
4476041029,충청남도 부여군 임천면 두곡리,19880423,,3,
4476041030,충청남도 부여군 임천면 탑산리,19880423,,3,
4476041031,충청남도 부여군 임천면 옥곡리,19880423,,3,
4476042000,장암면,19880423,,2,4476000000
4476042021,충청남도 부여군 장암면 점상리,19880423,,3,
4476042022,충청남도 부여군 장암면 상황리,19880423,,3,
4476042023,충청남도 부여군 장암면 하황리,19880423,,3,
4476042024,충청남도 부여군 장암면 장하리,19880423,,3,
4476042025,충청남도 부여군 장암면 정암리,19880423,,3,
4476042026,충청남도 부여군 장암면 원문리,19880423,,3,
4476042027,충청남도 부여군 장암면 석동리,19880423,,3,
4476042028,충청남도 부여군 장암면 지토리,19880423,,3,
4476042029,충청남도 부여군 장암면 합곡리,19880423,,3,
4476042030,충청남도 부여군 장암면 북고리,19880423,,3,
4476043000,세도면,19880423,,2,4476000000
4476043021,충청남도 부여군 세도면 귀덕리,19880423,,3,
4476043022,충청남도 부여군 세도면 장산리,19880423,,3,
4476043023,충청남도 부여군 세도면 가회리,19880423,,3,
4476043024,충청남도 부여군 세도면 청송리,19880423,,3,
4476043025,충청남도 부여군 세도면 동사리,19880423,,3,
4476043026,충청남도 부여군 세도면 간대리,19880423,,3,
4476043027,충청남도 부여군 세도면 수고리,19880423,,3,
4476043028,충청남도 부여군 세도면 청포리,19880423,,3,
4476043029,충청남도 부여군 세도면 반조원리,19880423,,3,
4476043030,충청남도 부여군 세도면 화수리,19880423,,3,
4476043031,충청남도 부여군 세도면 사산리,19880423,,3,
4476044000,석성면,19880423,,2,4476000000
4476044021,충청남도 부여군 석성면 석성리,19880423,,3,
4476044022,충청남도 부여군 석성면 봉정리,19880423,,3,
4476044023,충청남도 부여군 석성면 비당리,19880423,,3,
4476044024,충청남도 부여군 석성면 증산리,19880423,,3,
4476044025,충청남도 부여군 석성면 정각리,19880423,,3,
4476044026,충청남도 부여군 석성면 현내리,19880423,,3,
4476045000,초촌면,19880423,,2,4476000000
4476045021,충청남도 부여군 초촌면 신암리,19880423,,3,
4476045022,충청남도 부여군 초촌면 소사리,19880423,,3,
4476045023,충청남도 부여군 초촌면 산직리,19880423,,3,
4476045024,충청남도 부여군 초촌면 응평리,19880423,,3,
4476045025,충청남도 부여군 초촌면 연화리,19880423,,3,
4476045026,충청남도 부여군 초촌면 추양리,19880423,,3,
4476045027,충청남도 부여군 초촌면 송국리,19880423,,3,
4476045028,충청남도 부여군 초촌면 세탑리,19880423,,3,
4476045029,충청남도 부여군 초촌면 송정리,19880423,,3,
4476045030,충청남도 부여군 초촌면 진호리,19880423,,3,
4476045031,충청남도 부여군 초촌면 초평리,19880423,,3,
4477000000,서천군,19880423,,1,4400000000
4477025000,장항읍,19880423,,2,4477000000
4477025021,충청남도 서천군 장항읍 창선1리,19881001,,3,
4477025022,충청남도 서천군 장항읍 창선2리,19881001,,3,
4477025023,충청남도 서천군 장항읍 성주리,19881001,,3,
4477025024,충청남도 서천군 장항읍 신창리,19881001,,3,
4477025025,충청남도 서천군 장항읍 장암리,19881001,,3,
4477025026,충청남도 서천군 장항읍 화천리,19881001,,3,
4477025027,충청남도 서천군 장항읍 송림리,19881001,,3,
4477025028,충청남도 서천군 장항읍 옥남리,19881001,,3,
4477025029,충청남도 서천군 장항읍 옥산리,19881001,,3,
4477025030,충청남도 서천군 장항읍 원수리,19881001,,3,
4477025300,서천읍,19880423,,2,4477000000
4477025321,충청남도 서천군 서천읍 군사리,19880423,,3,
4477025322,충청남도 서천군 서천읍 사곡리,19880423,,3,
4477025323,충청남도 서천군 서천읍 오석리,19880423,,3,
4477025324,충청남도 서천군 서천읍 화성리,19880423,,3,
4477025325,충청남도 서천군 서천읍 태월리,19880423,,3,
4477025326,충청남도 서천군 서천읍 둔덕리,19880423,,3,
4477025327,충청남도 서천군 서천읍 동산리,19880423,,3,
4477025328,충청남도 서천군 서천읍 삼산리,19880423,,3,
4477025329,충청남도 서천군 서천읍 신송리,19880423,,3,
4477025330,충청남도 서천군 서천읍 화금리,19880423,,3,
4477025331,충청남도 서천군 서천읍 구암리,19880423,,3,
4477025332,충청남도 서천군 서천읍 두왕리,19880423,,3,
4477025333,충청남도 서천군 서천읍 남산리,19880423,,3,
4477031000,마서면,19880423,,2,4477000000
4477031021,충청남도 서천군 마서면 계동리,19880423,,3,
4477031022,충청남도 서천군 마서면 봉남리,19880423,,3,
4477031023,충청남도 서천군 마서면 옥산리,19880423,,3,
4477031024,충청남도 서천군 마서면 한성리,19880423,,3,
4477031025,충청남도 서천군 마서면 송석리,19880423,,3,
4477031026,충청남도 서천군 마서면 죽산리,19880423,,3,
4477031027,충청남도 서천군 마서면 월포리,19880423,,3,
4477031028,충청남도 서천군 마서면 남전리,19880423,,3,
4477031029,충청남도 서천군 마서면 옥북리,19880423,,3,
4477031030,충청남도 서천군 마서면 덕암리,19880423,,3,
4477031031,충청남도 서천군 마서면 송내리,19880423,,3,
4477031032,충청남도 서천군 마서면 장선리,19880423,,3,
4477031033,충청남도 서천군 마서면 도삼리,19880423,,3,
4477031034,충청남도 서천군 마서면 신포리,19880423,,3,
4477031035,충청남도 서천군 마서면 산내리,19880423,,3,
4477031036,충청남도 서천군 마서면 당선리,19880423,,3,
4477031037,충청남도 서천군 마서면 어리,19880423,,3,
4477032000,화양면,19880423,,2,4477000000
4477032021,충청남도 서천군 화양면 옥포리,19880423,,3,
4477032022,충청남도 서천군 화양면 보현리,19880423,,3,
4477032023,충청남도 서천군 화양면 와초리,19880423,,3,
4477032024,충청남도 서천군 화양면 완포리,19880423,,3,
4477032025,충청남도 서천군 화양면 화촌리,19880423,,3,
4477032026,충청남도 서천군 화양면 죽산리,19880423,,3,
4477032027,충청남도 서천군 화양면 월산리,19880423,,3,
4477032028,충청남도 서천군 화양면 남성리,19880423,,3,
4477032029,충청남도 서천군 화양면 대등리,19880423,,3,
4477032030,충청남도 서천군 화양면 활동리,19880423,,3,
4477032031,충청남도 서천군 화양면 대하리,19880423,,3,
4477032032,충청남도 서천군 화양면 기복리,19880423,,3,
4477032033,충청남도 서천군 화양면 추동리,19880423,,3,
4477032034,충청남도 서천군 화양면 금당리,19880423,,3,
4477032035,충청남도 서천군 화양면 창외리,19880423,,3,
4477032036,충청남도 서천군 화양면 고마리,19880423,,3,
4477032037,충청남도 서천군 화양면 장상리,19880423,,3,
4477032038,충청남도 서천군 화양면 망월리,19880423,,3,
4477032039,충청남도 서천군 화양면 봉명리,19880423,,3,
4477033000,기산면,19880423,,2,4477000000
4477033021,충청남도 서천군 기산면 화산리,19880423,,3,
4477033022,충청남도 서천군 기산면 신산리,19880423,,3,
4477033023,충청남도 서천군 기산면 내동리,19880423,,3,
4477033024,충청남도 서천군 기산면 두남리,19880423,,3,
4477033025,충청남도 서천군 기산면 두북리,19880423,,3,
4477033026,충청남도 서천군 기산면 원길리,19880423,,3,
4477033027,충청남도 서천군 기산면 산정리,19880423,,3,
4477033028,충청남도 서천군 기산면 막동리,19880423,,3,
4477033029,충청남도 서천군 기산면 월기리,19880423,,3,
4477033030,충청남도 서천군 기산면 가공리,19880423,,3,
4477033031,충청남도 서천군 기산면 영모리,19880423,,3,
4477033032,충청남도 서천군 기산면 광암리,19880423,,3,
4477033033,충청남도 서천군 기산면 황사리,19880423,,3,
4477034000,한산면,19880423,,2,4477000000
4477034021,충청남도 서천군 한산면 지현리,19880423,,3,
4477034022,충청남도 서천군 한산면 동산리,19880423,,3,
4477034023,충청남도 서천군 한산면 성외리,19880423,,3,
4477034024,충청남도 서천군 한산면 호암리,19880423,,3,
4477034025,충청남도 서천군 한산면 죽촌리,19880423,,3,
4477034026,충청남도 서천군 한산면 종지리,19880423,,3,
4477034027,충청남도 서천군 한산면 송곡리,19880423,,3,
4477034028,충청남도 서천군 한산면 축동리,19880423,,3,
4477034029,충청남도 서천군 한산면 송산리,19880423,,3,
4477034030,충청남도 서천군 한산면 원산리,19880423,,3,
4477034031,충청남도 서천군 한산면 여사리,19880423,,3,
4477034032,충청남도 서천군 한산면 나교리,19880423,,3,
4477034033,충청남도 서천군 한산면 동지리,19880423,,3,
4477034034,충청남도 서천군 한산면 단상리,19880423,,3,
4477034035,충청남도 서천군 한산면 단하리,19880423,,3,
4477034036,충청남도 서천군 한산면 마양리,19880423,,3,
4477034037,충청남도 서천군 한산면 온동리,19880423,,3,
4477034038,충청남도 서천군 한산면 연봉리,19880423,,3,
4477034039,충청남도 서천군 한산면 용산리,19880423,,3,
4477034040,충청남도 서천군 한산면 신성리,19880423,,3,
4477034041,충청남도 서천군 한산면 구동리,19880423,,3,
4477035000,마산면,19880423,,2,4477000000
4477035021,충청남도 서천군 마산면 안당리,19880423,,3,
4477035022,충청남도 서천군 마산면 소야리,19880423,,3,
4477035023,충청남도 서천군 마산면 신장리,19880423,,3,
4477035024,충청남도 서천군 마산면 지산리,19880423,,3,
4477035025,충청남도 서천군 마산면 가양리,19880423,,3,
4477035026,충청남도 서천군 마산면 요곡리,19880423,,3,
4477035027,충청남도 서천군 마산면 관포리,19880423,,3,
4477035028,충청남도 서천군 마산면 신봉리,19880423,,3,
4477035029,충청남도 서천군 마산면 삼월리,19880423,,3,
4477035030,충청남도 서천군 마산면 군간리,19880423,,3,
4477035031,충청남도 서천군 마산면 시선리,19880423,,3,
4477035032,충청남도 서천군 마산면 벽오리,19880423,,3,
4477035033,충청남도 서천군 마산면 마명리,19880423,,3,
4477035034,충청남도 서천군 마산면 이사리,19880423,,3,
4477035035,충청남도 서천군 마산면 나궁리,19880423,,3,
4477035036,충청남도 서천군 마산면 송림리,19880423,,3,
4477036000,시초면,19880423,,2,4477000000
4477036021,충청남도 서천군 시초면 초현리,19880423,,3,
4477036022,충청남도 서천군 시초면 선동리,19880423,,3,
4477036023,충청남도 서천군 시초면 선암리,19880423,,3,
4477036024,충청남도 서천군 시초면 신흥리,19880423,,3,
4477036025,충청남도 서천군 시초면 용곡리,19880423,,3,
4477036026,충청남도 서천군 시초면 신곡리,19880423,,3,
4477036027,충청남도 서천군 시초면 태성리,19880423,,3,
4477036028,충청남도 서천군 시초면 봉선리,19880423,,3,
4477036029,충청남도 서천군 시초면 풍정리,19880423,,3,
4477036030,충청남도 서천군 시초면 후암리,19880423,,3,
4477037000,문산면,19880423,,2,4477000000
4477037021,충청남도 서천군 문산면 신농리,19880423,,3,
4477037022,충청남도 서천군 문산면 문장리,19880423,,3,
4477037023,충청남도 서천군 문산면 북산리,19880423,,3,
4477037024,충청남도 서천군 문산면 금복리,19880423,,3,
4477037025,충청남도 서천군 문산면 수암리,19880423,,3,
4477037026,충청남도 서천군 문산면 지원리,19880423,,3,
4477037027,충청남도 서천군 문산면 구동리,19880423,,3,
4477037028,충청남도 서천군 문산면 은곡리,19880423,,3,
4477038000,판교면,19880423,,2,4477000000
4477038021,충청남도 서천군 판교면 판교리,19880423,,3,
4477038022,충청남도 서천군 판교면 마대리,19880423,,3,
4477038023,충청남도 서천군 판교면 심동리,19880423,,3,
4477038024,충청남도 서천군 판교면 상좌리,19880423,,3,
4477038025,충청남도 서천군 판교면 우라리,19880423,,3,
4477038026,충청남도 서천군 판교면 문곡리,19880423,,3,
4477038027,충청남도 서천군 판교면 후동리,19880423,,3,
4477038028,충청남도 서천군 판교면 만덕리,19880423,,3,
4477038029,충청남도 서천군 판교면 현암리,19880423,,3,
4477038030,충청남도 서천군 판교면 저산리,19880423,,3,
4477038031,충청남도 서천군 판교면 수성리,19880423,,3,
4477038032,충청남도 서천군 판교면 복대리,19880423,,3,
4477038033,충청남도 서천군 판교면 흥림리,19880423,,3,
4477038034,충청남도 서천군 판교면 등고리,19880423,,3,
4477038035,충청남도 서천군 판교면 금덕리,19880423,,3,
4477039000,종천면,19880423,,2,4477000000
4477039021,충청남도 서천군 종천면 신검리,19880423,,3,
4477039022,충청남도 서천군 종천면 랑평리,19880423,,3,
4477039023,충청남도 서천군 종천면 종천리,19880423,,3,
4477039024,충청남도 서천군 종천면 당정리,19880423,,3,
4477039025,충청남도 서천군 종천면 장구리,19880423,,3,
4477039026,충청남도 서천군 종천면 화산리,19880423,,3,
4477039027,충청남도 서천군 종천면 산천리,19880423,,3,
4477039028,충청남도 서천군 종천면 도만리,19880423,,3,
4477039029,충청남도 서천군 종천면 석촌리,19880423,,3,
4477039030,충청남도 서천군 종천면 지석리,19880423,,3,
4477040000,비인면,19880423,,2,4477000000
4477040021,충청남도 서천군 비인면 성내리,19880423,,3,
4477040022,충청남도 서천군 비인면 성북리,19880423,,3,
4477040023,충청남도 서천군 비인면 선도리,19880423,,3,
4477040024,충청남도 서천군 비인면 칠지리,19880423,,3,
4477040025,충청남도 서천군 비인면 구복리,19880423,,3,
4477040026,충청남도 서천군 비인면 남당리,19880423,,3,
4477040027,충청남도 서천군 비인면 율리,19880423,,3,
4477040028,충청남도 서천군 비인면 성산리,19880423,,3,
4477040029,충청남도 서천군 비인면 관리,19880423,,3,
4477040030,충청남도 서천군 비인면 다사리,19880423,,3,
4477040031,충청남도 서천군 비인면 장포리,19880423,,3,
4477041000,서면,19880423,,2,4477000000
4477041021,충청남도 서천군 서면 개야리,19880423,,3,
4477041022,충청남도 서천군 서면 마량리,19880423,,3,
4477041023,충청남도 서천군 서면 월리,19880423,,3,
4477041024,충청남도 서천군 서면 부사리,19880423,,3,
4477041025,충청남도 서천군 서면 원두리,19880423,,3,
4477041026,충청남도 서천군 서면 신합리,19880423,,3,
4477041027,충청남도 서천군 서면 월호리,19880423,,3,
4477041028,충청남도 서천군 서면 도둔리,19880423,,3,
4477041029,충청남도 서천군 서면 주항리,19880423,,3,
4479000000,청양군,19880423,,1,4400000000
4479025000,청양읍,19880423,,2,4479000000
4479025021,충청남도 청양군 청양읍 읍내리,19880423,,3,
4479025022,충청남도 청양군 청양읍 백천리,19880423,,3,
4479025023,충청남도 청양군 청양읍 교월리,19880423,,3,
4479025024,충청남도 청양군 청양읍 벽천리,19880423,,3,
4479025025,충청남도 청양군 청양읍 적누리,19880423,,3,
4479025026,충청남도 청양군 청양읍 정좌리,19880423,,3,
4479025027,충청남도 청양군 청양읍 군량리,19880423,,3,
4479025028,충청남도 청양군 청양읍 장승리,19880423,,3,
4479025029,충청남도 청양군 청양읍 송방리,19880423,,3,
4479025030,충청남도 청양군 청양읍 청수리,19880423,,3,
4479025031,충청남도 청양군 청양읍 학당리,19880423,,3,
4479031000,운곡면,19880423,,2,4479000000
4479031021,충청남도 청양군 운곡면 위라리,19880423,,3,
4479031022,충청남도 청양군 운곡면 효제리,19880423,,3,
4479031023,충청남도 청양군 운곡면 후덕리,19880423,,3,
4479031024,충청남도 청양군 운곡면 모곡리,19880423,,3,
4479031025,충청남도 청양군 운곡면 신대리,19880423,,3,
4479031026,충청남도 청양군 운곡면 영양리,19880423,,3,
4479031027,충청남도 청양군 운곡면 미량리,19880423,,3,
4479031028,충청남도 청양군 운곡면 광암리,19880423,,3,
4479031029,충청남도 청양군 운곡면 추광리,19880423,,3,
4479032000,대치면,19880423,,2,4479000000
4479032021,충청남도 청양군 대치면 주정리,19880423,,3,
4479032022,충청남도 청양군 대치면 탄정리,19880423,,3,
4479032023,충청남도 청양군 대치면 광금리,19880423,,3,
4479032024,충청남도 청양군 대치면 구치리,19880423,,3,
4479032025,충청남도 청양군 대치면 장곡리,19880423,,3,
4479032026,충청남도 청양군 대치면 개곡리,19880423,,3,
4479032027,충청남도 청양군 대치면 작천리,19880423,,3,
4479032028,충청남도 청양군 대치면 광대리,19880423,,3,
4479032029,충청남도 청양군 대치면 대치리,19880423,,3,
4479032030,충청남도 청양군 대치면 오룡리,19880423,,3,
4479032031,충청남도 청양군 대치면 형산리,19880423,,3,
4479032032,충청남도 청양군 대치면 이화리,19880423,,3,
4479032033,충청남도 청양군 대치면 시전리,19880423,,3,
4479032034,충청남도 청양군 대치면 상갑리,19880423,,3,
4479032035,충청남도 청양군 대치면 농소리,19880423,,3,
4479032036,충청남도 청양군 대치면 수석리,19880423,,3,
4479033000,정산면,19880423,,2,4479000000
4479033021,충청남도 청양군 정산면 서정리,19880423,,3,
4479033022,충청남도 청양군 정산면 역촌리,19880423,,3,
4479033023,충청남도 청양군 정산면 백곡리,19880423,,3,
4479033024,충청남도 청양군 정산면 해남리,19880423,,3,
4479033025,충청남도 청양군 정산면 남천리,19880423,,3,
4479033026,충청남도 청양군 정산면 송학리,19880423,,3,
4479033027,충청남도 청양군 정산면 대박리,19880423,,3,
4479033028,충청남도 청양군 정산면 용두리,19880423,,3,
4479033029,충청남도 청양군 정산면 마치리,19880423,,3,
4479033030,충청남도 청양군 정산면 천장리,19880423,,3,
4479033031,충청남도 청양군 정산면 내초리,19880423,,3,
4479033032,충청남도 청양군 정산면 신덕리,19880423,,3,
4479033033,충청남도 청양군 정산면 와촌리,19880423,,3,
4479033034,충청남도 청양군 정산면 학암리,19880423,,3,
4479033035,충청남도 청양군 정산면 덕성리,19880423,,3,
4479033036,충청남도 청양군 정산면 광생리,19880423,,3,
4479034000,목면,19880423,,2,4479000000
4479034021,충청남도 청양군 목면 지곡리,19880423,,3,
4479034022,충청남도 청양군 목면 화양리,19880423,,3,
4479034023,충청남도 청양군 목면 신흥리,19880423,,3,
4479034024,충청남도 청양군 목면 안심리,19880423,,3,
4479034025,충청남도 청양군 목면 송암리,19880423,,3,
4479034026,충청남도 청양군 목면 본의리,19880423,,3,
4479034027,충청남도 청양군 목면 대평리,19880423,,3,
4479035000,청남면,19880423,,2,4479000000
4479035021,충청남도 청양군 청남면 청소리,19880423,,3,
4479035022,충청남도 청양군 청남면 지곡리,19880423,,3,
4479035023,충청남도 청양군 청남면 내직리,19880423,,3,
4479035024,충청남도 청양군 청남면 천내리,19880423,,3,
4479035025,충청남도 청양군 청남면 동강리,19880423,,3,
4479035026,충청남도 청양군 청남면 중산리,19880423,,3,
4479035027,충청남도 청양군 청남면 왕진리,19880423,,3,
4479035028,충청남도 청양군 청남면 인양리,19880423,,3,
4479035029,충청남도 청양군 청남면 대흥리,19880423,,3,
4479035030,충청남도 청양군 청남면 아산리,19880423,,3,
4479035031,충청남도 청양군 청남면 상장리,19880423,,3,
4479036000,장평면,19880423,,2,4479000000
4479036021,충청남도 청양군 장평면 중추리,19880423,,3,
4479036022,충청남도 청양군 장평면 은곡리,19880423,,3,
4479036023,충청남도 청양군 장평면 미당리,19880423,,3,
4479036024,충청남도 청양군 장평면 적곡리,19880423,,3,
4479036025,충청남도 청양군 장평면 락지리,19880423,,3,
4479036026,충청남도 청양군 장평면 지천리,19880423,,3,
4479036027,충청남도 청양군 장평면 죽림리,19880423,,3,
4479036028,충청남도 청양군 장평면 화산리,19880423,,3,
4479036029,충청남도 청양군 장평면 구룡리,19880423,,3,
4479036030,충청남도 청양군 장평면 관현리,19880423,,3,
4479036031,충청남도 청양군 장평면 분향리,19880423,,3,
4479037000,남양면,19880423,,2,4479000000
4479037021,충청남도 청양군 남양면 구룡리,19880423,,3,
4479037022,충청남도 청양군 남양면 신왕리,19880423,,3,
4479037023,충청남도 청양군 남양면 백금리,19880423,,3,
4479037024,충청남도 청양군 남양면 용마리,19880423,,3,
4479037025,충청남도 청양군 남양면 대봉리,19880423,,3,
4479037026,충청남도 청양군 남양면 흥산리,19880423,,3,
4479037027,충청남도 청양군 남양면 매곡리,19880423,,3,
4479037028,충청남도 청양군 남양면 온암리,19880423,,3,
4479037029,충청남도 청양군 남양면 온직리,19880423,,3,
4479037030,충청남도 청양군 남양면 용두리,19880423,,3,
4479037031,충청남도 청양군 남양면 금정리,19880423,,3,
4479037032,충청남도 청양군 남양면 봉암리,19880423,,3,
4479038000,화성면,19880423,,2,4479000000
4479038021,충청남도 청양군 화성면 산정리,19880423,,3,
4479038022,충청남도 청양군 화성면 장계리,19880423,,3,
4479038023,충청남도 청양군 화성면 화강리,19880423,,3,
4479038024,충청남도 청양군 화성면 농암리,19880423,,3,
4479038025,충청남도 청양군 화성면 화암리,19880423,,3,
4479038026,충청남도 청양군 화성면 기덕리,19880423,,3,
4479038027,충청남도 청양군 화성면 수정리,19880423,,3,
4479038028,충청남도 청양군 화성면 용당리,19880423,,3,
4479038029,충청남도 청양군 화성면 신정리,19880423,,3,
4479038030,충청남도 청양군 화성면 광평리,19880423,,3,
4479038031,충청남도 청양군 화성면 매산리,19880423,,3,
4479038032,충청남도 청양군 화성면 구재리,19880423,,3,
4479039000,비봉면,19880423,,2,4479000000
4479039021,충청남도 청양군 비봉면 록평리,19880423,,3,
4479039022,충청남도 청양군 비봉면 신원리,19880423,,3,
4479039023,충청남도 청양군 비봉면 중묵리,19880423,,3,
4479039024,충청남도 청양군 비봉면 사점리,19880423,,3,
4479039025,충청남도 청양군 비봉면 관산리,19880423,,3,
4479039026,충청남도 청양군 비봉면 장재리,19880423,,3,
4479039027,충청남도 청양군 비봉면 강정리,19880423,,3,
4479039028,충청남도 청양군 비봉면 양사리,19880423,,3,
4479039029,충청남도 청양군 비봉면 용천리,19880423,,3,
4479039030,충청남도 청양군 비봉면 방한리,19880423,,3,
4480000000,홍성군,19880423,,1,4400000000
4480025000,홍성읍,19880423,,2,4480000000
4480025021,충청남도 홍성군 홍성읍 오관리,19880423,,3,
4480025022,충청남도 홍성군 홍성읍 대교리,19880423,,3,
4480025023,충청남도 홍성군 홍성읍 소향리,19880423,,3,
4480025024,충청남도 홍성군 홍성읍 월산리,19880423,,3,
4480025025,충청남도 홍성군 홍성읍 옥암리,19880423,,3,
4480025026,충청남도 홍성군 홍성읍 남장리,19880423,,3,
4480025027,충청남도 홍성군 홍성읍 학계리,19880423,,3,
4480025028,충청남도 홍성군 홍성읍 신성리,19880423,,3,
4480025029,충청남도 홍성군 홍성읍 송월리,19880423,,3,
4480025030,충청남도 홍성군 홍성읍 고암리,19880423,,3,
4480025031,충청남도 홍성군 홍성읍 내법리,19880423,,3,
4480025032,충청남도 홍성군 홍성읍 구룡리,19880423,,3,
4480025300,광천읍,19880423,,2,4480000000
4480025321,충청남도 홍성군 광천읍 신진리,19880423,,3,
4480025322,충청남도 홍성군 광천읍 광천리,19880423,,3,
4480025323,충청남도 홍성군 광천읍 담산리,19880423,,3,
4480025324,충청남도 홍성군 광천읍 가정리,19880423,,3,
4480025325,충청남도 홍성군 광천읍 내죽리,19880423,,3,
4480025326,충청남도 홍성군 광천읍 소암리,19880423,,3,
4480025327,충청남도 홍성군 광천읍 매현리,19880423,,3,
4480025328,충청남도 홍성군 광천읍 벽계리,19880423,,3,
4480025329,충청남도 홍성군 광천읍 상정리,19880423,,3,
4480025330,충청남도 홍성군 광천읍 옹암리,19880423,,3,
4480025331,충청남도 홍성군 광천읍 운용리,19880423,,3,
4480025332,충청남도 홍성군 광천읍 대평리,19880423,,3,
4480025333,충청남도 홍성군 광천읍 월림리,19880423,,3,
4480025600,홍북읍,20170801,,2,4480000000
4480025621,충청남도 홍성군 홍북읍 중계리,20170801,,3,
4480025622,충청남도 홍성군 홍북읍 상하리,20170801,,3,
4480025623,충청남도 홍성군 홍북읍 봉신리,20170801,,3,
4480025624,충청남도 홍성군 홍북읍 내덕리,20170801,,3,
4480025625,충청남도 홍성군 홍북읍 신경리,20170801,,3,
4480025626,충청남도 홍성군 홍북읍 대동리,20170801,,3,
4480025627,충청남도 홍성군 홍북읍 석택리,20170801,,3,
4480025628,충청남도 홍성군 홍북읍 용산리,20170801,,3,
4480025629,충청남도 홍성군 홍북읍 갈산리,20170801,,3,
4480025630,충청남도 홍성군 홍북읍 신정리,20170801,,3,
4480025631,충청남도 홍성군 홍북읍 산수리,20170801,,3,
4480025632,충청남도 홍성군 홍북읍 노은리,20170801,,3,
4480025633,충청남도 홍성군 홍북읍 대인리,20170801,,3,
4480032000,금마면,19880423,,2,4480000000
4480032021,충청남도 홍성군 금마면 월암리,19880423,,3,
4480032022,충청남도 홍성군 금마면 봉서리,19880423,,3,
4480032023,충청남도 홍성군 금마면 인산리,19880423,,3,
4480032024,충청남도 홍성군 금마면 가산리,19880423,,3,
4480032025,충청남도 홍성군 금마면 부평리,19880423,,3,
4480032026,충청남도 홍성군 금마면 덕정리,19880423,,3,
4480032027,충청남도 홍성군 금마면 용흥리,19880423,,3,
4480032028,충청남도 홍성군 금마면 송암리,19880423,,3,
4480032029,충청남도 홍성군 금마면 장성리,19880423,,3,
4480032030,충청남도 홍성군 금마면 신곡리,19880423,,3,
4480032031,충청남도 홍성군 금마면 죽림리,19880423,,3,
4480032032,충청남도 홍성군 금마면 화양리,19880423,,3,
4480032033,충청남도 홍성군 금마면 송강리,19880423,,3,
4480033000,홍동면,19880423,,2,4480000000
4480033021,충청남도 홍성군 홍동면 운월리,19880423,,3,
4480033022,충청남도 홍성군 홍동면 월현리,19880423,,3,
4480033023,충청남도 홍성군 홍동면 원천리,19880423,,3,
4480033024,충청남도 홍성군 홍동면 홍원리,19880423,,3,
4480033025,충청남도 홍성군 홍동면 화신리,19880423,,3,
4480033026,충청남도 홍성군 홍동면 문당리,19880423,,3,
4480033027,충청남도 홍성군 홍동면 금평리,19880423,,3,
4480033028,충청남도 홍성군 홍동면 구정리,19880423,,3,
4480033029,충청남도 홍성군 홍동면 신기리,19880423,,3,
4480033030,충청남도 홍성군 홍동면 수란리,19880423,,3,
4480033031,충청남도 홍성군 홍동면 금당리,19880423,,3,
4480033032,충청남도 홍성군 홍동면 효학리,19880423,,3,
4480033033,충청남도 홍성군 홍동면 대영리,19880423,,3,
4480033034,충청남도 홍성군 홍동면 팔괘리,19880423,,3,
4480034000,장곡면,19880423,,2,4480000000
4480034021,충청남도 홍성군 장곡면 도산리,19880423,,3,
4480034022,충청남도 홍성군 장곡면 신풍리,19880423,,3,
4480034023,충청남도 홍성군 장곡면 화계리,19880423,,3,
4480034024,충청남도 홍성군 장곡면 광성리,19880423,,3,
4480034025,충청남도 홍성군 장곡면 오성리,19880423,,3,
4480034026,충청남도 홍성군 장곡면 죽전리,19880423,,3,
4480034027,충청남도 홍성군 장곡면 가송리,19880423,,3,
4480034028,충청남도 홍성군 장곡면 신동리,19880423,,3,
4480034029,충청남도 홍성군 장곡면 지정리,19880423,,3,
4480034030,충청남도 홍성군 장곡면 월계리,19880423,,3,
4480034031,충청남도 홍성군 장곡면 행정리,19880423,,3,
4480034032,충청남도 홍성군 장곡면 천태리,19880423,,3,
4480034033,충청남도 홍성군 장곡면 산성리,19880423,,3,
4480034034,충청남도 홍성군 장곡면 옥계리,19880423,,3,
4480034035,충청남도 홍성군 장곡면 대현리,19880423,,3,
4480034036,충청남도 홍성군 장곡면 상송리,19880423,,3,
4480035000,은하면,19880423,,2,4480000000
4480035021,충청남도 홍성군 은하면 대천리,19880423,,3,
4480035022,충청남도 홍성군 은하면 유송리,19880423,,3,
4480035023,충청남도 홍성군 은하면 장곡리,19880423,,3,
4480035024,충청남도 홍성군 은하면 대율리,19880423,,3,
4480035025,충청남도 홍성군 은하면 금국리,19880423,,3,
4480035026,충청남도 홍성군 은하면 학산리,19880423,,3,
4480035027,충청남도 홍성군 은하면 목현리,19880423,,3,
4480035028,충청남도 홍성군 은하면 대판리,19880423,,3,
4480035029,충청남도 홍성군 은하면 덕실리,19880423,,3,
4480035030,충청남도 홍성군 은하면 화봉리,19880423,,3,
4480035031,충청남도 홍성군 은하면 장척리,19880423,,3,
4480036000,결성면,19880423,,2,4480000000
4480036021,충청남도 홍성군 결성면 읍내리,19880423,,3,
4480036022,충청남도 홍성군 결성면 성호리,19880423,,3,
4480036023,충청남도 홍성군 결성면 성남리,19880423,,3,
4480036024,충청남도 홍성군 결성면 금곡리,19880423,,3,
4480036025,충청남도 홍성군 결성면 성곡리,19880423,,3,
4480036026,충청남도 홍성군 결성면 무량리,19880423,,3,
4480036027,충청남도 홍성군 결성면 교항리,19880423,,3,
4480036028,충청남도 홍성군 결성면 용호리,19880423,,3,
4480036029,충청남도 홍성군 결성면 형산리,19880423,,3,
4480037000,서부면,19880423,,2,4480000000
4480037021,충청남도 홍성군 서부면 이호리,19880423,,3,
4480037022,충청남도 홍성군 서부면 광리,19880423,,3,
4480037023,충청남도 홍성군 서부면 궁리,19880423,,3,
4480037024,충청남도 홍성군 서부면 상황리,19880423,,3,
4480037025,충청남도 홍성군 서부면 거차리,19880423,,3,
4480037026,충청남도 홍성군 서부면 어사리,19880423,,3,
4480037027,충청남도 홍성군 서부면 남당리,19880423,,3,
4480037028,충청남도 홍성군 서부면 신리,19880423,,3,
4480037029,충청남도 홍성군 서부면 양곡리,19880423,,3,
4480037030,충청남도 홍성군 서부면 판교리,19880423,,3,
4480037031,충청남도 홍성군 서부면 중리,19880423,,3,
4480037032,충청남도 홍성군 서부면 죽도리,19890101,,3,
4480038000,갈산면,19880423,,2,4480000000
4480038021,충청남도 홍성군 갈산면 상촌리,19880423,,3,
4480038022,충청남도 홍성군 갈산면 내갈리,19880423,,3,
4480038023,충청남도 홍성군 갈산면 신안리,19880423,,3,
4480038024,충청남도 홍성군 갈산면 가곡리,19880423,,3,
4480038025,충청남도 홍성군 갈산면 갈오리,19880423,,3,
4480038026,충청남도 홍성군 갈산면 동산리,19880423,,3,
4480038027,충청남도 홍성군 갈산면 쌍천리,19880423,,3,
4480038028,충청남도 홍성군 갈산면 행산리,19880423,,3,
4480038029,충청남도 홍성군 갈산면 오두리,19880423,,3,
4480038030,충청남도 홍성군 갈산면 부기리,19880423,,3,
4480038031,충청남도 홍성군 갈산면 기산리,19880423,,3,
4480038032,충청남도 홍성군 갈산면 동성리,19880423,,3,
4480038033,충청남도 홍성군 갈산면 취생리,19880423,,3,
4480038034,충청남도 홍성군 갈산면 운곡리,19880423,,3,
4480038035,충청남도 홍성군 갈산면 와리,19880423,,3,
4480038036,충청남도 홍성군 갈산면 대사리,19880423,,3,
4480039000,구항면,19880423,,2,4480000000
4480039021,충청남도 홍성군 구항면 황곡리,19880423,,3,
4480039022,충청남도 홍성군 구항면 오봉리,19880423,,3,
4480039023,충청남도 홍성군 구항면 공리,19880423,,3,
4480039024,충청남도 홍성군 구항면 남산리,19880423,,3,
4480039025,충청남도 홍성군 구항면 장양리,19880423,,3,
4480039026,충청남도 홍성군 구항면 태봉리,19880423,,3,
4480039027,충청남도 홍성군 구항면 내현리,19880423,,3,
4480039028,충청남도 홍성군 구항면 지정리,19880423,,3,
4480039029,충청남도 홍성군 구항면 대정리,19880423,,3,
4480039030,충청남도 홍성군 구항면 신곡리,19880423,,3,
4480039031,충청남도 홍성군 구항면 청광리,19880423,,3,
4480039032,충청남도 홍성군 구항면 마온리,19880423,,3,
4481000000,예산군,19880423,,1,4400000000
4481025000,예산읍,19880423,,2,4481000000
4481025021,충청남도 예산군 예산읍 예산리,19880423,,3,
4481025022,충청남도 예산군 예산읍 향천리,19880423,,3,
4481025023,충청남도 예산군 예산읍 대회리,19880423,,3,
4481025024,충청남도 예산군 예산읍 주교리,19880423,,3,
4481025025,충청남도 예산군 예산읍 산성리,19880423,,3,
4481025026,충청남도 예산군 예산읍 발연리,19880423,,3,
4481025027,충청남도 예산군 예산읍 석양리,19880423,,3,
4481025028,충청남도 예산군 예산읍 관작리,19880423,,3,
4481025029,충청남도 예산군 예산읍 창소리,19880423,,3,
4481025030,충청남도 예산군 예산읍 신례원리,19880423,,3,
4481025031,충청남도 예산군 예산읍 간양리,19880423,,3,
4481025032,충청남도 예산군 예산읍 궁평리,19880423,,3,
4481025033,충청남도 예산군 예산읍 수철리,19880423,,3,
4481025300,삽교읍,19880423,,2,4481000000
4481025321,충청남도 예산군 삽교읍 두리,19880423,,3,
4481025322,충청남도 예산군 삽교읍 삽교리,19880423,,3,
4481025323,충청남도 예산군 삽교읍 평촌리,19880423,,3,
4481025324,충청남도 예산군 삽교읍 수촌리,19880423,,3,
4481025325,충청남도 예산군 삽교읍 이리,19880423,,3,
4481025326,충청남도 예산군 삽교읍 목리,19880423,,3,
4481025327,충청남도 예산군 삽교읍 신리,19880423,,3,
4481025328,충청남도 예산군 삽교읍 안치리,19880423,,3,
4481025329,충청남도 예산군 삽교읍 송산리,19880423,,3,
4481025330,충청남도 예산군 삽교읍 역리,19880423,,3,
4481025331,충청남도 예산군 삽교읍 상하리,19880423,,3,
4481025332,충청남도 예산군 삽교읍 창정리,19880423,,3,
4481025333,충청남도 예산군 삽교읍 가리,19880423,,3,
4481025334,충청남도 예산군 삽교읍 상성리,19880423,,3,
4481025335,충청남도 예산군 삽교읍 용동리,19880423,,3,
4481025336,충청남도 예산군 삽교읍 하포리,19880423,,3,
4481025337,충청남도 예산군 삽교읍 성리,19880423,,3,
4481025338,충청남도 예산군 삽교읍 신가리,19880423,,3,
4481025339,충청남도 예산군 삽교읍 방아리,19880423,,3,
4481025340,충청남도 예산군 삽교읍 효림리,19880423,,3,
4481025341,충청남도 예산군 삽교읍 월산리,19880423,,3,
4481031000,대술면,19880423,,2,4481000000
4481031021,충청남도 예산군 대술면 화천리,19880423,,3,
4481031022,충청남도 예산군 대술면 농리,19880423,,3,
4481031023,충청남도 예산군 대술면 상항리,19880423,,3,
4481031024,충청남도 예산군 대술면 방산리,19880423,,3,
4481031025,충청남도 예산군 대술면 장복리,19880423,,3,
4481031026,충청남도 예산군 대술면 송석리,19880423,,3,
4481031027,충청남도 예산군 대술면 화산리,19880423,,3,
4481031028,충청남도 예산군 대술면 궐곡리,19880423,,3,
4481031029,충청남도 예산군 대술면 시산리,19880423,,3,
4481031030,충청남도 예산군 대술면 산정리,19880423,,3,
4481031031,충청남도 예산군 대술면 마전리,19880423,,3,
4481031032,충청남도 예산군 대술면 이티리,19880423,,3,
4481032000,신양면,19880423,,2,4481000000
4481032021,충청남도 예산군 신양면 신양리,19880423,,3,
4481032022,충청남도 예산군 신양면 황계리,19880423,,3,
4481032023,충청남도 예산군 신양면 무봉리,19880423,,3,
4481032024,충청남도 예산군 신양면 녹문리,19880423,,3,
4481032025,충청남도 예산군 신양면 서계양리,19880423,,3,
4481032026,충청남도 예산군 신양면 불원리,19880423,,3,
4481032027,충청남도 예산군 신양면 시왕리,19880423,,3,
4481032028,충청남도 예산군 신양면 연리,19880423,,3,
4481032029,충청남도 예산군 신양면 귀곡리,19880423,,3,
4481032030,충청남도 예산군 신양면 하천리,19880423,,3,
4481032031,충청남도 예산군 신양면 죽천리,19880423,,3,
4481032032,충청남도 예산군 신양면 가지리,19880423,,3,
4481032033,충청남도 예산군 신양면 만사리,19880423,,3,
4481032034,충청남도 예산군 신양면 여래미리,19880423,,3,
4481032035,충청남도 예산군 신양면 대덕리,19880423,,3,
4481032036,충청남도 예산군 신양면 차동리,19880423,,3,
4481033000,광시면,19880423,,2,4481000000
4481033021,충청남도 예산군 광시면 광시리,19880423,,3,
4481033022,충청남도 예산군 광시면 노전리,19880423,,3,
4481033023,충청남도 예산군 광시면 운산리,19880423,,3,
4481033024,충청남도 예산군 광시면 하장대리,19880423,,3,
4481033025,충청남도 예산군 광시면 은사리,19880423,,3,
4481033026,충청남도 예산군 광시면 구례리,19880423,,3,
4481033027,충청남도 예산군 광시면 마사리,19880423,,3,
4481033028,충청남도 예산군 광시면 신대리,19880423,,3,
4481033029,충청남도 예산군 광시면 관음리,19880423,,3,
4481033030,충청남도 예산군 광시면 동산리,19880423,,3,
4481033031,충청남도 예산군 광시면 장전리,19880423,,3,
4481033032,충청남도 예산군 광시면 월송리,19880423,,3,
4481033033,충청남도 예산군 광시면 서초정리,19880423,,3,
4481033034,충청남도 예산군 광시면 신흥리,19880423,,3,
4481033035,충청남도 예산군 광시면 장신리,19880423,,3,
4481033036,충청남도 예산군 광시면 용두리,19880423,,3,
4481033037,충청남도 예산군 광시면 미곡리,19880423,,3,
4481033038,충청남도 예산군 광시면 시목리,19880423,,3,
4481033039,충청남도 예산군 광시면 가덕리,19880423,,3,
4481033040,충청남도 예산군 광시면 대리,19880423,,3,
4481034000,대흥면,19880423,,2,4481000000
4481034021,충청남도 예산군 대흥면 동서리,19880423,,3,
4481034022,충청남도 예산군 대흥면 상중리,19880423,,3,
4481034023,충청남도 예산군 대흥면 교촌리,19880423,,3,
4481034024,충청남도 예산군 대흥면 송지리,19880423,,3,
4481034025,충청남도 예산군 대흥면 대야리,19880423,,3,
4481034026,충청남도 예산군 대흥면 신속리,19880423,,3,
4481034027,충청남도 예산군 대흥면 노동리,19880423,,3,
4481034028,충청남도 예산군 대흥면 지곡리,19880423,,3,
4481034029,충청남도 예산군 대흥면 하탄방리,19880423,,3,
4481034030,충청남도 예산군 대흥면 탄방리,19880423,,3,
4481034031,충청남도 예산군 대흥면 금곡리,19880423,,3,
4481034032,충청남도 예산군 대흥면 대률리,19880423,,3,
4481034033,충청남도 예산군 대흥면 갈신리,19880423,,3,
4481034034,충청남도 예산군 대흥면 손지리,19880423,,3,
4481035000,응봉면,19880423,,2,4481000000
4481035021,충청남도 예산군 응봉면 노화리,19880423,,3,
4481035022,충청남도 예산군 응봉면 지석리,19880423,,3,
4481035023,충청남도 예산군 응봉면 건지화리,19880423,,3,
4481035024,충청남도 예산군 응봉면 신리,19880423,,3,
4481035025,충청남도 예산군 응봉면 평촌리,19880423,,3,
4481035026,충청남도 예산군 응봉면 등촌리,19880423,,3,
4481035027,충청남도 예산군 응봉면 후사리,19880423,,3,
4481035028,충청남도 예산군 응봉면 입침리,19880423,,3,
4481035029,충청남도 예산군 응봉면 운곡리,19880423,,3,
4481035030,충청남도 예산군 응봉면 증곡리,19880423,,3,
4481035031,충청남도 예산군 응봉면 송석리,19880423,,3,
4481035032,충청남도 예산군 응봉면 주령리,19880423,,3,
4481035033,충청남도 예산군 응봉면 계정리,19880423,,3,
4481036000,덕산면,19880423,,2,4481000000
4481036021,충청남도 예산군 덕산면 읍내리,19880423,,3,
4481036022,충청남도 예산군 덕산면 북문리,19880423,,3,
4481036023,충청남도 예산군 덕산면 옥계리,19880423,,3,
4481036024,충청남도 예산군 덕산면 상가리,19880423,,3,
4481036025,충청남도 예산군 덕산면 사동리,19880423,,3,
4481036026,충청남도 예산군 덕산면 신평리,19880423,,3,
4481036027,충청남도 예산군 덕산면 시량리,19880423,,3,
4481036028,충청남도 예산군 덕산면 둔리,19880423,,3,
4481036029,충청남도 예산군 덕산면 대치리,19880423,,3,
4481036030,충청남도 예산군 덕산면 광천리,19880423,,3,
4481036031,충청남도 예산군 덕산면 사천리,19880423,,3,
4481036032,충청남도 예산군 덕산면 외라리,19880423,,3,
4481036033,충청남도 예산군 덕산면 내라리,19880423,,3,
4481036034,충청남도 예산군 덕산면 복당리,19880423,,3,
4481036035,충청남도 예산군 덕산면 낙상리,19880423,,3,
4481036036,충청남도 예산군 덕산면 대동리,19880423,,3,
4481037000,봉산면,19880423,,2,4481000000
4481037021,충청남도 예산군 봉산면 고도리,19880423,,3,
4481037022,충청남도 예산군 봉산면 구암리,19880423,,3,
4481037023,충청남도 예산군 봉산면 봉림리,19880423,,3,
4481037024,충청남도 예산군 봉산면 사석리,19880423,,3,
4481037025,충청남도 예산군 봉산면 하평리,19880423,,3,
4481037026,충청남도 예산군 봉산면 옥전리,19880423,,3,
4481037027,충청남도 예산군 봉산면 당곡리,19880423,,3,
4481037028,충청남도 예산군 봉산면 시동리,19880423,,3,
4481037029,충청남도 예산군 봉산면 효교리,19880423,,3,
4481037030,충청남도 예산군 봉산면 대지리,19880423,,3,
4481037031,충청남도 예산군 봉산면 화전리,19880423,,3,
4481037032,충청남도 예산군 봉산면 궁평리,19880423,,3,
4481037033,충청남도 예산군 봉산면 금치리,19880423,,3,
4481037034,충청남도 예산군 봉산면 옹안리,19880423,,3,
4481037035,충청남도 예산군 봉산면 마교리,19880423,,3,
4481038000,고덕면,19880423,,2,4481000000
4481038021,충청남도 예산군 고덕면 대천리,19880423,,3,
4481038022,충청남도 예산군 고덕면 몽곡리,19880423,,3,
4481038023,충청남도 예산군 고덕면 상몽리,19880423,,3,
4481038024,충청남도 예산군 고덕면 호음리,19880423,,3,
4481038025,충청남도 예산군 고덕면 오추리,19880423,,3,
4481038026,충청남도 예산군 고덕면 지곡리,19880423,,3,
4481038027,충청남도 예산군 고덕면 상장리,19880423,,3,
4481038028,충청남도 예산군 고덕면 상궁리,19880423,,3,
4481038029,충청남도 예산군 고덕면 구만리,19880423,,3,
4481038030,충청남도 예산군 고덕면 용리,19880423,,3,
4481038031,충청남도 예산군 고덕면 사리,19880423,,3,
4481038032,충청남도 예산군 고덕면 석곡리,19880423,,3,
4481039000,신암면,19880423,,2,4481000000
4481039021,충청남도 예산군 신암면 종경리,19880423,,3,
4481039022,충청남도 예산군 신암면 계촌리,19880423,,3,
4481039023,충청남도 예산군 신암면 두곡리,19880423,,3,
4481039024,충청남도 예산군 신암면 신종리,19880423,,3,
4481039025,충청남도 예산군 신암면 하평리,19880423,,3,
4481039026,충청남도 예산군 신암면 신택리,19880423,,3,
4481039027,충청남도 예산군 신암면 용궁리,19880423,,3,
4481039028,충청남도 예산군 신암면 예림리,19880423,,3,
4481039029,충청남도 예산군 신암면 중예리,19880423,,3,
4481039030,충청남도 예산군 신암면 조곡리,19880423,,3,
4481039031,충청남도 예산군 신암면 별리,19880423,,3,
4481039032,충청남도 예산군 신암면 오산리,19880423,,3,
4481039033,충청남도 예산군 신암면 탄중리,19880423,,3,
4481040000,오가면,19880423,,2,4481000000
4481040021,충청남도 예산군 오가면 역탑리,19880423,,3,
4481040022,충청남도 예산군 오가면 원평리,19880423,,3,
4481040023,충청남도 예산군 오가면 신장리,19880423,,3,
4481040024,충청남도 예산군 오가면 신석리,19880423,,3,
4481040025,충청남도 예산군 오가면 월곡리,19880423,,3,
4481040026,충청남도 예산군 오가면 좌방리,19880423,,3,
4481040027,충청남도 예산군 오가면 분천리,19880423,,3,
4481040028,충청남도 예산군 오가면 양막리,19880423,,3,
4481040029,충청남도 예산군 오가면 내량리,19880423,,3,
4481040030,충청남도 예산군 오가면 원천리,19880423,,3,
4481040031,충청남도 예산군 오가면 신원리,19880423,,3,
4481040032,충청남도 예산군 오가면 오촌리,19880423,,3,
4482500000,태안군,19890101,,1,4400000000
4482525000,태안읍,19890101,,2,4482500000
4482525021,충청남도 태안군 태안읍 동문리,19890101,,3,
4482525022,충청남도 태안군 태안읍 남문리,19890101,,3,
4482525023,충청남도 태안군 태안읍 장산리,19890101,,3,
4482525024,충청남도 태안군 태안읍 남산리,19890101,,3,
4482525025,충청남도 태안군 태안읍 송암리,19890101,,3,
4482525026,충청남도 태안군 태안읍 반곡리,19890101,,3,
4482525027,충청남도 태안군 태안읍 평천리,19890101,,3,
4482525028,충청남도 태안군 태안읍 상옥리,19890101,,3,
4482525029,충청남도 태안군 태안읍 인평리,19890101,,3,
4482525030,충청남도 태안군 태안읍 도내리,19890101,,3,
4482525031,충청남도 태안군 태안읍 어은리,19890101,,3,
4482525032,충청남도 태안군 태안읍 산후리,19890101,,3,
4482525033,충청남도 태안군 태안읍 삭선리,19880423,,3,
4482525300,안면읍,19890101,,2,4482500000
4482525321,충청남도 태안군 안면읍 승언리,19890101,,3,
4482525322,충청남도 태안군 안면읍 정당리,19890101,,3,
4482525323,충청남도 태안군 안면읍 창기리,19890101,,3,
4482525324,충청남도 태안군 안면읍 중장리,19890101,,3,
4482525325,충청남도 태안군 안면읍 신야리,19890101,,3,
4482525326,충청남도 태안군 안면읍 황도리,19890101,,3,
4482531000,고남면,19890101,,2,4482500000
4482531021,충청남도 태안군 고남면 장곡리,19890101,,3,
4482531022,충청남도 태안군 고남면 누동리,19890101,,3,
4482531023,충청남도 태안군 고남면 고남리,19890101,,3,
4482532000,남면,19890101,,2,4482500000
4482532021,충청남도 태안군 남면 진산리,19890101,,3,
4482532022,충청남도 태안군 남면 몽산리,19890101,,3,
4482532023,충청남도 태안군 남면 신장리,19890101,,3,
4482532024,충청남도 태안군 남면 달산리,19890101,,3,
4482532025,충청남도 태안군 남면 양잠리,19890101,,3,
4482532026,충청남도 태안군 남면 원청리,19890101,,3,
4482532027,충청남도 태안군 남면 당암리,19890101,,3,
4482532028,충청남도 태안군 남면 신온리,19890101,,3,
4482532029,충청남도 태안군 남면 거아도리,19890101,,3,
4482533000,근흥면,19890101,,2,4482500000
4482533021,충청남도 태안군 근흥면 두야리,19890101,,3,
4482533022,충청남도 태안군 근흥면 수룡리,19890101,,3,
4482533023,충청남도 태안군 근흥면 마금리,19890101,,3,
4482533024,충청남도 태안군 근흥면 안기리,19890101,,3,
4482533025,충청남도 태안군 근흥면 용신리,19890101,,3,
4482533026,충청남도 태안군 근흥면 도황리,19890101,,3,
4482533027,충청남도 태안군 근흥면 정죽리,19890101,,3,
4482533028,충청남도 태안군 근흥면 신진도리,19890101,,3,
4482533029,충청남도 태안군 근흥면 가의도리,19890101,,3,
4482534000,소원면,19890101,,2,4482500000
4482534021,충청남도 태안군 소원면 시목리,19890101,,3,
4482534022,충청남도 태안군 소원면 법산리,19890101,,3,
4482534023,충청남도 태안군 소원면 신덕리,19890101,,3,
4482534024,충청남도 태안군 소원면 영전리,19890101,,3,
4482534025,충청남도 태안군 소원면 소근리,19890101,,3,
4482534026,충청남도 태안군 소원면 의항리,19890101,,3,
4482534027,충청남도 태안군 소원면 모항리,19890101,,3,
4482534028,충청남도 태안군 소원면 파도리,19890101,,3,
4482534029,충청남도 태안군 소원면 송현리,19890101,,3,
4482535000,원북면,19890101,,2,4482500000
4482535021,충청남도 태안군 원북면 반계리,19890101,,3,
4482535022,충청남도 태안군 원북면 이곡리,19890101,,3,
4482535023,충청남도 태안군 원북면 황촌리,19890101,,3,
4482535024,충청남도 태안군 원북면 방갈리,19890101,,3,
4482535025,충청남도 태안군 원북면 신두리,19890101,,3,
4482535026,충청남도 태안군 원북면 동해리,19890101,,3,
4482535027,충청남도 태안군 원북면 대기리,19890101,,3,
4482535028,충청남도 태안군 원북면 장대리,19890101,,3,
4482535029,충청남도 태안군 원북면 청산리,19890101,,3,
4482535030,충청남도 태안군 원북면 양산리,19890101,,3,
4482535031,충청남도 태안군 원북면 마산리,19890101,,3,
4482536000,이원면,19890101,,2,4482500000
4482536021,충청남도 태안군 이원면 내리,19890101,,3,
4482536022,충청남도 태안군 이원면 관리,19890101,,3,
4482536023,충청남도 태안군 이원면 당산리,19890101,,3,
4482536024,충청남도 태안군 이원면 포지리,19890101,,3,
4482536025,충청남도 태안군 이원면 사창리,19890101,,3,
4600000000,전라남도,19880423,,0,
4611000000,목포시,19880423,,1,4600000000
4611010100,용당동,19880423,,2,4611000000
4611010200,산정동,19880423,,2,4611000000
4611010300,연산동,19880423,,2,4611000000
4611010400,대성동,19970101,,2,4611000000
4611010500,양동,19970101,,2,4611000000
4611010600,북교동,19880423,,2,4611000000
4611010700,남교동,19970721,,2,4611000000
4611010800,호남동,19970101,,2,4611000000
4611010900,대안동,19970101,,2,4611000000
4611011000,창평동,19970101,,2,4611000000
4611011100,명륜동,19970101,,2,4611000000
4611011200,죽동,19970101,,2,4611000000
4611011300,무안동,19880423,,2,4611000000
4611011400,측후동,19880423,,2,4611000000
4611011500,상락동1가,19880423,,2,4611000000
4611011600,상락동2가,19880423,,2,4611000000
4611011700,복만동,19970101,,2,4611000000
4611011800,동명동,19880423,,2,4611000000
4611011900,광동1가,19880423,,2,4611000000
4611012000,광동2가,19880423,,2,4611000000
4611012100,광동3가,19900701,,2,4611000000
4611012200,영해동1가,19970101,,2,4611000000
4611012300,영해동2가,19970101,,2,4611000000
4611012400,행복동1가,19970101,,2,4611000000
4611012500,행복동2가,19970101,,2,4611000000
4611012600,축복동1가,19970101,,2,4611000000
4611012700,축복동2가,19970101,,2,4611000000
4611012800,축복동3가,19970101,,2,4611000000
4611012900,보광동1가,19970101,,2,4611000000
4611013000,보광동2가,19970101,,2,4611000000
4611013100,보광동3가,19970101,,2,4611000000
4611013200,유달동,19880423,,2,4611000000
4611013300,대의동1가,19900501,,2,4611000000
4611013400,대의동2가,19900501,,2,4611000000
4611013500,대의동3가,19900701,,2,4611000000
4611013600,중앙동1가,19880423,,2,4611000000
4611013700,중앙동2가,19880423,,2,4611000000
4611013800,중앙동3가,19880423,,2,4611000000
4611013900,만호동,19880423,,2,4611000000
4611014000,수강동1가,19900501,,2,4611000000
4611014100,수강동2가,19900501,,2,4611000000
4611014200,해안동1가,19900501,,2,4611000000
4611014300,해안동2가,19900501,,2,4611000000
4611014400,해안동3가,19900501,,2,4611000000
4611014500,해안동4가,19900501,,2,4611000000
4611014600,항동,19880423,,2,4611000000
4611014700,중동1가,19900501,,2,4611000000
4611014800,중동2가,19900501,,2,4611000000
4611014900,유동,19880423,,2,4611000000
4611015000,금동1가,19900501,,2,4611000000
4611015100,금동2가,19900501,,2,4611000000
4611015200,경동1가,19900501,,2,4611000000
4611015300,경동2가,19900501,,2,4611000000
4611015400,서산동,19970101,,2,4611000000
4611015500,금화동,19970101,,2,4611000000
4611015600,온금동,19970101,,2,4611000000
4611015700,죽교동,19970101,,2,4611000000
4611015800,상동,19940715,,2,4611000000
4611015900,용해동,19970101,,2,4611000000
4611016000,석현동,19940715,,2,4611000000
4611016100,달동,19880423,,2,4611000000
4611016200,율도동,19880423,,2,4611000000
4611016300,대양동,19880423,,2,4611000000
4611016400,옥암동,19970101,,2,4611000000
4613000000,여수시,19880423,,1,4600000000
4613010100,종화동,19970725,,2,4613000000
4613010200,수정동,19980201,,2,4613000000
4613010300,공화동,19980201,,2,4613000000
4613010400,관문동,19970725,,2,4613000000
4613010500,고소동,19970725,,2,4613000000
4613010600,동산동,19980201,,2,4613000000
4613010700,중앙동,19880423,,2,4613000000
4613010800,교동,19980201,,2,4613000000
4613010900,군자동,19980201,,2,4613000000
4613011000,충무동,19880423,,2,4613000000
4613011100,연등동,19980201,,2,4613000000
4613011200,광무동,19970725,,2,4613000000
4613011300,서교동,19970725,,2,4613000000
4613011400,봉강동,19970725,,2,4613000000
4613011500,봉산동,19980201,,2,4613000000
4613011600,남산동,19980201,,2,4613000000
4613011700,국동,19880423,,2,4613000000
4613011800,신월동,19980201,,2,4613000000
4613011900,여서동,19880423,,2,4613000000
4613012000,문수동,19880423,,2,4613000000
4613012100,오림동,19970725,,2,4613000000
4613012200,미평동,19880423,,2,4613000000
4613012300,둔덕동,19880423,,2,4613000000
4613012400,오천동,19980201,,2,4613000000
4613012500,만흥동,19980201,,2,4613000000
4613012600,덕충동,19980201,,2,4613000000
4613012700,경호동,19980201,,2,4613000000
4613012800,학동,19980401,,2,4613000000
4613012900,학용동,19980401,,2,4613000000
4613013000,안산동,19980401,,2,4613000000
4613013100,소호동,19980401,,2,4613000000
4613013200,시전동,19980401,,2,4613000000
4613013300,신기동,19980401,,2,4613000000
4613013400,웅천동,19980401,,2,4613000000
4613013500,선원동,19980401,,2,4613000000
4613013600,여천동,19980401,,2,4613000000
4613013700,화장동,19980401,,2,4613000000
4613013800,주삼동,19980401,,2,4613000000
4613013900,봉계동,19980401,,2,4613000000
4613014000,해산동,19980401,,2,4613000000
4613014100,화치동,19980401,,2,4613000000
4613014200,월하동,19980401,,2,4613000000
4613014300,평여동,19980401,,2,4613000000
4613014400,중흥동,19980401,,2,4613000000
4613014500,적량동,19980401,,2,4613000000
4613014600,월내동,19980401,,2,4613000000
4613014700,묘도동,19980401,,2,4613000000
4613014800,낙포동,19980401,,2,4613000000
4613014900,신덕동,19980401,,2,4613000000
4613015000,상암동,19980401,,2,4613000000
4613015100,호명동,19980401,,2,4613000000
4613025000,돌산읍,19980401,,2,4613000000
4613025021,전라남도 여수시 돌산읍 군내리,19980401,,3,
4613025022,전라남도 여수시 돌산읍 신복리,19980401,,3,
4613025023,전라남도 여수시 돌산읍 금성리,19980401,,3,
4613025024,전라남도 여수시 돌산읍 율림리,19980401,,3,
4613025025,전라남도 여수시 돌산읍 죽포리,19980401,,3,
4613025026,전라남도 여수시 돌산읍 서덕리,19980401,,3,
4613025027,전라남도 여수시 돌산읍 금봉리,19980401,,3,
4613025028,전라남도 여수시 돌산읍 둔전리,19980401,,3,
4613025029,전라남도 여수시 돌산읍 평사리,19980401,,3,
4613025030,전라남도 여수시 돌산읍 우두리,19980401,,3,
4613031000,소라면,19980401,,2,4613000000
4613031021,전라남도 여수시 소라면 덕양리,19980401,,3,
4613031022,전라남도 여수시 소라면 죽림리,19980401,,3,
4613031023,전라남도 여수시 소라면 관기리,19980401,,3,
4613031024,전라남도 여수시 소라면 현천리,19980401,,3,
4613031025,전라남도 여수시 소라면 복산리,19980401,,3,
4613031026,전라남도 여수시 소라면 사곡리,19980401,,3,
4613031027,전라남도 여수시 소라면 봉두리,19980401,,3,
4613031028,전라남도 여수시 소라면 대포리,19980401,,3,
4613032000,율촌면,19980401,,2,4613000000
4613032021,전라남도 여수시 율촌면 조화리,19980401,,3,
4613032022,전라남도 여수시 율촌면 월산리,19980401,,3,
4613032023,전라남도 여수시 율촌면 산수리,19980401,,3,
4613032024,전라남도 여수시 율촌면 가장리,19980401,,3,
4613032025,전라남도 여수시 율촌면 봉전리,19980401,,3,
4613032026,전라남도 여수시 율촌면 반월리,19980401,,3,
4613032027,전라남도 여수시 율촌면 취적리,19980401,,3,
4613032028,전라남도 여수시 율촌면 신풍리,19980401,,3,
4613032029,전라남도 여수시 율촌면 상봉리,19980401,,3,
4613032030,전라남도 여수시 율촌면 여동리,19980401,,3,
4613033000,화양면,19980401,,2,4613000000
4613033021,전라남도 여수시 화양면 나진리,19980401,,3,
4613033022,전라남도 여수시 화양면 용주리,19980401,,3,
4613033023,전라남도 여수시 화양면 창무리,19980401,,3,
4613033024,전라남도 여수시 화양면 이천리,19980401,,3,
4613033025,전라남도 여수시 화양면 옥적리,19980401,,3,
4613033026,전라남도 여수시 화양면 화동리,19980401,,3,
4613033027,전라남도 여수시 화양면 서촌리,19980401,,3,
4613033028,전라남도 여수시 화양면 이목리,19980401,,3,
4613033029,전라남도 여수시 화양면 장수리,19980401,,3,
4613033030,전라남도 여수시 화양면 안포리,19980401,,3,
4613034000,남면,19980401,,2,4613000000
4613034021,전라남도 여수시 남면 우학리,19980401,,3,
4613034022,전라남도 여수시 남면 심장리,19980401,,3,
4613034023,전라남도 여수시 남면 두모리,19980401,,3,
4613034024,전라남도 여수시 남면 유송리,19980401,,3,
4613034025,전라남도 여수시 남면 안도리,19980401,,3,
4613034026,전라남도 여수시 남면 연도리,19980401,,3,
4613034027,전라남도 여수시 남면 두라리,19980401,,3,
4613034028,전라남도 여수시 남면 화태리,19980401,,3,
4613034029,전라남도 여수시 남면 횡간리,19980401,,3,
4613035000,화정면,19980401,,2,4613000000
4613035021,전라남도 여수시 화정면 백야리,19980401,,3,
4613035022,전라남도 여수시 화정면 월호리,19980401,,3,
4613035023,전라남도 여수시 화정면 개도리,19980401,,3,
4613035024,전라남도 여수시 화정면 제도리,19980401,,3,
4613035025,전라남도 여수시 화정면 상화리,19980401,,3,
4613035026,전라남도 여수시 화정면 하화리,19980401,,3,
4613035027,전라남도 여수시 화정면 낭도리,19980401,,3,
4613035028,전라남도 여수시 화정면 조발리,19980401,,3,
4613035029,전라남도 여수시 화정면 적금리,19980401,,3,
4613035030,전라남도 여수시 화정면 여자리,19980401,,3,
4613036000,삼산면,19980401,,2,4613000000
4613036021,전라남도 여수시 삼산면 거문리,19980401,,3,
4613036022,전라남도 여수시 삼산면 덕촌리,19980401,,3,
4613036023,전라남도 여수시 삼산면 서도리,19980401,,3,
4613036024,전라남도 여수시 삼산면 동도리,19980401,,3,
4613036025,전라남도 여수시 삼산면 초도리,19980401,,3,
4613036026,전라남도 여수시 삼산면 손죽리,19980401,,3,
4615000000,순천시,19880423,,1,4600000000
4615010100,삼거동,19981011,,2,4615000000
4615010200,와룡동,19981011,,2,4615000000
4615010300,영동,19981011,,2,4615000000
4615010400,옥천동,19981011,,2,4615000000
4615010500,행동,19981011,,2,4615000000
4615010600,금곡동,19981011,,2,4615000000
4615010700,매곡동,19880423,,2,4615000000
4615010800,석현동,19880423,,2,4615000000
4615010900,가곡동,19880423,,2,4615000000
4615011000,용당동,19880423,,2,4615000000
4615011100,조곡동,19880423,,2,4615000000
4615011200,생목동,19880423,,2,4615000000
4615011300,덕암동,19880423,,2,4615000000
4615011400,연향동,19880423,,2,4615000000
4615011500,풍덕동,19880423,,2,4615000000
4615011600,남정동,19880423,,2,4615000000
4615011700,인제동,19880423,,2,4615000000
4615011800,저전동,19880423,,2,4615000000
4615011900,장천동,19880423,,2,4615000000
4615012000,남내동,19880423,,2,4615000000
4615012100,중앙동,19880423,,2,4615000000
4615012200,동외동,19880423,,2,4615000000
4615012300,교량동,19981011,,2,4615000000
4615012400,대룡동,19981011,,2,4615000000
4615012500,홍내동,19981011,,2,4615000000
4615012600,오천동,19981011,,2,4615000000
4615012700,덕월동,19981011,,2,4615000000
4615012800,야흥동,19981011,,2,4615000000
4615012900,인월동,19981011,,2,4615000000
4615013000,안풍동,19981011,,2,4615000000
4615013100,대대동,19981011,,2,4615000000
4615013200,왕지동,19880423,,2,4615000000
4615013300,조례동,19880423,,2,4615000000
4615025000,승주읍,19950101,,2,4615000000
4615025021,전라남도 순천시 승주읍 두월리,19950101,,3,
4615025022,전라남도 순천시 승주읍 신전리,19950101,,3,
4615025023,전라남도 순천시 승주읍 유흥리,19950101,,3,
4615025024,전라남도 순천시 승주읍 봉덕리,19950101,,3,
4615025025,전라남도 순천시 승주읍 평중리,19950101,,3,
4615025026,전라남도 순천시 승주읍 구강리,19950101,,3,
4615025027,전라남도 순천시 승주읍 도정리,19950101,,3,
4615025028,전라남도 순천시 승주읍 월계리,19950101,,3,
4615025029,전라남도 순천시 승주읍 서평리,19950101,,3,
4615025030,전라남도 순천시 승주읍 신성리,19950101,,3,
4615025031,전라남도 순천시 승주읍 신학리,19950101,,3,
4615025032,전라남도 순천시 승주읍 죽학리,19950101,,3,
4615025033,전라남도 순천시 승주읍 유평리,19950101,,3,
4615025034,전라남도 순천시 승주읍 남강리,19950101,,3,
4615031000,해룡면,19950101,,2,4615000000
4615031021,전라남도 순천시 해룡면 복성리,19950101,,3,
4615031022,전라남도 순천시 해룡면 신대리,19950101,,3,
4615031023,전라남도 순천시 해룡면 상삼리,19950101,,3,
4615031024,전라남도 순천시 해룡면 대안리,19950101,,3,
4615031025,전라남도 순천시 해룡면 남가리,19950101,,3,
4615031026,전라남도 순천시 해룡면 월전리,19950101,,3,
4615031027,전라남도 순천시 해룡면 성산리,19950101,,3,
4615031028,전라남도 순천시 해룡면 선월리,19950101,,3,
4615031029,전라남도 순천시 해룡면 신성리,19950101,,3,
4615031030,전라남도 순천시 해룡면 호두리,19950101,,3,
4615031031,전라남도 순천시 해룡면 용전리,19950101,,3,
4615031032,전라남도 순천시 해룡면 도롱리,19950101,,3,
4615031033,전라남도 순천시 해룡면 중흥리,19950101,,3,
4615031034,전라남도 순천시 해룡면 해창리,19950101,,3,
4615031035,전라남도 순천시 해룡면 선학리,19950101,,3,
4615031036,전라남도 순천시 해룡면 농주리,19950101,,3,
4615031037,전라남도 순천시 해룡면 상내리,19950101,,3,
4615031038,전라남도 순천시 해룡면 하사리,19950101,,3,
4615032000,서면,19950101,,2,4615000000
4615032021,전라남도 순천시 서면 학구리,19950101,,3,
4615032022,전라남도 순천시 서면 대구리,19950101,,3,
4615032023,전라남도 순천시 서면 구만리,19950101,,3,
4615032024,전라남도 순천시 서면 비월리,19950101,,3,
4615032025,전라남도 순천시 서면 동산리,19950101,,3,
4615032026,전라남도 순천시 서면 운평리,19950101,,3,
4615032027,전라남도 순천시 서면 죽평리,19950101,,3,
4615032028,전라남도 순천시 서면 선평리,19950101,,3,
4615032029,전라남도 순천시 서면 압곡리,19950101,,3,
4615032030,전라남도 순천시 서면 구상리,19950101,,3,
4615032031,전라남도 순천시 서면 흥대리,19950101,,3,
4615032032,전라남도 순천시 서면 지본리,19950101,,3,
4615032033,전라남도 순천시 서면 판교리,19950101,,3,
4615032034,전라남도 순천시 서면 청소리,19950101,,3,
4615033000,황전면,19950101,,2,4615000000
4615033021,전라남도 순천시 황전면 죽청리,19950101,,3,
4615033022,전라남도 순천시 황전면 평촌리,19950101,,3,
4615033023,전라남도 순천시 황전면 수평리,19950101,,3,
4615033024,전라남도 순천시 황전면 괴목리,19950101,,3,
4615033025,전라남도 순천시 황전면 죽내리,19950101,,3,
4615033026,전라남도 순천시 황전면 황학리,19950101,,3,
4615033027,전라남도 순천시 황전면 월산리,19950101,,3,
4615033028,전라남도 순천시 황전면 내구리,19950101,,3,
4615033029,전라남도 순천시 황전면 봉덕리,19950101,,3,
4615033030,전라남도 순천시 황전면 선변리,19950101,,3,
4615033031,전라남도 순천시 황전면 비촌리,19950101,,3,
4615033032,전라남도 순천시 황전면 금평리,19950101,,3,
4615033033,전라남도 순천시 황전면 대치리,19950101,,3,
4615033034,전라남도 순천시 황전면 모전리,19950101,,3,
4615033035,전라남도 순천시 황전면 회룡리,19950101,,3,
4615033036,전라남도 순천시 황전면 덕림리,19950101,,3,
4615034000,월등면,19950101,,2,4615000000
4615034021,전라남도 순천시 월등면 대평리,19950101,,3,
4615034022,전라남도 순천시 월등면 농선리,19950101,,3,
4615034023,전라남도 순천시 월등면 월용리,19950101,,3,
4615034024,전라남도 순천시 월등면 신월리,19950101,,3,
4615034025,전라남도 순천시 월등면 운월리,19950101,,3,
4615034026,전라남도 순천시 월등면 갈평리,19950101,,3,
4615034027,전라남도 순천시 월등면 송천리,19950101,,3,
4615034028,전라남도 순천시 월등면 망용리,19950101,,3,
4615034029,전라남도 순천시 월등면 계월리,19950101,,3,
4615034030,전라남도 순천시 월등면 월림리,19950101,,3,
4615035000,주암면,19950101,,2,4615000000
4615035021,전라남도 순천시 주암면 행정리,19950101,,3,
4615035022,전라남도 순천시 주암면 갈마리,19950101,,3,
4615035023,전라남도 순천시 주암면 주암리,19950101,,3,
4615035024,전라남도 순천시 주암면 오산리,19950101,,3,
4615035025,전라남도 순천시 주암면 창촌리,19950101,,3,
4615035026,전라남도 순천시 주암면 복다리,19950101,,3,
4615035028,전라남도 순천시 주암면 요곡리,19950101,,3,
4615035029,전라남도 순천시 주암면 구산리,19950101,,3,
4615035030,전라남도 순천시 주암면 죽림리,19950101,,3,
4615035031,전라남도 순천시 주암면 고산리,19950101,,3,
4615035032,전라남도 순천시 주암면 대광리,19950101,,3,
4615035033,전라남도 순천시 주암면 광천리,19950101,,3,
4615035034,전라남도 순천시 주암면 비룡리,19950101,,3,
4615035035,전라남도 순천시 주암면 한곡리,19950101,,3,
4615035036,전라남도 순천시 주암면 어왕리,19950101,,3,
4615035037,전라남도 순천시 주암면 백록리,19950101,,3,
4615035038,전라남도 순천시 주암면 대구리,19950101,,3,
4615035039,전라남도 순천시 주암면 궁각리,19950101,,3,
4615035040,전라남도 순천시 주암면 운룡리,19950101,,3,
4615035041,전라남도 순천시 주암면 문길리,19950810,,3,
4615036000,송광면,19950101,,2,4615000000
4615036021,전라남도 순천시 송광면 오봉리,19950101,,3,
4615036022,전라남도 순천시 송광면 신흥리,19950101,,3,
4615036023,전라남도 순천시 송광면 신평리,19950101,,3,
4615036024,전라남도 순천시 송광면 낙수리,19950101,,3,
4615036025,전라남도 순천시 송광면 삼청리,19950101,,3,
4615036026,전라남도 순천시 송광면 후곡리,19950101,,3,
4615036027,전라남도 순천시 송광면 월산리,19950101,,3,
4615036028,전라남도 순천시 송광면 대곡리,19950101,,3,
4615036029,전라남도 순천시 송광면 우산리,19950101,,3,
4615036030,전라남도 순천시 송광면 덕산리,19950101,,3,
4615036031,전라남도 순천시 송광면 봉산리,19950101,,3,
4615036032,전라남도 순천시 송광면 이읍리,19950101,,3,
4615036033,전라남도 순천시 송광면 장안리,19950101,,3,
4615036034,전라남도 순천시 송광면 구룡리,19950101,,3,
4615036035,전라남도 순천시 송광면 대흥리,19950101,,3,
4615037000,외서면,19950101,,2,4615000000
4615037021,전라남도 순천시 외서면 신덕리,19950101,,3,
4615037022,전라남도 순천시 외서면 쌍율리,19950101,,3,
4615037023,전라남도 순천시 외서면 금성리,19950101,,3,
4615037024,전라남도 순천시 외서면 월암리,19950101,,3,
4615037025,전라남도 순천시 외서면 도신리,19950101,,3,
4615037026,전라남도 순천시 외서면 반용리,19950101,,3,
4615037027,전라남도 순천시 외서면 화전리,19950101,,3,
4615037028,전라남도 순천시 외서면 장산리,19950101,,3,
4615038000,낙안면,19950101,,2,4615000000
4615038021,전라남도 순천시 낙안면 동내리,19950101,,3,
4615038022,전라남도 순천시 낙안면 남내리,19950101,,3,
4615038023,전라남도 순천시 낙안면 서내리,19950101,,3,
4615038024,전라남도 순천시 낙안면 성북리,19950101,,3,
4615038025,전라남도 순천시 낙안면 상송리,19950101,,3,
4615038026,전라남도 순천시 낙안면 하송리,19950101,,3,
4615038027,전라남도 순천시 낙안면 검암리,19950101,,3,
4615038028,전라남도 순천시 낙안면 옥산리,19950101,,3,
4615038029,전라남도 순천시 낙안면 평촌리,19950101,,3,
4615038030,전라남도 순천시 낙안면 교촌리,19950101,,3,
4615038031,전라남도 순천시 낙안면 신기리,19950101,,3,
4615038032,전라남도 순천시 낙안면 이곡리,19950101,,3,
4615038033,전라남도 순천시 낙안면 용능리,19950101,,3,
4615038034,전라남도 순천시 낙안면 내운리,19950101,,3,
4615038035,전라남도 순천시 낙안면 창녕리,19950101,,3,
4615038036,전라남도 순천시 낙안면 금산리,19950101,,3,
4615038037,전라남도 순천시 낙안면 평사리,19950101,,3,
4615038038,전라남도 순천시 낙안면 목촌리,19950101,,3,
4615038039,전라남도 순천시 낙안면 석흥리,19950101,,3,
4615039000,별량면,19950101,,2,4615000000
4615039021,전라남도 순천시 별량면 봉림리,19950101,,3,
4615039022,전라남도 순천시 별량면 운천리,19950101,,3,
4615039023,전라남도 순천시 별량면 송학리,19950101,,3,
4615039024,전라남도 순천시 별량면 덕정리,19950101,,3,
4615039025,전라남도 순천시 별량면 우산리,19950101,,3,
4615039026,전라남도 순천시 별량면 쌍림리,19950101,,3,
4615039027,전라남도 순천시 별량면 학산리,19950101,,3,
4615039028,전라남도 순천시 별량면 대곡리,19950101,,3,
4615039029,전라남도 순천시 별량면 무풍리,19950101,,3,
4615039030,전라남도 순천시 별량면 마산리,19950101,,3,
4615039031,전라남도 순천시 별량면 동송리,19950101,,3,
4615039032,전라남도 순천시 별량면 원창리,19950101,,3,
4615039033,전라남도 순천시 별량면 두고리,19950101,,3,
4615039034,전라남도 순천시 별량면 구룡리,19950101,,3,
4615039035,전라남도 순천시 별량면 송기리,19950101,,3,
4615039036,전라남도 순천시 별량면 죽산리,19950101,,3,
4615039037,전라남도 순천시 별량면 금치리,19950101,,3,
4615039038,전라남도 순천시 별량면 대룡리,19950101,,3,
4615040000,상사면,19950101,,2,4615000000
4615040021,전라남도 순천시 상사면 흘산리,19950101,,3,
4615040022,전라남도 순천시 상사면 응령리,19950101,,3,
4615040023,전라남도 순천시 상사면 용계리,19950101,,3,
4615040024,전라남도 순천시 상사면 도월리,19950101,,3,
4615040025,전라남도 순천시 상사면 봉래리,19950101,,3,
4615040026,전라남도 순천시 상사면 쌍지리,19950101,,3,
4615040027,전라남도 순천시 상사면 초곡리,19950101,,3,
4615040028,전라남도 순천시 상사면 용암리,19950101,,3,
4615040029,전라남도 순천시 상사면 비촌리,19950101,,3,
4615040030,전라남도 순천시 상사면 오곡리,19950101,,3,
4615040031,전라남도 순천시 상사면 마륜리,19950101,,3,
4617000000,나주시,19880423,,1,4600000000
4617010100,토계동,19880423,,2,4617000000
4617010200,송월동,19880423,,2,4617000000
4617010300,안창동,19880423,,2,4617000000
4617010400,삼영동,19880423,,2,4617000000
4617010500,교동,19981001,,2,4617000000
4617010600,서내동,19981001,,2,4617000000
4617010700,산정동,19981001,,2,4617000000
4617010800,경현동,19981001,,2,4617000000
4617010900,보산동,19981001,,2,4617000000
4617011000,금계동,19880423,,2,4617000000
4617011100,금성동,19880423,,2,4617000000
4617011200,남내동,19880423,,2,4617000000
4617011300,과원동,19880423,,2,4617000000
4617011400,성북동,19880423,,2,4617000000
4617011500,중앙동,19880423,,2,4617000000
4617011600,대호동,19981001,,2,4617000000
4617011700,송촌동,19981001,,2,4617000000
4617011800,석현동,19981001,,2,4617000000
4617011900,청동,19981001,,2,4617000000
4617012000,남외동,19981001,,2,4617000000
4617012100,죽림동,19981001,,2,4617000000
4617012200,삼도동,19981001,,2,4617000000
4617012300,영산동,19880423,,2,4617000000
4617012400,용산동,19880423,,2,4617000000
4617012500,관정동,19981001,,2,4617000000
4617012600,평산동,19981001,,2,4617000000
4617012700,부덕동,19981001,,2,4617000000
4617012800,이창동,19880423,,2,4617000000
4617012900,대기동,19880423,,2,4617000000
4617013000,운곡동,19981001,,2,4617000000
4617013100,동수동,19981001,,2,4617000000
4617013200,오량동,19981001,,2,4617000000
4617013300,진포동,19981001,,2,4617000000
4617013400,빛가람동,20140224,,2,4617000000
4617025000,남평읍,19950302,,2,4617000000
4617025021,전라남도 나주시 남평읍 남평리,19950302,,3,
4617025022,전라남도 나주시 남평읍 대교리,19950302,,3,
4617025023,전라남도 나주시 남평읍 동사리,19950302,,3,
4617025024,전라남도 나주시 남평읍 교촌리,19950302,,3,
4617025025,전라남도 나주시 남평읍 교원리,19950302,,3,
4617025026,전라남도 나주시 남평읍 서산리,19950302,,3,
4617025027,전라남도 나주시 남평읍 오계리,19950302,,3,
4617025028,전라남도 나주시 남평읍 상곡리,19950302,,3,
4617025029,전라남도 나주시 남평읍 우산리,19950302,,3,
4617025030,전라남도 나주시 남평읍 남석리,19950302,,3,
4617025031,전라남도 나주시 남평읍 풍림리,19950302,,3,
4617025032,전라남도 나주시 남평읍 노동리,19950302,,3,
4617025033,전라남도 나주시 남평읍 광촌리,19950302,,3,
4617025034,전라남도 나주시 남평읍 수원리,19950302,,3,
4617025035,전라남도 나주시 남평읍 광이리,19950302,,3,
4617025036,전라남도 나주시 남평읍 평산리,19950302,,3,
4617031000,세지면,19950101,,2,4617000000
4617031021,전라남도 나주시 세지면 오봉리,19950101,,3,
4617031022,전라남도 나주시 세지면 대산리,19950101,,3,
4617031023,전라남도 나주시 세지면 내정리,19950101,,3,
4617031024,전라남도 나주시 세지면 동곡리,19950101,,3,
4617031025,전라남도 나주시 세지면 죽동리,19950101,,3,
4617031026,전라남도 나주시 세지면 송제리,19950101,,3,
4617031027,전라남도 나주시 세지면 교산리,19950101,,3,
4617031028,전라남도 나주시 세지면 벽산리,19950101,,3,
4617031029,전라남도 나주시 세지면 성산리,19950101,,3,
4617032000,왕곡면,19950101,,2,4617000000
4617032021,전라남도 나주시 왕곡면 덕산리,19950101,,3,
4617032022,전라남도 나주시 왕곡면 본양리,19950101,,3,
4617032023,전라남도 나주시 왕곡면 옥곡리,19950101,,3,
4617032024,전라남도 나주시 왕곡면 송죽리,19950101,,3,
4617032025,전라남도 나주시 왕곡면 신포리,19950101,,3,
4617032026,전라남도 나주시 왕곡면 월천리,19950101,,3,
4617032027,전라남도 나주시 왕곡면 화정리,19950101,,3,
4617032028,전라남도 나주시 왕곡면 행전리,19950101,,3,
4617032029,전라남도 나주시 왕곡면 신원리,19950101,,3,
4617032030,전라남도 나주시 왕곡면 신가리,19950101,,3,
4617032031,전라남도 나주시 왕곡면 양산리,19950101,,3,
4617032032,전라남도 나주시 왕곡면 장산리,19950101,,3,
4617033000,반남면,19950101,,2,4617000000
4617033021,전라남도 나주시 반남면 흥덕리,19950101,,3,
4617033022,전라남도 나주시 반남면 석천리,19950101,,3,
4617033024,전라남도 나주시 반남면 덕산리,19950101,,3,
4617033025,전라남도 나주시 반남면 신촌리,19950101,,3,
4617033026,전라남도 나주시 반남면 대안리,19950101,,3,
4617033027,전라남도 나주시 반남면 청송리,19950101,,3,
4617033028,전라남도 나주시 반남면 성계리,19960624,,3,
4617034000,공산면,19950101,,2,4617000000
4617034021,전라남도 나주시 공산면 금곡리,19950101,,3,
4617034022,전라남도 나주시 공산면 남창리,19950101,,3,
4617034023,전라남도 나주시 공산면 백사리,19950101,,3,
4617034024,전라남도 나주시 공산면 신곡리,19950101,,3,
4617034025,전라남도 나주시 공산면 중포리,19950101,,3,
4617034026,전라남도 나주시 공산면 가송리,19950101,,3,
4617034027,전라남도 나주시 공산면 동촌리,19950101,,3,
4617034028,전라남도 나주시 공산면 화성리,19950101,,3,
4617034029,전라남도 나주시 공산면 상방리,19950101,,3,
4617034030,전라남도 나주시 공산면 복용리,19950101,,3,
4617035000,동강면,19950101,,2,4617000000
4617035021,전라남도 나주시 동강면 인동리,19950101,,3,
4617035022,전라남도 나주시 동강면 월양리,19950101,,3,
4617035023,전라남도 나주시 동강면 진천리,19950101,,3,
4617035024,전라남도 나주시 동강면 대전리,19950101,,3,
4617035025,전라남도 나주시 동강면 장동리,19950101,,3,
4617035026,전라남도 나주시 동강면 옥정리,19950101,,3,
4617035027,전라남도 나주시 동강면 곡천리,19950101,,3,
4617035028,전라남도 나주시 동강면 대지리,19950101,,3,
4617035029,전라남도 나주시 동강면 월송리,19950101,,3,
4617035030,전라남도 나주시 동강면 양지리,19950101,,3,
4617035031,전라남도 나주시 동강면 운산리,19950101,,3,
4617036000,다시면,19950101,,2,4617000000
4617036021,전라남도 나주시 다시면 영동리,19950101,,3,
4617036022,전라남도 나주시 다시면 월태리,19950101,,3,
4617036023,전라남도 나주시 다시면 가운리,19950101,,3,
4617036025,전라남도 나주시 다시면 복암리,19950101,,3,
4617036026,전라남도 나주시 다시면 가흥리,19950101,,3,
4617036027,전라남도 나주시 다시면 신석리,19950101,,3,
4617036028,전라남도 나주시 다시면 죽산리,19950101,,3,
4617036029,전라남도 나주시 다시면 문동리,19950101,,3,
4617036030,전라남도 나주시 다시면 동당리,19950101,,3,
4617036031,전라남도 나주시 다시면 송촌리,19950101,,3,
4617036032,전라남도 나주시 다시면 동곡리,19950101,,3,
4617036033,전라남도 나주시 다시면 청정리,19950101,,3,
4617036034,전라남도 나주시 다시면 운봉리,19950101,,3,
4617036035,전라남도 나주시 다시면 신광리,19950101,,3,
4617036036,전라남도 나주시 다시면 회진리,19960624,,3,
4617037000,문평면,19950101,,2,4617000000
4617037021,전라남도 나주시 문평면 안곡리,19950101,,3,
4617037022,전라남도 나주시 문평면 송산리,19950101,,3,
4617037023,전라남도 나주시 문평면 북동리,19950101,,3,
4617037024,전라남도 나주시 문평면 동원리,19950101,,3,
4617037025,전라남도 나주시 문평면 대도리,19950101,,3,
4617037026,전라남도 나주시 문평면 계로리,19950101,,3,
4617037027,전라남도 나주시 문평면 학교리,19950101,,3,
4617037028,전라남도 나주시 문평면 국동리,19950101,,3,
4617037029,전라남도 나주시 문평면 옥당리,19950101,,3,
4617037030,전라남도 나주시 문평면 산호리,19950101,,3,
4617037031,전라남도 나주시 문평면 학동리,19950101,,3,
4617037032,전라남도 나주시 문평면 오룡리,19950101,,3,
4617038000,노안면,19950101,,2,4617000000
4617038021,전라남도 나주시 노안면 금동리,19950101,,3,
4617038022,전라남도 나주시 노안면 장동리,19950101,,3,
4617038023,전라남도 나주시 노안면 학산리,19950101,,3,
4617038024,전라남도 나주시 노안면 도산리,19950101,,3,
4617038025,전라남도 나주시 노안면 유곡리,19950101,,3,
4617038026,전라남도 나주시 노안면 계림리,19950101,,3,
4617038027,전라남도 나주시 노안면 안산리,19950101,,3,
4617038028,전라남도 나주시 노안면 용산리,19950101,,3,
4617038029,전라남도 나주시 노안면 구정리,19950101,,3,
4617038030,전라남도 나주시 노안면 영평리,19950101,,3,
4617038031,전라남도 나주시 노안면 금안리,19950101,,3,
4617038032,전라남도 나주시 노안면 오정리,19950101,,3,
4617038033,전라남도 나주시 노안면 양천리,19950101,,3,
4617039000,금천면,19950101,,2,4617000000
4617039021,전라남도 나주시 금천면 오강리,19950101,,3,
4617039022,전라남도 나주시 금천면 고동리,19950101,,3,
4617039023,전라남도 나주시 금천면 광암리,19950101,,3,
4617039024,전라남도 나주시 금천면 신천리,19950101,,3,
4617039025,전라남도 나주시 금천면 죽촌리,19950101,,3,
4617039026,전라남도 나주시 금천면 월산리,19950101,,3,
4617039027,전라남도 나주시 금천면 동악리,19950101,,3,
4617039028,전라남도 나주시 금천면 석전리,19950101,,3,
4617039029,전라남도 나주시 금천면 촌곡리,19950101,,3,
4617039030,전라남도 나주시 금천면 신가리,19950101,,3,
4617039031,전라남도 나주시 금천면 원곡리,19950101,,3,
4617040000,산포면,19950101,,2,4617000000
4617040021,전라남도 나주시 산포면 매성리,19950101,,3,
4617040022,전라남도 나주시 산포면 신도리,19950101,,3,
4617040023,전라남도 나주시 산포면 송림리,19950101,,3,
4617040024,전라남도 나주시 산포면 화지리,19950101,,3,
4617040025,전라남도 나주시 산포면 산제리,19950101,,3,
4617040026,전라남도 나주시 산포면 등수리,19950101,,3,
4617040027,전라남도 나주시 산포면 등정리,19950101,,3,
4617040028,전라남도 나주시 산포면 내기리,19950101,,3,
4617040029,전라남도 나주시 산포면 덕례리,19950101,,3,
4617042000,다도면,19950101,,2,4617000000
4617042021,전라남도 나주시 다도면 판촌리,19950101,,3,
4617042022,전라남도 나주시 다도면 송학리,19950101,,3,
4617042023,전라남도 나주시 다도면 풍산리,19950101,,3,
4617042024,전라남도 나주시 다도면 덕동리,19950101,,3,
4617042025,전라남도 나주시 다도면 궁원리,19950101,,3,
4617042026,전라남도 나주시 다도면 신동리,19950101,,3,
4617042027,전라남도 나주시 다도면 방산리,19950101,,3,
4617042028,전라남도 나주시 다도면 마산리,19950101,,3,
4617042029,전라남도 나주시 다도면 암정리,19950101,,3,
4617042030,전라남도 나주시 다도면 덕림리,19950101,,3,
4617042031,전라남도 나주시 다도면 도동리,19950101,,3,
4617043000,봉황면,19950101,,2,4617000000
4617043021,전라남도 나주시 봉황면 죽석리,19950101,,3,
4617043022,전라남도 나주시 봉황면 철천리,19950101,,3,
4617043023,전라남도 나주시 봉황면 각동리,19950101,,3,
4617043024,전라남도 나주시 봉황면 송현리,19950101,,3,
4617043025,전라남도 나주시 봉황면 장성리,19950101,,3,
4617043026,전라남도 나주시 봉황면 유곡리,19950101,,3,
4617043027,전라남도 나주시 봉황면 옥산리,19950101,,3,
4617043028,전라남도 나주시 봉황면 용전리,19950101,,3,
4617043029,전라남도 나주시 봉황면 와우리,19950101,,3,
4617043030,전라남도 나주시 봉황면 황용리,19950101,,3,
4617043031,전라남도 나주시 봉황면 신동리,19950101,,3,
4617043032,전라남도 나주시 봉황면 욱곡리,19950101,,3,
4617043033,전라남도 나주시 봉황면 오림리,19950101,,3,
4617043034,전라남도 나주시 봉황면 덕림리,19950101,,3,
4617043035,전라남도 나주시 봉황면 운곡리,19950101,,3,
4617043036,전라남도 나주시 봉황면 용곡리,19950101,,3,
4617043037,전라남도 나주시 봉황면 만봉리,19950101,,3,
4617043038,전라남도 나주시 봉황면 덕곡리,19950101,,3,
4623000000,광양시,19950101,,1,4600000000
4623010100,황금동,19981125,,2,4623000000
4623010200,황길동,19981125,,2,4623000000
4623010300,도이동,19981125,,2,4623000000
4623010400,성황동,19981125,,2,4623000000
4623010500,중군동,19981125,,2,4623000000
4623010600,중동,19950101,,2,4623000000
4623010700,마동,19950101,,2,4623000000
4623010800,광영동,19950101,,2,4623000000
4623010900,태인동,19950101,,2,4623000000
4623011000,금호동,19950101,,2,4623000000
4623025000,광양읍,19950101,,2,4623000000
4623025021,전라남도 광양시 광양읍 우산리,19950101,,3,
4623025022,전라남도 광양시 광양읍 구산리,19950101,,3,
4623025023,전라남도 광양시 광양읍 칠성리,19950101,,3,
4623025024,전라남도 광양시 광양읍 읍내리,19950101,,3,
4623025025,전라남도 광양시 광양읍 목성리,19950101,,3,
4623025026,전라남도 광양시 광양읍 초남리,19950101,,3,
4623025027,전라남도 광양시 광양읍 익신리,19950101,,3,
4623025028,전라남도 광양시 광양읍 사곡리,19950101,,3,
4623025029,전라남도 광양시 광양읍 죽림리,19950101,,3,
4623025030,전라남도 광양시 광양읍 용강리,19950101,,3,
4623025031,전라남도 광양시 광양읍 인동리,19950101,,3,
4623025032,전라남도 광양시 광양읍 인서리,19950101,,3,
4623025033,전라남도 광양시 광양읍 도월리,19950101,,3,
4623025034,전라남도 광양시 광양읍 세풍리,19950101,,3,
4623025035,전라남도 광양시 광양읍 덕례리,19950101,,3,
4623031000,봉강면,19950101,,2,4623000000
4623031021,전라남도 광양시 봉강면 석사리,19950101,,3,
4623031022,전라남도 광양시 봉강면 지곡리,19950101,,3,
4623031023,전라남도 광양시 봉강면 봉당리,19950101,,3,
4623031024,전라남도 광양시 봉강면 부저리,19950101,,3,
4623031025,전라남도 광양시 봉강면 구서리,19950101,,3,
4623031026,전라남도 광양시 봉강면 조령리,19950101,,3,
4623031027,전라남도 광양시 봉강면 신룡리,19950101,,3,
4623032000,옥룡면,19950101,,2,4623000000
4623032021,전라남도 광양시 옥룡면 산남리,19950101,,3,
4623032022,전라남도 광양시 옥룡면 운평리,19950101,,3,
4623032023,전라남도 광양시 옥룡면 추산리,19950101,,3,
4623032024,전라남도 광양시 옥룡면 동곡리,19950101,,3,
4623032025,전라남도 광양시 옥룡면 죽천리,19950101,,3,
4623032026,전라남도 광양시 옥룡면 용곡리,19950101,,3,
4623032027,전라남도 광양시 옥룡면 율천리,19950101,,3,
4623032028,전라남도 광양시 옥룡면 운곡리,19950101,,3,
4623033000,옥곡면,19950101,,2,4623000000
4623033021,전라남도 광양시 옥곡면 원월리,19950101,,3,
4623033022,전라남도 광양시 옥곡면 대죽리,19950101,,3,
4623033023,전라남도 광양시 옥곡면 묵백리,19950101,,3,
4623033024,전라남도 광양시 옥곡면 신금리,19950101,,3,
4623033025,전라남도 광양시 옥곡면 장동리,19950101,,3,
4623033026,전라남도 광양시 옥곡면 선유리,19950101,,3,
4623033027,전라남도 광양시 옥곡면 수평리,19950101,,3,
4623034000,진상면,19950101,,2,4623000000
4623034021,전라남도 광양시 진상면 금이리,19950101,,3,
4623034022,전라남도 광양시 진상면 섬거리,19950101,,3,
4623034023,전라남도 광양시 진상면 비평리,19950101,,3,
4623034024,전라남도 광양시 진상면 황죽리,19950101,,3,
4623034025,전라남도 광양시 진상면 어치리,19950101,,3,
4623034026,전라남도 광양시 진상면 지원리,19950101,,3,
4623034027,전라남도 광양시 진상면 청암리,19950101,,3,
4623035000,진월면,19950101,,2,4623000000
4623035021,전라남도 광양시 진월면 망덕리,19950101,,3,
4623035022,전라남도 광양시 진월면 차사리,19950101,,3,
4623035023,전라남도 광양시 진월면 마룡리,19950101,,3,
4623035024,전라남도 광양시 진월면 선소리,19950101,,3,
4623035025,전라남도 광양시 진월면 신아리,19950101,,3,
4623035026,전라남도 광양시 진월면 오사리,19950101,,3,
4623035027,전라남도 광양시 진월면 신구리,19950101,,3,
4623035028,전라남도 광양시 진월면 송금리,19950101,,3,
4623035029,전라남도 광양시 진월면 월길리,19950101,,3,
4623035030,전라남도 광양시 진월면 진정리,19950101,,3,
4623036000,다압면,19950101,,2,4623000000
4623036021,전라남도 광양시 다압면 신원리,19950101,,3,
4623036022,전라남도 광양시 다압면 도사리,19950101,,3,
4623036023,전라남도 광양시 다압면 고사리,19950101,,3,
4623036024,전라남도 광양시 다압면 금천리,19950101,,3,
4623036025,전라남도 광양시 다압면 하천리,19950101,,3,
4671000000,담양군,19880423,,1,4600000000
4671025000,담양읍,19880423,,2,4671000000
4671025021,전라남도 담양군 담양읍 담주리,19880423,,3,
4671025022,전라남도 담양군 담양읍 천변리,19880423,,3,
4671025023,전라남도 담양군 담양읍 지침리,19880423,,3,
4671025024,전라남도 담양군 담양읍 객사리,19880423,,3,
4671025025,전라남도 담양군 담양읍 백동리,19880423,,3,
4671025026,전라남도 담양군 담양읍 남산리,19880423,,3,
4671025027,전라남도 담양군 담양읍 향교리,19880423,,3,
4671025028,전라남도 담양군 담양읍 만성리,19880423,,3,
4671025029,전라남도 담양군 담양읍 양각리,19880423,,3,
4671025030,전라남도 담양군 담양읍 강쟁리,19880423,,3,
4671025031,전라남도 담양군 담양읍 반룡리,19880423,,3,
4671025032,전라남도 담양군 담양읍 오계리,19880423,,3,
4671025033,전라남도 담양군 담양읍 학동리,19880423,,3,
4671025034,전라남도 담양군 담양읍 금월리,19880423,,3,
4671025035,전라남도 담양군 담양읍 삼만리,19880423,,3,
4671025036,전라남도 담양군 담양읍 운교리,19880423,,3,
4671025037,전라남도 담양군 담양읍 삼다리,19880423,,3,
4671025038,전라남도 담양군 담양읍 가산리,19880423,,3,
4671025039,전라남도 담양군 담양읍 담빛리,20210528,,3,
4671031000,봉산면,19880423,,2,4671000000
4671031021,전라남도 담양군 봉산면 대추리,19880423,,3,
4671031022,전라남도 담양군 봉산면 제월리,19880423,,3,
4671031023,전라남도 담양군 봉산면 신학리,19880423,,3,
4671031024,전라남도 담양군 봉산면 기곡리,19880423,,3,
4671031025,전라남도 담양군 봉산면 연동리,19880423,,3,
4671031026,전라남도 담양군 봉산면 유산리,19880423,,3,
4671031027,전라남도 담양군 봉산면 양지리,19880423,,3,
4671031028,전라남도 담양군 봉산면 와우리,19880423,,3,
4671031029,전라남도 담양군 봉산면 삼지리,19880423,,3,
4671032000,고서면,19880423,,2,4671000000
4671032021,전라남도 담양군 고서면 교산리,19880423,,3,
4671032022,전라남도 담양군 고서면 고읍리,19880423,,3,
4671032023,전라남도 담양군 고서면 분향리,19880423,,3,
4671032024,전라남도 담양군 고서면 금현리,19880423,,3,
4671032025,전라남도 담양군 고서면 성월리,19880423,,3,
4671032026,전라남도 담양군 고서면 보촌리,19880423,,3,
4671032027,전라남도 담양군 고서면 주산리,19880423,,3,
4671032028,전라남도 담양군 고서면 원강리,19880423,,3,
4671032029,전라남도 담양군 고서면 동운리,19880423,,3,
4671032030,전라남도 담양군 고서면 산덕리,19880423,,3,
4671033500,가사문학면,20190219,,2,4671000000
4671033521,전라남도 담양군 가사문학면 학선리,20190219,,3,
4671033522,전라남도 담양군 가사문학면 지곡리,20190219,,3,
4671033523,전라남도 담양군 가사문학면 연천리,20190219,,3,
4671033524,전라남도 담양군 가사문학면 정곡리,20190219,,3,
4671033525,전라남도 담양군 가사문학면 경상리,20190219,,3,
4671033526,전라남도 담양군 가사문학면 무동리,20190219,,3,
4671033527,전라남도 담양군 가사문학면 만월리,20190219,,3,
4671033528,전라남도 담양군 가사문학면 구산리,20190219,,3,
4671033529,전라남도 담양군 가사문학면 인암리,20190219,,3,
4671033530,전라남도 담양군 가사문학면 가암리,20190219,,3,
4671033531,전라남도 담양군 가사문학면 풍암리,20190219,,3,
4671034000,창평면,19880423,,2,4671000000
4671034021,전라남도 담양군 창평면 창평리,19880423,,3,
4671034022,전라남도 담양군 창평면 삼천리,19880423,,3,
4671034023,전라남도 담양군 창평면 용수리,19880423,,3,
4671034024,전라남도 담양군 창평면 유천리,19880423,,3,
4671034025,전라남도 담양군 창평면 오강리,19880423,,3,
4671034026,전라남도 담양군 창평면 의항리,19880423,,3,
4671034027,전라남도 담양군 창평면 일산리,19880423,,3,
4671034028,전라남도 담양군 창평면 장화리,19880423,,3,
4671034029,전라남도 담양군 창평면 유곡리,19880423,,3,
4671034030,전라남도 담양군 창평면 해곡리,19880423,,3,
4671034031,전라남도 담양군 창평면 광덕리,19880423,,3,
4671034032,전라남도 담양군 창평면 외동리,19901220,,3,
4671035000,대덕면,19880423,,2,4671000000
4671035021,전라남도 담양군 대덕면 매산리,19880423,,3,
4671035022,전라남도 담양군 대덕면 장산리,19880423,,3,
4671035023,전라남도 담양군 대덕면 비차리,19880423,,3,
4671035024,전라남도 담양군 대덕면 금산리,19880423,,3,
4671035025,전라남도 담양군 대덕면 성곡리,19880423,,3,
4671035026,전라남도 담양군 대덕면 문학리,19880423,,3,
4671035027,전라남도 담양군 대덕면 운암리,19880423,,3,
4671035028,전라남도 담양군 대덕면 용대리,19880423,,3,
4671035029,전라남도 담양군 대덕면 갈전리,19880423,,3,
4671035030,전라남도 담양군 대덕면 운산리,19880423,,3,
4671035031,전라남도 담양군 대덕면 입석리,19880423,,3,
4671036000,무정면,19880423,,2,4671000000
4671036021,전라남도 담양군 무정면 봉안리,19880423,,3,
4671036022,전라남도 담양군 무정면 오룡리,19880423,,3,
4671036023,전라남도 담양군 무정면 오봉리,19880423,,3,
4671036024,전라남도 담양군 무정면 영천리,19880423,,3,
4671036025,전라남도 담양군 무정면 성도리,19880423,,3,
4671036026,전라남도 담양군 무정면 동산리,19880423,,3,
4671036027,전라남도 담양군 무정면 안평리,19880423,,3,
4671036028,전라남도 담양군 무정면 덕곡리,19880423,,3,
4671036029,전라남도 담양군 무정면 서흥리,19880423,,3,
4671036030,전라남도 담양군 무정면 정석리,19880423,,3,
4671036031,전라남도 담양군 무정면 평지리,19880423,,3,
4671036032,전라남도 담양군 무정면 동강리,19880423,,3,
4671036033,전라남도 담양군 무정면 오례리,19880423,,3,
4671037000,금성면,19880423,,2,4671000000
4671037021,전라남도 담양군 금성면 원천리,19880423,,3,
4671037022,전라남도 담양군 금성면 석현리,19880423,,3,
4671037023,전라남도 담양군 금성면 대성리,19880423,,3,
4671037024,전라남도 담양군 금성면 원율리,19880423,,3,
4671037025,전라남도 담양군 금성면 금성리,19880423,,3,
4671037026,전라남도 담양군 금성면 덕성리,19880423,,3,
4671037027,전라남도 담양군 금성면 봉서리,19880423,,3,
4671037028,전라남도 담양군 금성면 대곡리,19880423,,3,
4671037029,전라남도 담양군 금성면 외추리,19880423,,3,
4671037030,전라남도 담양군 금성면 봉황리,19880423,,3,
4671038000,용면,19880423,,2,4671000000
4671038021,전라남도 담양군 용면 두장리,19880423,,3,
4671038022,전라남도 담양군 용면 통천리,19880423,,3,
4671038023,전라남도 담양군 용면 추성리,19880423,,3,
4671038024,전라남도 담양군 용면 쌍태리,19880423,,3,
4671038025,전라남도 담양군 용면 도림리,19880423,,3,
4671038026,전라남도 담양군 용면 월계리,19880423,,3,
4671038027,전라남도 담양군 용면 용연리,19880423,,3,
4671038028,전라남도 담양군 용면 용치리,19880423,,3,
4671039000,월산면,19880423,,2,4671000000
4671039021,전라남도 담양군 월산면 월산리,19880423,,3,
4671039022,전라남도 담양군 월산면 월평리,19880423,,3,
4671039023,전라남도 담양군 월산면 중월리,19880423,,3,
4671039024,전라남도 담양군 월산면 용흥리,19880423,,3,
4671039025,전라남도 담양군 월산면 용암리,19880423,,3,
4671039026,전라남도 담양군 월산면 신계리,19880423,,3,
4671039027,전라남도 담양군 월산면 광암리,19880423,,3,
4671039028,전라남도 담양군 월산면 오성리,19880423,,3,
4671039029,전라남도 담양군 월산면 월계리,19880423,,3,
4671039030,전라남도 담양군 월산면 화방리,19880423,,3,
4671040000,수북면,19880423,,2,4671000000
4671040021,전라남도 담양군 수북면 나산리,19880423,,3,
4671040022,전라남도 담양군 수북면 개동리,19880423,,3,
4671040023,전라남도 담양군 수북면 정중리,19880423,,3,
4671040024,전라남도 담양군 수북면 황금리,19880423,,3,
4671040025,전라남도 담양군 수북면 고성리,19880423,,3,
4671040026,전라남도 담양군 수북면 오정리,19880423,,3,
4671040027,전라남도 담양군 수북면 대방리,19880423,,3,
4671040028,전라남도 담양군 수북면 궁산리,19880423,,3,
4671040029,전라남도 담양군 수북면 두정리,19880423,,3,
4671040030,전라남도 담양군 수북면 주평리,19880423,,3,
4671040031,전라남도 담양군 수북면 풍수리,19880423,,3,
4671040032,전라남도 담양군 수북면 남산리,19880423,,3,
4671040033,전라남도 담양군 수북면 대흥리,19880423,,3,
4671040034,전라남도 담양군 수북면 수북리,20041001,,3,
4671040035,전라남도 담양군 수북면 담빛리,20210528,,3,
4671041000,대전면,19880423,,2,4671000000
4671041021,전라남도 담양군 대전면 대치리,19880423,,3,
4671041022,전라남도 담양군 대전면 평장리,19880423,,3,
4671041023,전라남도 담양군 대전면 서옥리,19880423,,3,
4671041024,전라남도 담양군 대전면 중옥리,19880423,,3,
4671041025,전라남도 담양군 대전면 응용리,19880423,,3,
4671041026,전라남도 담양군 대전면 태목리,19880423,,3,
4671041027,전라남도 담양군 대전면 강의리,19880423,,3,
4671041028,전라남도 담양군 대전면 월본리,19880423,,3,
4671041029,전라남도 담양군 대전면 병풍리,19880423,,3,
4671041030,전라남도 담양군 대전면 행성리,19880423,,3,
4671041031,전라남도 담양군 대전면 성산리,19880423,,3,
4671041032,전라남도 담양군 대전면 갑향리,19880423,,3,
4672000000,곡성군,19880423,,1,4600000000
4672025000,곡성읍,19880423,,2,4672000000
4672025021,전라남도 곡성군 곡성읍 읍내리,19880423,,3,
4672025022,전라남도 곡성군 곡성읍 학정리,19880423,,3,
4672025023,전라남도 곡성군 곡성읍 교촌리,19880423,,3,
4672025024,전라남도 곡성군 곡성읍 죽동리,19880423,,3,
4672025025,전라남도 곡성군 곡성읍 신월리,19880423,,3,
4672025026,전라남도 곡성군 곡성읍 월봉리,19880423,,3,
4672025027,전라남도 곡성군 곡성읍 구원리,19880423,,3,
4672025028,전라남도 곡성군 곡성읍 서계리,19880423,,3,
4672025029,전라남도 곡성군 곡성읍 대평리,19880423,,3,
4672025030,전라남도 곡성군 곡성읍 신리,19880423,,3,
4672025031,전라남도 곡성군 곡성읍 동산리,19880423,,3,
4672025032,전라남도 곡성군 곡성읍 장선리,19880423,,3,
4672025033,전라남도 곡성군 곡성읍 신기리,19880423,,3,
4672025034,전라남도 곡성군 곡성읍 묘천리,19880423,,3,
4672031000,오곡면,19880423,,2,4672000000
4672031021,전라남도 곡성군 오곡면 오지리,19880423,,3,
4672031022,전라남도 곡성군 오곡면 덕산리,19880423,,3,
4672031023,전라남도 곡성군 오곡면 침곡리,19880423,,3,
4672031024,전라남도 곡성군 오곡면 송정리,19880423,,3,
4672031025,전라남도 곡성군 오곡면 봉조리,19880423,,3,
4672031026,전라남도 곡성군 오곡면 압록리,19880423,,3,
4672031027,전라남도 곡성군 오곡면 명산리,19880423,,3,
4672031028,전라남도 곡성군 오곡면 승법리,19880423,,3,
4672031029,전라남도 곡성군 오곡면 구성리,19880423,,3,
4672031030,전라남도 곡성군 오곡면 미산리,19880423,,3,
4672032000,삼기면,19880423,,2,4672000000
4672032021,전라남도 곡성군 삼기면 원등리,19880423,,3,
4672032022,전라남도 곡성군 삼기면 월경리,19880423,,3,
4672032023,전라남도 곡성군 삼기면 괴소리,19880423,,3,
4672032024,전라남도 곡성군 삼기면 의암리,19880423,,3,
4672032025,전라남도 곡성군 삼기면 금반리,19880423,,3,
4672032026,전라남도 곡성군 삼기면 청계리,19880423,,3,
4672032027,전라남도 곡성군 삼기면 농소리,19880423,,3,
4672032028,전라남도 곡성군 삼기면 노동리,19880423,,3,
4672032029,전라남도 곡성군 삼기면 수산리,19880423,,3,
4672032030,전라남도 곡성군 삼기면 근촌리,19880423,,3,
4672032031,전라남도 곡성군 삼기면 경악리,19880423,,3,
4672032032,전라남도 곡성군 삼기면 금계리,19880423,,3,
4672033000,석곡면,19880423,,2,4672000000
4672033021,전라남도 곡성군 석곡면 석곡리,19880423,,3,
4672033022,전라남도 곡성군 석곡면 능파리,19880423,,3,
4672033023,전라남도 곡성군 석곡면 덕흥리,19880423,,3,
4672033024,전라남도 곡성군 석곡면 당월리,19880423,,3,
4672033025,전라남도 곡성군 석곡면 방송리,19880423,,3,
4672033026,전라남도 곡성군 석곡면 연반리,19880423,,3,
4672033027,전라남도 곡성군 석곡면 죽산리,19880423,,3,
4672033028,전라남도 곡성군 석곡면 온수리,19880423,,3,
4672033029,전라남도 곡성군 석곡면 염곡리,19880423,,3,
4672033030,전라남도 곡성군 석곡면 유정리,19880423,,3,
4672033031,전라남도 곡성군 석곡면 구봉리,19880423,,3,
4672033032,전라남도 곡성군 석곡면 봉전리,19880423,,3,
4672034000,목사동면,19880423,,2,4672000000
4672034021,전라남도 곡성군 목사동면 평리,19880423,,3,
4672034022,전라남도 곡성군 목사동면 동암리,19880423,,3,
4672034023,전라남도 곡성군 목사동면 구룡리,19880423,,3,
4672034024,전라남도 곡성군 목사동면 용사리,19880423,,3,
4672034025,전라남도 곡성군 목사동면 수곡리,19880423,,3,
4672034026,전라남도 곡성군 목사동면 범계리,19880423,,3,
4672034027,전라남도 곡성군 목사동면 공북리,19880423,,3,
4672034028,전라남도 곡성군 목사동면 대곡리,19880423,,3,
4672034029,전라남도 곡성군 목사동면 신기리,19880423,,3,
4672034030,전라남도 곡성군 목사동면 죽정리,19880423,,3,
4672034031,전라남도 곡성군 목사동면 용봉리,19880423,,3,
4672034032,전라남도 곡성군 목사동면 신전리,19880423,,3,
4672035000,죽곡면,19880423,,2,4672000000
4672035021,전라남도 곡성군 죽곡면 태평리,19880423,,3,
4672035022,전라남도 곡성군 죽곡면 화양리,19880423,,3,
4672035023,전라남도 곡성군 죽곡면 봉정리,19880423,,3,
4672035024,전라남도 곡성군 죽곡면 신풍리,19880423,,3,
4672035025,전라남도 곡성군 죽곡면 연화리,19880423,,3,
4672035026,전라남도 곡성군 죽곡면 삼태리,19880423,,3,
4672035027,전라남도 곡성군 죽곡면 당동리,19880423,,3,
4672035028,전라남도 곡성군 죽곡면 남양리,19880423,,3,
4672035029,전라남도 곡성군 죽곡면 유봉리,19880423,,3,
4672035030,전라남도 곡성군 죽곡면 동계리,19880423,,3,
4672035031,전라남도 곡성군 죽곡면 원달리,19880423,,3,
4672035032,전라남도 곡성군 죽곡면 고치리,19880423,,3,
4672035033,전라남도 곡성군 죽곡면 용정리,19880423,,3,
4672035034,전라남도 곡성군 죽곡면 하한리,19880423,,3,
4672036000,고달면,19880423,,2,4672000000
4672036021,전라남도 곡성군 고달면 목동리,19880423,,3,
4672036022,전라남도 곡성군 고달면 뇌죽리,19880423,,3,
4672036023,전라남도 곡성군 고달면 대사리,19880423,,3,
4672036024,전라남도 곡성군 고달면 백곡리,19880423,,3,
4672036025,전라남도 곡성군 고달면 고달리,19880423,,3,
4672036026,전라남도 곡성군 고달면 호곡리,19880423,,3,
4672036027,전라남도 곡성군 고달면 두가리,19880423,,3,
4672037000,옥과면,19880423,,2,4672000000
4672037021,전라남도 곡성군 옥과면 옥과리,19880423,,3,
4672037022,전라남도 곡성군 옥과면 죽림리,19880423,,3,
4672037023,전라남도 곡성군 옥과면 리문리,19880423,,3,
4672037024,전라남도 곡성군 옥과면 설옥리,19880423,,3,
4672037025,전라남도 곡성군 옥과면 율사리,19880423,,3,
4672037026,전라남도 곡성군 옥과면 무창리,19880423,,3,
4672037027,전라남도 곡성군 옥과면 주산리,19880423,,3,
4672037028,전라남도 곡성군 옥과면 수리,19880423,,3,
4672037029,전라남도 곡성군 옥과면 소룡리,19880423,,3,
4672037030,전라남도 곡성군 옥과면 합강리,19880423,,3,
4672037031,전라남도 곡성군 옥과면 황산리,19880423,,3,
4672038000,입면,19880423,,2,4672000000
4672038021,전라남도 곡성군 입면 매월리,19880423,,3,
4672038022,전라남도 곡성군 입면 흑석리,19880423,,3,
4672038023,전라남도 곡성군 입면 대장리,19880423,,3,
4672038024,전라남도 곡성군 입면 약천리,19880423,,3,
4672038025,전라남도 곡성군 입면 만수리,19880423,,3,
4672038026,전라남도 곡성군 입면 금산리,19880423,,3,
4672038027,전라남도 곡성군 입면 서봉리,19880423,,3,
4672038028,전라남도 곡성군 입면 제월리,19880423,,3,
4672038029,전라남도 곡성군 입면 창정리,19880423,,3,
4672038030,전라남도 곡성군 입면 입석리,19880423,,3,
4672038031,전라남도 곡성군 입면 삼오리,19880423,,3,
4672038032,전라남도 곡성군 입면 송전리,19880423,,3,
4672039000,겸면,19880423,,2,4672000000
4672039021,전라남도 곡성군 겸면 현정리,19880423,,3,
4672039022,전라남도 곡성군 겸면 가정리,19880423,,3,
4672039023,전라남도 곡성군 겸면 평장리,19880423,,3,
4672039024,전라남도 곡성군 겸면 마전리,19880423,,3,
4672039025,전라남도 곡성군 겸면 산정리,19880423,,3,
4672039026,전라남도 곡성군 겸면 상덕리,19880423,,3,
4672039027,전라남도 곡성군 겸면 괴정리,19880423,,3,
4672039028,전라남도 곡성군 겸면 대명리,19880423,,3,
4672039029,전라남도 곡성군 겸면 송강리,19880423,,3,
4672039030,전라남도 곡성군 겸면 운교리,19880423,,3,
4672039031,전라남도 곡성군 겸면 칠봉리,19880423,,3,
4672039032,전라남도 곡성군 겸면 남양리,19880423,,3,
4672040000,오산면,19880423,,2,4672000000
4672040021,전라남도 곡성군 오산면 봉동리,19880423,,3,
4672040022,전라남도 곡성군 오산면 율천리,19880423,,3,
4672040023,전라남도 곡성군 오산면 단사리,19880423,,3,
4672040024,전라남도 곡성군 오산면 조양리,19880423,,3,
4672040025,전라남도 곡성군 오산면 선세리,19880423,,3,
4672040026,전라남도 곡성군 오산면 가곡리,19880423,,3,
4672040027,전라남도 곡성군 오산면 청단리,19880423,,3,
4672040028,전라남도 곡성군 오산면 연화리,19880423,,3,
4672040029,전라남도 곡성군 오산면 운곡리,19880423,,3,
4673000000,구례군,19880423,,1,4600000000
4673025000,구례읍,19880423,,2,4673000000
4673025021,전라남도 구례군 구례읍 봉동리,19880423,,3,
4673025022,전라남도 구례군 구례읍 봉남리,19880423,,3,
4673025023,전라남도 구례군 구례읍 백련리,19880423,,3,
4673025024,전라남도 구례군 구례읍 산성리,19880423,,3,
4673025025,전라남도 구례군 구례읍 신월리,19880423,,3,
4673025026,전라남도 구례군 구례읍 봉서리,19880423,,3,
4673025027,전라남도 구례군 구례읍 원방리,19880423,,3,
4673025028,전라남도 구례군 구례읍 논곡리,19880423,,3,
4673025029,전라남도 구례군 구례읍 계산리,19880423,,3,
4673025030,전라남도 구례군 구례읍 봉북리,19880423,,3,
4673031000,문척면,19880423,,2,4673000000
4673031021,전라남도 구례군 문척면 월전리,19880423,,3,
4673031022,전라남도 구례군 문척면 죽마리,19880423,,3,
4673031023,전라남도 구례군 문척면 금정리,19880423,,3,
4673031024,전라남도 구례군 문척면 중산리,19880423,,3,
4673032000,간전면,19880423,,2,4673000000
4673032021,전라남도 구례군 간전면 간문리,19880423,,3,
4673032022,전라남도 구례군 간전면 수평리,19880423,,3,
4673032023,전라남도 구례군 간전면 흥대리,19880423,,3,
4673032024,전라남도 구례군 간전면 중대리,19880423,,3,
4673032025,전라남도 구례군 간전면 운천리,19880423,,3,
4673032026,전라남도 구례군 간전면 금산리,19880423,,3,
4673032027,전라남도 구례군 간전면 양천리,19880423,,3,
4673032028,전라남도 구례군 간전면 삼산리,19880423,,3,
4673032029,전라남도 구례군 간전면 효곡리,19880423,,3,
4673033000,토지면,19880423,,2,4673000000
4673033021,전라남도 구례군 토지면 구산리,19880423,,3,
4673033022,전라남도 구례군 토지면 파도리,19880423,,3,
4673033023,전라남도 구례군 토지면 외곡리,19880423,,3,
4673033024,전라남도 구례군 토지면 용두리,19880423,,3,
4673033025,전라남도 구례군 토지면 오미리,19880423,,3,
4673033026,전라남도 구례군 토지면 송정리,19880423,,3,
4673033027,전라남도 구례군 토지면 내동리,19880423,,3,
4673033028,전라남도 구례군 토지면 내서리,19880423,,3,
4673033029,전라남도 구례군 토지면 문수리,19880423,,3,
4673033030,전라남도 구례군 토지면 금내리,19880423,,3,
4673034000,마산면,19880423,,2,4673000000
4673034021,전라남도 구례군 마산면 마산리,19880423,,3,
4673034022,전라남도 구례군 마산면 광평리,19880423,,3,
4673034023,전라남도 구례군 마산면 사도리,19880423,,3,
4673034024,전라남도 구례군 마산면 황전리,19880423,,3,
4673034025,전라남도 구례군 마산면 갑산리,19880423,,3,
4673034026,전라남도 구례군 마산면 냉천리,19880423,,3,
4673035000,광의면,19880423,,2,4673000000
4673035021,전라남도 구례군 광의면 연파리,19880423,,3,
4673035022,전라남도 구례군 광의면 방광리,19880423,,3,
4673035023,전라남도 구례군 광의면 대산리,19880423,,3,
4673035024,전라남도 구례군 광의면 지천리,19880423,,3,
4673035025,전라남도 구례군 광의면 수월리,19880423,,3,
4673035026,전라남도 구례군 광의면 대전리,19880423,,3,
4673035027,전라남도 구례군 광의면 온당리,19880423,,3,
4673035028,전라남도 구례군 광의면 구만리,19880423,,3,
4673036000,용방면,19880423,,2,4673000000
4673036021,전라남도 구례군 용방면 용정리,19880423,,3,
4673036022,전라남도 구례군 용방면 신지리,19880423,,3,
4673036023,전라남도 구례군 용방면 사림리,19880423,,3,
4673036024,전라남도 구례군 용방면 용강리,19880423,,3,
4673036025,전라남도 구례군 용방면 중방리,19880423,,3,
4673036026,전라남도 구례군 용방면 신도리,19880423,,3,
4673036027,전라남도 구례군 용방면 죽정리,19880423,,3,
4673037000,산동면,19880423,,2,4673000000
4673037021,전라남도 구례군 산동면 원촌리,19880423,,3,
4673037022,전라남도 구례군 산동면 원달리,19880423,,3,
4673037023,전라남도 구례군 산동면 시상리,19880423,,3,
4673037024,전라남도 구례군 산동면 외산리,19880423,,3,
4673037025,전라남도 구례군 산동면 대평리,19880423,,3,
4673037026,전라남도 구례군 산동면 좌사리,19880423,,3,
4673037027,전라남도 구례군 산동면 이평리,19880423,,3,
4673037028,전라남도 구례군 산동면 신학리,19880423,,3,
4673037029,전라남도 구례군 산동면 내산리,19880423,,3,
4673037030,전라남도 구례군 산동면 관산리,19880423,,3,
4673037031,전라남도 구례군 산동면 수기리,19880423,,3,
4673037032,전라남도 구례군 산동면 계천리,19880423,,3,
4673037033,전라남도 구례군 산동면 둔사리,19880423,,3,
4673037034,전라남도 구례군 산동면 위안리,19880423,,3,
4673037035,전라남도 구례군 산동면 탑정리,19880423,,3,
4677000000,고흥군,19880423,,1,4600000000
4677025000,고흥읍,19880423,,2,4677000000
4677025021,전라남도 고흥군 고흥읍 고소리,19880423,,3,
4677025022,전라남도 고흥군 고흥읍 호동리,19880423,,3,
4677025023,전라남도 고흥군 고흥읍 성촌리,19880423,,3,
4677025024,전라남도 고흥군 고흥읍 등암리,19880423,,3,
4677025025,전라남도 고흥군 고흥읍 호형리,19880423,,3,
4677025026,전라남도 고흥군 고흥읍 남계리,19880423,,3,
4677025027,전라남도 고흥군 고흥읍 옥하리,19880423,,3,
4677025028,전라남도 고흥군 고흥읍 서문리,19880423,,3,
4677025029,전라남도 고흥군 고흥읍 행정리,19880423,,3,
4677025300,도양읍,19880423,,2,4677000000
4677025321,전라남도 고흥군 도양읍 장계리,19880423,,3,
4677025322,전라남도 고흥군 도양읍 관리,19880423,,3,
4677025323,전라남도 고흥군 도양읍 용정리,19880423,,3,
4677025324,전라남도 고흥군 도양읍 봉암리,19880423,,3,
4677025325,전라남도 고흥군 도양읍 득량리,19880423,,3,
4677025326,전라남도 고흥군 도양읍 소록리,19880423,,3,
4677025327,전라남도 고흥군 도양읍 시산리,19880423,,3,
4677031000,풍양면,19880423,,2,4677000000
4677031021,전라남도 고흥군 풍양면 상림리,19880423,,3,
4677031022,전라남도 고흥군 풍양면 야막리,19880423,,3,
4677031023,전라남도 고흥군 풍양면 보천리,19880423,,3,
4677031024,전라남도 고흥군 풍양면 당두리,19880423,,3,
4677031025,전라남도 고흥군 풍양면 고옥리,19880423,,3,
4677031026,전라남도 고흥군 풍양면 한동리,19880423,,3,
4677031027,전라남도 고흥군 풍양면 안동리,19880423,,3,
4677031028,전라남도 고흥군 풍양면 매곡리,19880423,,3,
4677031029,전라남도 고흥군 풍양면 풍남리,19880423,,3,
4677031030,전라남도 고흥군 풍양면 송정리,19880423,,3,
4677031031,전라남도 고흥군 풍양면 율치리,19880423,,3,
4677031032,전라남도 고흥군 풍양면 봉양리,19880423,,3,
4677032000,도덕면,19880423,,2,4677000000
4677032021,전라남도 고흥군 도덕면 도덕리,19880423,,3,
4677032022,전라남도 고흥군 도덕면 신양리,19880423,,3,
4677032023,전라남도 고흥군 도덕면 가야리,19880423,,3,
4677032024,전라남도 고흥군 도덕면 봉덕리,19880423,,3,
4677032025,전라남도 고흥군 도덕면 오마리,19880423,,3,
4677032026,전라남도 고흥군 도덕면 용동리,19880423,,3,
4677033000,금산면,19880423,,2,4677000000
4677033021,전라남도 고흥군 금산면 대흥리,19880423,,3,
4677033022,전라남도 고흥군 금산면 어전리,19880423,,3,
4677033023,전라남도 고흥군 금산면 신전리,19880423,,3,
4677033024,전라남도 고흥군 금산면 신촌리,19880423,,3,
4677033025,전라남도 고흥군 금산면 석정리,19880423,,3,
4677033026,전라남도 고흥군 금산면 신평리,19880423,,3,
4677033027,전라남도 고흥군 금산면 오천리,19880423,,3,
4677034000,도화면,19880423,,2,4677000000
4677034021,전라남도 고흥군 도화면 가화리,19880423,,3,
4677034022,전라남도 고흥군 도화면 구암리,19880423,,3,
4677034023,전라남도 고흥군 도화면 사덕리,19880423,,3,
4677034025,전라남도 고흥군 도화면 덕중리,19880423,,3,
4677034026,전라남도 고흥군 도화면 봉산리,19880423,,3,
4677034027,전라남도 고흥군 도화면 당오리,19880423,,3,
4677034028,전라남도 고흥군 도화면 신호리,19880423,,3,
4677034029,전라남도 고흥군 도화면 봉룡리,19880423,,3,
4677034030,전라남도 고흥군 도화면 지죽리,19880423,,3,
4677034031,전라남도 고흥군 도화면 발포리,19960201,,3,
4677035000,포두면,19880423,,2,4677000000
4677035021,전라남도 고흥군 포두면 남성리,19880423,,3,
4677035022,전라남도 고흥군 포두면 옥강리,19880423,,3,
4677035023,전라남도 고흥군 포두면 차동리,19880423,,3,
4677035024,전라남도 고흥군 포두면 세동리,19880423,,3,
4677035025,전라남도 고흥군 포두면 길두리,19880423,,3,
4677035026,전라남도 고흥군 포두면 상대리,19880423,,3,
4677035027,전라남도 고흥군 포두면 봉림리,19880423,,3,
4677035028,전라남도 고흥군 포두면 장수리,19880423,,3,
4677035029,전라남도 고흥군 포두면 상포리,19880423,,3,
4677035030,전라남도 고흥군 포두면 남촌리,19900423,,3,
4677035031,전라남도 고흥군 포두면 송산리,19900423,,3,
4677035032,전라남도 고흥군 포두면 오취리,19880423,,3,
4677036000,봉래면,19880423,,2,4677000000
4677036022,전라남도 고흥군 봉래면 외초리,19880423,,3,
4677036023,전라남도 고흥군 봉래면 예내리,19880423,,3,
4677036024,전라남도 고흥군 봉래면 신금리,19880423,,3,
4677036027,전라남도 고흥군 봉래면 사양리,19880423,,3,
4677037000,점암면,19880423,,2,4677000000
4677037021,전라남도 고흥군 점암면 천학리,19880423,,3,
4677037022,전라남도 고흥군 점암면 장남리,19880423,,3,
4677037023,전라남도 고흥군 점암면 강산리,19880423,,3,
4677037024,전라남도 고흥군 점암면 여호리,19880423,,3,
4677037025,전라남도 고흥군 점암면 화계리,19880423,,3,
4677037026,전라남도 고흥군 점암면 성기리,19880423,,3,
4677037027,전라남도 고흥군 점암면 모룡리,19880423,,3,
4677037028,전라남도 고흥군 점암면 대룡리,19880423,,3,
4677037029,전라남도 고흥군 점암면 사정리,19880423,,3,
4677037030,전라남도 고흥군 점암면 연봉리,19880423,,3,
4677037031,전라남도 고흥군 점암면 신안리,19880423,,3,
4677038000,과역면,19880423,,2,4677000000
4677038021,전라남도 고흥군 과역면 신곡리,19880423,,3,
4677038022,전라남도 고흥군 과역면 백일리,19880423,,3,
4677038023,전라남도 고흥군 과역면 연등리,19880423,,3,
4677038024,전라남도 고흥군 과역면 호덕리,19880423,,3,
4677038025,전라남도 고흥군 과역면 석봉리,19880423,,3,
4677038026,전라남도 고흥군 과역면 과역리,19880423,,3,
4677038027,전라남도 고흥군 과역면 노일리,19880423,,3,
4677038028,전라남도 고흥군 과역면 도천리,19880423,,3,
4677039000,남양면,19880423,,2,4677000000
4677039021,전라남도 고흥군 남양면 장담리,19880423,,3,
4677039022,전라남도 고흥군 남양면 신흥리,19880423,,3,
4677039023,전라남도 고흥군 남양면 대곡리,19880423,,3,
4677039024,전라남도 고흥군 남양면 남양리,19880423,,3,
4677039025,전라남도 고흥군 남양면 중산리,19880423,,3,
4677039026,전라남도 고흥군 남양면 월정리,19880423,,3,
4677039027,전라남도 고흥군 남양면 망주리,19880423,,3,
4677039028,전라남도 고흥군 남양면 침교리,19880423,,3,
4677040000,동강면,19880423,,2,4677000000
4677040021,전라남도 고흥군 동강면 유둔리,19880423,,3,
4677040022,전라남도 고흥군 동강면 마륜리,19880423,,3,
4677040023,전라남도 고흥군 동강면 대강리,19880423,,3,
4677040024,전라남도 고흥군 동강면 매곡리,19880423,,3,
4677040025,전라남도 고흥군 동강면 한천리,19880423,,3,
4677040026,전라남도 고흥군 동강면 오월리,19880423,,3,
4677040027,전라남도 고흥군 동강면 청송리,19880423,,3,
4677040028,전라남도 고흥군 동강면 죽암리,19880423,,3,
4677040029,전라남도 고흥군 동강면 장덕리,19880423,,3,
4677040030,전라남도 고흥군 동강면 노동리,19880423,,3,
4677041000,대서면,19880423,,2,4677000000
4677041021,전라남도 고흥군 대서면 금마리,19880423,,3,
4677041022,전라남도 고흥군 대서면 남정리,19880423,,3,
4677041023,전라남도 고흥군 대서면 안남리,19880423,,3,
4677041024,전라남도 고흥군 대서면 화산리,19880423,,3,
4677041025,전라남도 고흥군 대서면 송림리,19880423,,3,
4677041026,전라남도 고흥군 대서면 송강리,19880423,,3,
4677041027,전라남도 고흥군 대서면 상남리,19880423,,3,
4677042000,두원면,19880423,,2,4677000000
4677042021,전라남도 고흥군 두원면 학곡리,19880423,,3,
4677042022,전라남도 고흥군 두원면 관덕리,19880423,,3,
4677042023,전라남도 고흥군 두원면 풍류리,19880423,,3,
4677042024,전라남도 고흥군 두원면 대금리,19880423,,3,
4677042025,전라남도 고흥군 두원면 용당리,19880423,,3,
4677042026,전라남도 고흥군 두원면 대전리,19880423,,3,
4677042027,전라남도 고흥군 두원면 예회리,19880423,,3,
4677042028,전라남도 고흥군 두원면 성두리,19880423,,3,
4677042029,전라남도 고흥군 두원면 영오리,19880423,,3,
4677042030,전라남도 고흥군 두원면 용산리,19880423,,3,
4677042031,전라남도 고흥군 두원면 신송리,19880423,,3,
4677042032,전라남도 고흥군 두원면 용반리,19880423,,3,
4677042033,전라남도 고흥군 두원면 운대리,19880423,,3,
4677044000,영남면,19890401,,2,4677000000
4677044021,전라남도 고흥군 영남면 양사리,19890401,,3,
4677044022,전라남도 고흥군 영남면 금사리,19890401,,3,
4677044023,전라남도 고흥군 영남면 남열리,19890401,,3,
4677044024,전라남도 고흥군 영남면 우천리,19890401,,3,
4677045000,동일면,19900801,,2,4677000000
4677045021,전라남도 고흥군 동일면 봉영리,19900801,,3,
4677045022,전라남도 고흥군 동일면 백양리,19900801,,3,
4677045023,전라남도 고흥군 동일면 덕흥리,19900801,,3,
4678000000,보성군,19880423,,1,4600000000
4678025000,보성읍,19880423,,2,4678000000
4678025021,전라남도 보성군 보성읍 보성리,19880423,,3,
4678025022,전라남도 보성군 보성읍 우산리,19880423,,3,
4678025023,전라남도 보성군 보성읍 옥평리,19880423,,3,
4678025024,전라남도 보성군 보성읍 봉산리,19880423,,3,
4678025025,전라남도 보성군 보성읍 쾌상리,19880423,,3,
4678025026,전라남도 보성군 보성읍 옥암리,19880423,,3,
4678025027,전라남도 보성군 보성읍 대야리,19880423,,3,
4678025028,전라남도 보성군 보성읍 원봉리,19880423,,3,
4678025029,전라남도 보성군 보성읍 주봉리,19880423,,3,
4678025030,전라남도 보성군 보성읍 용문리,19880423,,3,
4678025300,벌교읍,19880423,,2,4678000000
4678025321,전라남도 보성군 벌교읍 벌교리,19880423,,3,
4678025322,전라남도 보성군 벌교읍 전동리,19880423,,3,
4678025323,전라남도 보성군 벌교읍 지동리,19880423,,3,
4678025324,전라남도 보성군 벌교읍 고읍리,19880423,,3,
4678025325,전라남도 보성군 벌교읍 낙성리,19880423,,3,
4678025326,전라남도 보성군 벌교읍 추동리,19880423,,3,
4678025327,전라남도 보성군 벌교읍 징광리,19880423,,3,
4678025329,전라남도 보성군 벌교읍 칠동리,19880423,,3,
4678025330,전라남도 보성군 벌교읍 척령리,19880423,,3,
4678025331,전라남도 보성군 벌교읍 마동리,19880423,,3,
4678025332,전라남도 보성군 벌교읍 장좌리,19880423,,3,
4678025333,전라남도 보성군 벌교읍 영등리,19880423,,3,
4678025334,전라남도 보성군 벌교읍 장암리,19880423,,3,
4678025335,전라남도 보성군 벌교읍 대포리,19880423,,3,
4678025336,전라남도 보성군 벌교읍 연산리,19880423,,3,
4678025337,전라남도 보성군 벌교읍 봉림리,19880423,,3,
4678025338,전라남도 보성군 벌교읍 회정리,19880423,,3,
4678025339,전라남도 보성군 벌교읍 장양리,19880423,,3,
4678025340,전라남도 보성군 벌교읍 호동리,19880423,,3,
4678025341,전라남도 보성군 벌교읍 장도리,19880423,,3,
4678025342,전라남도 보성군 벌교읍 옥전리,19950810,,3,
4678031000,노동면,19880423,,2,4678000000
4678031021,전라남도 보성군 노동면 광곡리,19880423,,3,
4678031022,전라남도 보성군 노동면 대련리,19880423,,3,
4678031023,전라남도 보성군 노동면 감정리,19880423,,3,
4678031024,전라남도 보성군 노동면 금호리,19880423,,3,
4678031025,전라남도 보성군 노동면 옥마리,19880423,,3,
4678031026,전라남도 보성군 노동면 용호리,19880423,,3,
4678031027,전라남도 보성군 노동면 거석리,19880423,,3,
4678031028,전라남도 보성군 노동면 신천리,19880423,,3,
4678031029,전라남도 보성군 노동면 학동리,19880423,,3,
4678031030,전라남도 보성군 노동면 명봉리,19880423,,3,
4678032000,미력면,19880423,,2,4678000000
4678032021,전라남도 보성군 미력면 도개리,19880423,,3,
4678032022,전라남도 보성군 미력면 미력리,19880423,,3,
4678032023,전라남도 보성군 미력면 화방리,19880423,,3,
4678032024,전라남도 보성군 미력면 용정리,19880423,,3,
4678032025,전라남도 보성군 미력면 덕림리,19880423,,3,
4678032026,전라남도 보성군 미력면 반룡리,19880423,,3,
4678032027,전라남도 보성군 미력면 초당리,19880423,,3,
4678033000,겸백면,19880423,,2,4678000000
4678033021,전라남도 보성군 겸백면 석호리,19880423,,3,
4678033022,전라남도 보성군 겸백면 운림리,19880423,,3,
4678033023,전라남도 보성군 겸백면 은덕리,19880423,,3,
4678033024,전라남도 보성군 겸백면 평호리,19880423,,3,
4678033025,전라남도 보성군 겸백면 도안리,19880423,,3,
4678033026,전라남도 보성군 겸백면 용산리,19880423,,3,
4678033027,전라남도 보성군 겸백면 남양리,19880423,,3,
4678033028,전라남도 보성군 겸백면 사곡리,19880423,,3,
4678033029,전라남도 보성군 겸백면 수남리,19880423,,3,
4678034000,율어면,19880423,,2,4678000000
4678034021,전라남도 보성군 율어면 율어리,19880423,,3,
4678034022,전라남도 보성군 율어면 금천리,19880423,,3,
4678034023,전라남도 보성군 율어면 선암리,19880423,,3,
4678034024,전라남도 보성군 율어면 문양리,19880423,,3,
4678034025,전라남도 보성군 율어면 칠음리,19880423,,3,
4678034026,전라남도 보성군 율어면 고죽리,19880423,,3,
4678034027,전라남도 보성군 율어면 이동리,19880423,,3,
4678034028,전라남도 보성군 율어면 유신리,19880423,,3,
4678034029,전라남도 보성군 율어면 장동리,19880423,,3,
4678035000,복내면,19880423,,2,4678000000
4678035021,전라남도 보성군 복내면 복내리,19880423,,3,
4678035022,전라남도 보성군 복내면 반석리,19880423,,3,
4678035023,전라남도 보성군 복내면 용동리,19880423,,3,
4678035024,전라남도 보성군 복내면 진봉리,19880423,,3,
4678035025,전라남도 보성군 복내면 봉천리,19880423,,3,
4678035026,전라남도 보성군 복내면 일봉리,19880423,,3,
4678035027,전라남도 보성군 복내면 시천리,19880423,,3,
4678035028,전라남도 보성군 복내면 용전리,19880423,,3,
4678035029,전라남도 보성군 복내면 유정리,19880423,,3,
4678035030,전라남도 보성군 복내면 계산리,19880423,,3,
4678035031,전라남도 보성군 복내면 장천리,19880423,,3,
4678035032,전라남도 보성군 복내면 동교리,19880423,,3,
4678036000,문덕면,19880423,,2,4678000000
4678036021,전라남도 보성군 문덕면 운곡리,19880423,,3,
4678036022,전라남도 보성군 문덕면 용암리,19880423,,3,
4678036023,전라남도 보성군 문덕면 덕치리,19880423,,3,
4678036024,전라남도 보성군 문덕면 죽산리,19880423,,3,
4678036025,전라남도 보성군 문덕면 봉갑리,19880423,,3,
4678036026,전라남도 보성군 문덕면 봉정리,19880423,,3,
4678036027,전라남도 보성군 문덕면 양동리,19880423,,3,
4678036028,전라남도 보성군 문덕면 귀산리,19880423,,3,
4678036029,전라남도 보성군 문덕면 동산리,19880423,,3,
4678037000,조성면,19880423,,2,4678000000
4678037021,전라남도 보성군 조성면 조성리,19880423,,3,
4678037022,전라남도 보성군 조성면 매현리,19880423,,3,
4678037023,전라남도 보성군 조성면 은곡리,19880423,,3,
4678037024,전라남도 보성군 조성면 신월리,19880423,,3,
4678037025,전라남도 보성군 조성면 귀산리,19880423,,3,
4678037026,전라남도 보성군 조성면 축내리,19880423,,3,
4678037027,전라남도 보성군 조성면 대곡리,19880423,,3,
4678037028,전라남도 보성군 조성면 우천리,19880423,,3,
4678037029,전라남도 보성군 조성면 봉능리,19880423,,3,
4678037030,전라남도 보성군 조성면 덕산리,19880423,,3,
4678037031,전라남도 보성군 조성면 동촌리,19880423,,3,
4678037032,전라남도 보성군 조성면 용전리,19880423,,3,
4678038000,득량면,19880423,,2,4678000000
4678038021,전라남도 보성군 득량면 삼정리,19880423,,3,
4678038022,전라남도 보성군 득량면 송곡리,19880423,,3,
4678038023,전라남도 보성군 득량면 예당리,19880423,,3,
4678038024,전라남도 보성군 득량면 오봉리,19880423,,3,
4678038025,전라남도 보성군 득량면 해평리,19880423,,3,
4678038026,전라남도 보성군 득량면 비봉리,19880423,,3,
4678038027,전라남도 보성군 득량면 도촌리,19880423,,3,
4678038028,전라남도 보성군 득량면 마천리,19880423,,3,
4678038029,전라남도 보성군 득량면 정흥리,19880423,,3,
4678039000,회천면,19880423,,2,4678000000
4678039021,전라남도 보성군 회천면 율포리,19880423,,3,
4678039022,전라남도 보성군 회천면 벽교리,19880423,,3,
4678039023,전라남도 보성군 회천면 전일리,19880423,,3,
4678039024,전라남도 보성군 회천면 봉강리,19880423,,3,
4678039025,전라남도 보성군 회천면 회령리,19880423,,3,
4678039026,전라남도 보성군 회천면 영천리,19880423,,3,
4678039027,전라남도 보성군 회천면 동율리,19880423,,3,
4678039028,전라남도 보성군 회천면 군농리,19880423,,3,
4678039029,전라남도 보성군 회천면 화죽리,19880423,,3,
4678039030,전라남도 보성군 회천면 천포리,19880423,,3,
4678039031,전라남도 보성군 회천면 서당리,19880423,,3,
4678039032,전라남도 보성군 회천면 객산리,19880423,,3,
4678040000,웅치면,19880423,,2,4678000000
4678040021,전라남도 보성군 웅치면 중산리,19880423,,3,
4678040022,전라남도 보성군 웅치면 강산리,19880423,,3,
4678040023,전라남도 보성군 웅치면 대산리,19880423,,3,
4678040024,전라남도 보성군 웅치면 용반리,19880423,,3,
4678040025,전라남도 보성군 웅치면 봉산리,19880423,,3,
4678040026,전라남도 보성군 웅치면 유산리,19880423,,3,
4679000000,화순군,19880423,,1,4600000000
4679025000,화순읍,19880423,,2,4679000000
4679025021,전라남도 화순군 화순읍 교리,19880423,,3,
4679025022,전라남도 화순군 화순읍 향청리,19880423,,3,
4679025023,전라남도 화순군 화순읍 만연리,19880423,,3,
4679025024,전라남도 화순군 화순읍 신기리,19880423,,3,
4679025025,전라남도 화순군 화순읍 훈리,19880423,,3,
4679025026,전라남도 화순군 화순읍 동구리,19880423,,3,
4679025027,전라남도 화순군 화순읍 유천리,19880423,,3,
4679025028,전라남도 화순군 화순읍 일심리,19880423,,3,
4679025029,전라남도 화순군 화순읍 다지리,19880423,,3,
4679025030,전라남도 화순군 화순읍 광덕리,19880423,,3,
4679025031,전라남도 화순군 화순읍 삼천리,19880423,,3,
4679025032,전라남도 화순군 화순읍 이십곡리,19880423,,3,
4679025033,전라남도 화순군 화순읍 대리,19880423,,3,
4679025034,전라남도 화순군 화순읍 강정리,19880423,,3,
4679025035,전라남도 화순군 화순읍 벽라리,19880423,,3,
4679025036,전라남도 화순군 화순읍 감도리,19880423,,3,
4679025037,전라남도 화순군 화순읍 계소리,19880423,,3,
4679025038,전라남도 화순군 화순읍 도웅리,19880423,,3,
4679025039,전라남도 화순군 화순읍 세량리,19880423,,3,
4679025040,전라남도 화순군 화순읍 연양리,19880423,,3,
4679025041,전라남도 화순군 화순읍 내평리,19880423,,3,
4679025042,전라남도 화순군 화순읍 서태리,19880423,,3,
4679025043,전라남도 화순군 화순읍 앵남리,19880423,,3,
4679025044,전라남도 화순군 화순읍 수만리,19880423,,3,
4679025045,전라남도 화순군 화순읍 주도리,19880423,,3,
4679031000,한천면,19880423,,2,4679000000
4679031021,전라남도 화순군 한천면 모산리,19880423,,3,
4679031022,전라남도 화순군 한천면 금전리,19880423,,3,
4679031023,전라남도 화순군 한천면 한계리,19880423,,3,
4679031024,전라남도 화순군 한천면 정리,19880423,,3,
4679031025,전라남도 화순군 한천면 가암리,19880423,,3,
4679031026,전라남도 화순군 한천면 오음리,19880423,,3,
4679031027,전라남도 화순군 한천면 반곡리,19880423,,3,
4679031028,전라남도 화순군 한천면 평리,19880423,,3,
4679031029,전라남도 화순군 한천면 정우리,19880423,,3,
4679031030,전라남도 화순군 한천면 동가리,19880423,,3,
4679031031,전라남도 화순군 한천면 고시리,19880423,,3,
4679032000,춘양면,19880423,,2,4679000000
4679032021,전라남도 화순군 춘양면 석정리,19880423,,3,
4679032022,전라남도 화순군 춘양면 화림리,19880423,,3,
4679032023,전라남도 화순군 춘양면 대신리,19880423,,3,
4679032024,전라남도 화순군 춘양면 회송리,19880423,,3,
4679032025,전라남도 화순군 춘양면 양곡리,19880423,,3,
4679032026,전라남도 화순군 춘양면 용곡리,19880423,,3,
4679032027,전라남도 화순군 춘양면 월평리,19880423,,3,
4679032028,전라남도 화순군 춘양면 가동리,19880423,,3,
4679032029,전라남도 화순군 춘양면 변천리,19880423,,3,
4679032030,전라남도 화순군 춘양면 산간리,19880423,,3,
4679032031,전라남도 화순군 춘양면 가봉리,19880423,,3,
4679032032,전라남도 화순군 춘양면 용두리,19880423,,3,
4679032033,전라남도 화순군 춘양면 우봉리,19880423,,3,
4679032034,전라남도 화순군 춘양면 부곡리,19880423,,3,
4679033000,청풍면,19880423,,2,4679000000
4679033021,전라남도 화순군 청풍면 풍암리,19880423,,3,
4679033022,전라남도 화순군 청풍면 한지리,19880423,,3,
4679033023,전라남도 화순군 청풍면 어리,19880423,,3,
4679033024,전라남도 화순군 청풍면 세청리,19880423,,3,
4679033025,전라남도 화순군 청풍면 대비리,19880423,,3,
4679033026,전라남도 화순군 청풍면 백운리,19880423,,3,
4679033027,전라남도 화순군 청풍면 청용리,19880423,,3,
4679033028,전라남도 화순군 청풍면 이만리,19880423,,3,
4679033029,전라남도 화순군 청풍면 신석리,19880423,,3,
4679033030,전라남도 화순군 청풍면 신리,19880423,,3,
4679033031,전라남도 화순군 청풍면 차리,19880423,,3,
4679034000,이양면,19880423,,2,4679000000
4679034021,전라남도 화순군 이양면 금능리,19880423,,3,
4679034022,전라남도 화순군 이양면 강성리,19880423,,3,
4679034023,전라남도 화순군 이양면 용반리,19880423,,3,
4679034024,전라남도 화순군 이양면 장치리,19880423,,3,
4679034025,전라남도 화순군 이양면 묵곡리,19880423,,3,
4679034026,전라남도 화순군 이양면 옥리,19880423,,3,
4679034027,전라남도 화순군 이양면 품평리,19880423,,3,
4679034028,전라남도 화순군 이양면 오류리,19880423,,3,
4679034029,전라남도 화순군 이양면 이양리,19880423,,3,
4679034030,전라남도 화순군 이양면 율계리,19880423,,3,
4679034031,전라남도 화순군 이양면 송정리,19880423,,3,
4679034032,전라남도 화순군 이양면 초방리,19880423,,3,
4679034033,전라남도 화순군 이양면 매정리,19880423,,3,
4679034034,전라남도 화순군 이양면 연화리,19880423,,3,
4679034035,전라남도 화순군 이양면 구례리,19880423,,3,
4679034036,전라남도 화순군 이양면 쌍봉리,19880423,,3,
4679034037,전라남도 화순군 이양면 증리,19880423,,3,
4679035000,능주면,19880423,,2,4679000000
4679035021,전라남도 화순군 능주면 남정리,19880423,,3,
4679035022,전라남도 화순군 능주면 정남리,19880423,,3,
4679035023,전라남도 화순군 능주면 석고리,19880423,,3,
4679035024,전라남도 화순군 능주면 잠정리,19880423,,3,
4679035025,전라남도 화순군 능주면 내리,19880423,,3,
4679035026,전라남도 화순군 능주면 관영리,19880423,,3,
4679035027,전라남도 화순군 능주면 천덕리,19880423,,3,
4679035028,전라남도 화순군 능주면 만인리,19880423,,3,
4679035029,전라남도 화순군 능주면 광사리,19880423,,3,
4679035030,전라남도 화순군 능주면 백암리,19880423,,3,
4679035031,전라남도 화순군 능주면 만수리,19880423,,3,
4679035032,전라남도 화순군 능주면 원지리,19880423,,3,
4679036000,도곡면,19880423,,2,4679000000
4679036021,전라남도 화순군 도곡면 대곡리,19880423,,3,
4679036022,전라남도 화순군 도곡면 효산리,19880423,,3,
4679036023,전라남도 화순군 도곡면 월곡리,19880423,,3,
4679036024,전라남도 화순군 도곡면 쌍옥리,19880423,,3,
4679036025,전라남도 화순군 도곡면 평리,19880423,,3,
4679036026,전라남도 화순군 도곡면 덕곡리,19880423,,3,
4679036027,전라남도 화순군 도곡면 신성리,19880423,,3,
4679036028,전라남도 화순군 도곡면 천암리,19880423,,3,
4679036029,전라남도 화순군 도곡면 신덕리,19880423,,3,
4679036030,전라남도 화순군 도곡면 미곡리,19880423,,3,
4679036031,전라남도 화순군 도곡면 죽청리,19880423,,3,
4679036032,전라남도 화순군 도곡면 원화리,19880423,,3,
4679037000,도암면,19880423,,2,4679000000
4679037021,전라남도 화순군 도암면 운월리,19880423,,3,
4679037022,전라남도 화순군 도암면 도장리,19880423,,3,
4679037023,전라남도 화순군 도암면 벽지리,19880423,,3,
4679037024,전라남도 화순군 도암면 정천리,19880423,,3,
4679037025,전라남도 화순군 도암면 원천리,19880423,,3,
4679037026,전라남도 화순군 도암면 천태리,19880423,,3,
4679037027,전라남도 화순군 도암면 지월리,19880423,,3,
4679037028,전라남도 화순군 도암면 등광리,19880423,,3,
4679037029,전라남도 화순군 도암면 대초리,19880423,,3,
4679037030,전라남도 화순군 도암면 용강리,19880423,,3,
4679037031,전라남도 화순군 도암면 호암리,19880423,,3,
4679037032,전라남도 화순군 도암면 우치리,19880423,,3,
4679037033,전라남도 화순군 도암면 봉하리,19880423,,3,
4679037034,전라남도 화순군 도암면 왕정리,19880423,,3,
4679037035,전라남도 화순군 도암면 행산리,19880423,,3,
4679038000,이서면,19880423,,2,4679000000
4679038021,전라남도 화순군 이서면 서리,19880423,,3,
4679038022,전라남도 화순군 이서면 월산리,19880423,,3,
4679038023,전라남도 화순군 이서면 보산리,19880423,,3,
4679038024,전라남도 화순군 이서면 장학리,19880423,,3,
4679038025,전라남도 화순군 이서면 창랑리,19880423,,3,
4679038026,전라남도 화순군 이서면 도석리,19880423,,3,
4679038027,전라남도 화순군 이서면 야사리,19880423,,3,
4679038028,전라남도 화순군 이서면 보월리,19880423,,3,
4679038029,전라남도 화순군 이서면 인계리,19880423,,3,
4679038030,전라남도 화순군 이서면 영평리,19880423,,3,
4679038031,전라남도 화순군 이서면 안심리,19880423,,3,
4679038032,전라남도 화순군 이서면 갈두리,19880423,,3,
4679039500,백아면,20200101,,2,4679000000
4679039521,전라남도 화순군 백아면 임곡리,20200101,,3,
4679039522,전라남도 화순군 백아면 옥리,20200101,,3,
4679039523,전라남도 화순군 백아면 서유리,20200101,,3,
4679039524,전라남도 화순군 백아면 맹리,20200101,,3,
4679039525,전라남도 화순군 백아면 남치리,20200101,,3,
4679039526,전라남도 화순군 백아면 원리,20200101,,3,
4679039527,전라남도 화순군 백아면 송단리,20200101,,3,
4679039528,전라남도 화순군 백아면 방리,20200101,,3,
4679039529,전라남도 화순군 백아면 노기리,20200101,,3,
4679039530,전라남도 화순군 백아면 이천리,20200101,,3,
4679039531,전라남도 화순군 백아면 길성리,20200101,,3,
4679039532,전라남도 화순군 백아면 와천리,20200101,,3,
4679039533,전라남도 화순군 백아면 다곡리,20200101,,3,
4679039534,전라남도 화순군 백아면 수리,20200101,,3,
4679039535,전라남도 화순군 백아면 노치리,20200101,,3,
4679039536,전라남도 화순군 백아면 용곡리,20200101,,3,
4679040000,동복면,19880423,,2,4679000000
4679040021,전라남도 화순군 동복면 독상리,19880423,,3,
4679040022,전라남도 화순군 동복면 칠정리,19880423,,3,
4679040023,전라남도 화순군 동복면 천변리,19880423,,3,
4679040024,전라남도 화순군 동복면 유천리,19880423,,3,
4679040025,전라남도 화순군 동복면 신율리,19880423,,3,
4679040026,전라남도 화순군 동복면 가수리,19880423,,3,
4679040027,전라남도 화순군 동복면 안성리,19880423,,3,
4679040028,전라남도 화순군 동복면 연월리,19880423,,3,
4679040029,전라남도 화순군 동복면 읍애리,19880423,,3,
4679040030,전라남도 화순군 동복면 연둔리,19880423,,3,
4679040031,전라남도 화순군 동복면 구암리,19880423,,3,
4679040032,전라남도 화순군 동복면 한천리,19880423,,3,
4679041500,사평면,20200101,,2,4679000000
4679041521,전라남도 화순군 사평면 사평리,20200101,,3,
4679041522,전라남도 화순군 사평면 대곡리,20200101,,3,
4679041523,전라남도 화순군 사평면 검산리,20200101,,3,
4679041524,전라남도 화순군 사평면 운산리,20200101,,3,
4679041525,전라남도 화순군 사평면 원리,20200101,,3,
4679041526,전라남도 화순군 사평면 벽송리,20200101,,3,
4679041527,전라남도 화순군 사평면 장전리,20200101,,3,
4679041528,전라남도 화순군 사평면 절산리,20200101,,3,
4679041529,전라남도 화순군 사평면 사수리,20200101,,3,
4679041530,전라남도 화순군 사평면 주산리,20200101,,3,
4679041531,전라남도 화순군 사평면 복교리,20200101,,3,
4679041532,전라남도 화순군 사평면 남계리,20200101,,3,
4679041533,전라남도 화순군 사평면 유마리,20200101,,3,
4679041534,전라남도 화순군 사평면 다산리,20200101,,3,
4679041535,전라남도 화순군 사평면 용리,20200101,,3,
4679041536,전라남도 화순군 사평면 내리,20200101,,3,
4679042000,동면,19880423,,2,4679000000
4679042021,전라남도 화순군 동면 백용리,19880423,,3,
4679042022,전라남도 화순군 동면 언도리,19880423,,3,
4679042023,전라남도 화순군 동면 서성리,19880423,,3,
4679042024,전라남도 화순군 동면 국동리,19880423,,3,
4679042025,전라남도 화순군 동면 청궁리,19880423,,3,
4679042026,전라남도 화순군 동면 마산리,19880423,,3,
4679042027,전라남도 화순군 동면 무포리,19880423,,3,
4679042028,전라남도 화순군 동면 경치리,19880423,,3,
4679042029,전라남도 화순군 동면 복암리,19880423,,3,
4679042030,전라남도 화순군 동면 오동리,19880423,,3,
4679042031,전라남도 화순군 동면 천덕리,19880423,,3,
4679042032,전라남도 화순군 동면 장동리,19880423,,3,
4679042033,전라남도 화순군 동면 운농리,19880423,,3,
4679042034,전라남도 화순군 동면 옥호리,19880423,,3,
4679042035,전라남도 화순군 동면 대포리,19880423,,3,
4680000000,장흥군,19880423,,1,4600000000
4680025000,장흥읍,19880423,,2,4680000000
4680025021,전라남도 장흥군 장흥읍 동동리,19880423,,3,
4680025022,전라남도 장흥군 장흥읍 남동리,19880423,,3,
4680025023,전라남도 장흥군 장흥읍 기양리,19880423,,3,
4680025024,전라남도 장흥군 장흥읍 예양리,19880423,,3,
4680025025,전라남도 장흥군 장흥읍 남외리,19880423,,3,
4680025026,전라남도 장흥군 장흥읍 교촌리,19880423,,3,
4680025027,전라남도 장흥군 장흥읍 충열리,19880423,,3,
4680025028,전라남도 장흥군 장흥읍 순지리,19880423,,3,
4680025029,전라남도 장흥군 장흥읍 성불리,19880423,,3,
4680025030,전라남도 장흥군 장흥읍 사안리,19880423,,3,
4680025031,전라남도 장흥군 장흥읍 영전리,19880423,,3,
4680025032,전라남도 장흥군 장흥읍 송암리,19880423,,3,
4680025033,전라남도 장흥군 장흥읍 평장리,19880423,,3,
4680025034,전라남도 장흥군 장흥읍 덕제리,19880423,,3,
4680025035,전라남도 장흥군 장흥읍 평화리,19880423,,3,
4680025037,전라남도 장흥군 장흥읍 건산리,19880423,,3,
4680025038,전라남도 장흥군 장흥읍 향양리,19880423,,3,
4680025039,전라남도 장흥군 장흥읍 삼산리,19880423,,3,
4680025040,전라남도 장흥군 장흥읍 금산리,19880423,,3,
4680025041,전라남도 장흥군 장흥읍 해당리,19880423,,3,
4680025042,전라남도 장흥군 장흥읍 상리,19880423,,3,
4680025043,전라남도 장흥군 장흥읍 축내리,19880423,,3,
4680025044,전라남도 장흥군 장흥읍 관덕리,19880423,,3,
4680025045,전라남도 장흥군 장흥읍 원도리,19880423,,3,
4680025046,전라남도 장흥군 장흥읍 행원리,19880423,,3,
4680025047,전라남도 장흥군 장흥읍 연산리,19880423,,3,
4680025048,전라남도 장흥군 장흥읍 우산리,20070105,,3,
4680025300,관산읍,19880423,,2,4680000000
4680025321,전라남도 장흥군 관산읍 남송리,19880423,,3,
4680025322,전라남도 장흥군 관산읍 성산리,19880423,,3,
4680025323,전라남도 장흥군 관산읍 부평리,19880423,,3,
4680025324,전라남도 장흥군 관산읍 농안리,19880423,,3,
4680025325,전라남도 장흥군 관산읍 용전리,19880423,,3,
4680025326,전라남도 장흥군 관산읍 옥당리,19880423,,3,
4680025327,전라남도 장흥군 관산읍 죽교리,19880423,,3,
4680025328,전라남도 장흥군 관산읍 방촌리,19880423,,3,
4680025329,전라남도 장흥군 관산읍 송촌리,19880423,,3,
4680025330,전라남도 장흥군 관산읍 지정리,19880423,,3,
4680025331,전라남도 장흥군 관산읍 신동리,19880423,,3,
4680025332,전라남도 장흥군 관산읍 삼산리,19880423,,3,
4680025333,전라남도 장흥군 관산읍 외동리,19880423,,3,
4680025334,전라남도 장흥군 관산읍 하발리,19880423,,3,
4680025335,전라남도 장흥군 관산읍 죽청리,19880423,,3,
4680025336,전라남도 장흥군 관산읍 고마리,19880423,,3,
4680025600,대덕읍,19880423,,2,4680000000
4680025621,전라남도 장흥군 대덕읍 연지리,19880423,,3,
4680025622,전라남도 장흥군 대덕읍 연정리,19880423,,3,
4680025623,전라남도 장흥군 대덕읍 신월리,19880423,,3,
4680025624,전라남도 장흥군 대덕읍 도청리,19880423,,3,
4680025625,전라남도 장흥군 대덕읍 잠두리,19880423,,3,
4680025626,전라남도 장흥군 대덕읍 신리,19880423,,3,
4680025627,전라남도 장흥군 대덕읍 분토리,19880423,,3,
4680025628,전라남도 장흥군 대덕읍 옹암리,19880423,,3,
4680025629,전라남도 장흥군 대덕읍 가학리,19880423,,3,
4680031000,용산면,19880423,,2,4680000000
4680031021,전라남도 장흥군 용산면 어산리,19880423,,3,
4680031022,전라남도 장흥군 용산면 운주리,19880423,,3,
4680031023,전라남도 장흥군 용산면 접정리,19880423,,3,
4680031024,전라남도 장흥군 용산면 월송리,19880423,,3,
4680031025,전라남도 장흥군 용산면 녹원리,19880423,,3,
4680031026,전라남도 장흥군 용산면 관지리,19880423,,3,
4680031027,전라남도 장흥군 용산면 상금리,19880423,,3,
4680031029,전라남도 장흥군 용산면 인암리,19880423,,3,
4680031030,전라남도 장흥군 용산면 모산리,19880423,,3,
4680031031,전라남도 장흥군 용산면 계산리,19880423,,3,
4680031032,전라남도 장흥군 용산면 덕암리,19880423,,3,
4680031033,전라남도 장흥군 용산면 풍길리,19880423,,3,
4680031034,전라남도 장흥군 용산면 상발리,19880423,,3,
4680031035,전라남도 장흥군 용산면 금곡리,20070105,,3,
4680032000,안양면,19880423,,2,4680000000
4680032021,전라남도 장흥군 안양면 기산리,19880423,,3,
4680032022,전라남도 장흥군 안양면 비동리,19880423,,3,
4680032023,전라남도 장흥군 안양면 당암리,19880423,,3,
4680032024,전라남도 장흥군 안양면 운흥리,19880423,,3,
4680032025,전라남도 장흥군 안양면 수양리,19880423,,3,
4680032026,전라남도 장흥군 안양면 모령리,19880423,,3,
4680032027,전라남도 장흥군 안양면 지천리,19880423,,3,
4680032028,전라남도 장흥군 안양면 학송리,19880423,,3,
4680032029,전라남도 장흥군 안양면 신촌리,19880423,,3,
4680032030,전라남도 장흥군 안양면 수락리,19880423,,3,
4680032031,전라남도 장흥군 안양면 수문리,19880423,,3,
4680032032,전라남도 장흥군 안양면 사촌리,19880423,,3,
4680032033,전라남도 장흥군 안양면 해창리,19880423,,3,
4680033000,장동면,19880423,,2,4680000000
4680033021,전라남도 장흥군 장동면 봉동리,19880423,,3,
4680033022,전라남도 장흥군 장동면 조양리,19880423,,3,
4680033023,전라남도 장흥군 장동면 배산리,19880423,,3,
4680033024,전라남도 장흥군 장동면 반산리,19880423,,3,
4680033025,전라남도 장흥군 장동면 북교리,19880423,,3,
4680033026,전라남도 장흥군 장동면 만년리,19880423,,3,
4680033027,전라남도 장흥군 장동면 하산리,19880423,,3,
4680033028,전라남도 장흥군 장동면 용곡리,19880423,,3,
4680034000,장평면,19880423,,2,4680000000
4680034021,전라남도 장흥군 장평면 용강리,19880423,,3,
4680034022,전라남도 장흥군 장평면 등촌리,19880423,,3,
4680034023,전라남도 장흥군 장평면 양촌리,19880423,,3,
4680034024,전라남도 장흥군 장평면 축내리,19880423,,3,
4680034025,전라남도 장흥군 장평면 제산리,19880423,,3,
4680034026,전라남도 장흥군 장평면 봉림리,19880423,,3,
4680034027,전라남도 장흥군 장평면 우산리,19880423,,3,
4680034028,전라남도 장흥군 장평면 병동리,19880423,,3,
4680034029,전라남도 장흥군 장평면 청용리,19880423,,3,
4680034030,전라남도 장흥군 장평면 기동리,19880423,,3,
4680034031,전라남도 장흥군 장평면 선정리,19880423,,3,
4680034032,전라남도 장흥군 장평면 녹양리,19880423,,3,
4680034033,전라남도 장흥군 장평면 임리,19880423,,3,
4680034034,전라남도 장흥군 장평면 내동리,19880423,,3,
4680034035,전라남도 장흥군 장평면 어곡리,19880423,,3,
4680034036,전라남도 장흥군 장평면 복흥리,19880423,,3,
4680034037,전라남도 장흥군 장평면 진산리,19880423,,3,
4680034038,전라남도 장흥군 장평면 두봉리,19880423,,3,
4680034039,전라남도 장흥군 장평면 광평리,19880423,,3,
4680035000,유치면,19880423,,2,4680000000
4680035021,전라남도 장흥군 유치면 대리,19880423,,3,
4680035022,전라남도 장흥군 유치면 오복리,19880423,,3,
4680035023,전라남도 장흥군 유치면 신월리,19880423,,3,
4680035024,전라남도 장흥군 유치면 단산리,19880423,,3,
4680035025,전라남도 장흥군 유치면 늑용리,19880423,,3,
4680035026,전라남도 장흥군 유치면 송정리,19880423,,3,
4680035027,전라남도 장흥군 유치면 신풍리,19880423,,3,
4680035028,전라남도 장흥군 유치면 조양리,19880423,,3,
4680035029,전라남도 장흥군 유치면 반월리,19880423,,3,
4680035030,전라남도 장흥군 유치면 관동리,19880423,,3,
4680035031,전라남도 장흥군 유치면 용문리,19880423,,3,
4680035032,전라남도 장흥군 유치면 봉덕리,19880423,,3,
4680035033,전라남도 장흥군 유치면 대천리,19880423,,3,
4680035034,전라남도 장흥군 유치면 운월리,19880423,,3,
4680035035,전라남도 장흥군 유치면 덕산리,19880423,,3,
4680035036,전라남도 장흥군 유치면 원등리,20020226,,3,
4680036000,부산면,19880423,,2,4680000000
4680036021,전라남도 장흥군 부산면 내안리,19880423,,3,
4680036022,전라남도 장흥군 부산면 구룡리,19880423,,3,
4680036023,전라남도 장흥군 부산면 유량리,19880423,,3,
4680036024,전라남도 장흥군 부산면 지천리,19880423,,3,
4680036025,전라남도 장흥군 부산면 용반리,19880423,,3,
4680036026,전라남도 장흥군 부산면 금자리,19880423,,3,
4680036027,전라남도 장흥군 부산면 호계리,19880423,,3,
4680036028,전라남도 장흥군 부산면 기동리,19880423,,3,
4680036029,전라남도 장흥군 부산면 부춘리,19880423,,3,
4680037000,회진면,19880423,,2,4680000000
4680037021,전라남도 장흥군 회진면 진목리,19880423,,3,
4680037022,전라남도 장흥군 회진면 회진리,19880423,,3,
4680037023,전라남도 장흥군 회진면 덕산리,19880423,,3,
4680037024,전라남도 장흥군 회진면 신상리,19880423,,3,
4680037025,전라남도 장흥군 회진면 대리,19880423,,3,
4681000000,강진군,19880423,,1,4600000000
4681025000,강진읍,19880423,,2,4681000000
4681025021,전라남도 강진군 강진읍 동성리,19880423,,3,
4681025022,전라남도 강진군 강진읍 남성리,19880423,,3,
4681025023,전라남도 강진군 강진읍 서성리,19880423,,3,
4681025024,전라남도 강진군 강진읍 교촌리,19880423,,3,
4681025025,전라남도 강진군 강진읍 목리,19880423,,3,
4681025026,전라남도 강진군 강진읍 평동리,19880423,,3,
4681025027,전라남도 강진군 강진읍 남포리,19880423,,3,
4681025028,전라남도 강진군 강진읍 학명리,19880423,,3,
4681025029,전라남도 강진군 강진읍 영파리,19880423,,3,
4681025030,전라남도 강진군 강진읍 임천리,19880423,,3,
4681025031,전라남도 강진군 강진읍 덕남리,19880423,,3,
4681025032,전라남도 강진군 강진읍 송전리,19880423,,3,
4681025033,전라남도 강진군 강진읍 송덕리,19880423,,3,
4681025034,전라남도 강진군 강진읍 춘전리,19880423,,3,
4681025035,전라남도 강진군 강진읍 서산리,19880423,,3,
4681031000,군동면,19880423,,2,4681000000
4681031021,전라남도 강진군 군동면 파산리,19880423,,3,
4681031022,전라남도 강진군 군동면 호계리,19880423,,3,
4681031023,전라남도 강진군 군동면 라천리,19880423,,3,
4681031024,전라남도 강진군 군동면 금강리,19880423,,3,
4681031025,전라남도 강진군 군동면 화산리,19880423,,3,
4681031026,전라남도 강진군 군동면 용소리,19880423,,3,
4681031027,전라남도 강진군 군동면 풍동리,19880423,,3,
4681031028,전라남도 강진군 군동면 장산리,19880423,,3,
4681031029,전라남도 강진군 군동면 덕천리,19880423,,3,
4681031030,전라남도 강진군 군동면 석교리,19880423,,3,
4681031031,전라남도 강진군 군동면 쌍덕리,19880423,,3,
4681031032,전라남도 강진군 군동면 금사리,19880423,,3,
4681031033,전라남도 강진군 군동면 삼신리,19880423,,3,
4681032000,칠량면,19880423,,2,4681000000
4681032021,전라남도 강진군 칠량면 송로리,19880423,,3,
4681032022,전라남도 강진군 칠량면 동백리,19880423,,3,
4681032023,전라남도 강진군 칠량면 영동리,19880423,,3,
4681032024,전라남도 강진군 칠량면 현평리,19880423,,3,
4681032025,전라남도 강진군 칠량면 봉황리,19880423,,3,
4681032026,전라남도 강진군 칠량면 영복리,19880423,,3,
4681032027,전라남도 강진군 칠량면 송정리,19880423,,3,
4681032028,전라남도 강진군 칠량면 삼흥리,19880423,,3,
4681032029,전라남도 강진군 칠량면 단월리,19880423,,3,
4681032030,전라남도 강진군 칠량면 명주리,19880423,,3,
4681032031,전라남도 강진군 칠량면 흥학리,19880423,,3,
4681032032,전라남도 강진군 칠량면 장계리,19880423,,3,
4681033000,대구면,19880423,,2,4681000000
4681033021,전라남도 강진군 대구면 수동리,19880423,,3,
4681033022,전라남도 강진군 대구면 사당리,19880423,,3,
4681033023,전라남도 강진군 대구면 용운리,19880423,,3,
4681033024,전라남도 강진군 대구면 계율리,19880423,,3,
4681033029,전라남도 강진군 대구면 구수리,19880423,,3,
4681033030,전라남도 강진군 대구면 저두리,19880423,,3,
4681034000,도암면,19880423,,2,4681000000
4681034021,전라남도 강진군 도암면 덕서리,19880423,,3,
4681034022,전라남도 강진군 도암면 계라리,19880423,,3,
4681034023,전라남도 강진군 도암면 지석리,19880423,,3,
4681034024,전라남도 강진군 도암면 강정리,19880423,,3,
4681034025,전라남도 강진군 도암면 덕년리,19880423,,3,
4681034026,전라남도 강진군 도암면 만덕리,19880423,,3,
4681034027,전라남도 강진군 도암면 학장리,19880423,,3,
4681034028,전라남도 강진군 도암면 신기리,19880423,,3,
4681034029,전라남도 강진군 도암면 용흥리,19880423,,3,
4681034030,전라남도 강진군 도암면 항촌리,19880423,,3,
4681034031,전라남도 강진군 도암면 석문리,19910602,,3,
4681034032,전라남도 강진군 도암면 봉황리,19910602,,3,
4681035000,신전면,19880423,,2,4681000000
4681035021,전라남도 강진군 신전면 수양리,19880423,,3,
4681035022,전라남도 강진군 신전면 용월리,19880423,,3,
4681035023,전라남도 강진군 신전면 벌정리,19880423,,3,
4681035024,전라남도 강진군 신전면 사초리,19880423,,3,
4681035025,전라남도 강진군 신전면 송천리,19880423,,3,
4681035026,전라남도 강진군 신전면 용화리,19880423,,3,
4681035027,전라남도 강진군 신전면 영관리,19880423,,3,
4681036000,성전면,19880423,,2,4681000000
4681036021,전라남도 강진군 성전면 월남리,19880423,,3,
4681036022,전라남도 강진군 성전면 월하리,19880423,,3,
4681036023,전라남도 강진군 성전면 송월리,19880423,,3,
4681036024,전라남도 강진군 성전면 월평리,19880423,,3,
4681036025,전라남도 강진군 성전면 영풍리,19880423,,3,
4681036026,전라남도 강진군 성전면 명산리,19880423,,3,
4681036027,전라남도 강진군 성전면 수양리,19880423,,3,
4681036028,전라남도 강진군 성전면 성전리,19880423,,3,
4681036029,전라남도 강진군 성전면 도림리,19880423,,3,
4681036030,전라남도 강진군 성전면 금당리,19880423,,3,
4681036031,전라남도 강진군 성전면 송학리,19880423,,3,
4681037000,작천면,19880423,,2,4681000000
4681037021,전라남도 강진군 작천면 군자리,19880423,,3,
4681037022,전라남도 강진군 작천면 용상리,19880423,,3,
4681037023,전라남도 강진군 작천면 삼열리,19880423,,3,
4681037024,전라남도 강진군 작천면 내기리,19880423,,3,
4681037025,전라남도 강진군 작천면 토마리,19880423,,3,
4681037026,전라남도 강진군 작천면 이남리,19880423,,3,
4681037027,전라남도 강진군 작천면 야흥리,19880423,,3,
4681037028,전라남도 강진군 작천면 삼당리,19880423,,3,
4681037029,전라남도 강진군 작천면 평기리,19880423,,3,
4681037030,전라남도 강진군 작천면 현산리,19880423,,3,
4681037031,전라남도 강진군 작천면 갈동리,19880423,,3,
4681037032,전라남도 강진군 작천면 평리,19880423,,3,
4681038000,병영면,19880423,,2,4681000000
4681038021,전라남도 강진군 병영면 상낙리,19880423,,3,
4681038022,전라남도 강진군 병영면 지로리,19880423,,3,
4681038023,전라남도 강진군 병영면 박동리,19880423,,3,
4681038024,전라남도 강진군 병영면 성동리,19880423,,3,
4681038025,전라남도 강진군 병영면 삼인리,19880423,,3,
4681038026,전라남도 강진군 병영면 성남리,19880423,,3,
4681038027,전라남도 강진군 병영면 한학리,19880423,,3,
4681038028,전라남도 강진군 병영면 상고리,19880423,,3,
4681038029,전라남도 강진군 병영면 중고리,19880423,,3,
4681038030,전라남도 강진군 병영면 하고리,19880423,,3,
4681038031,전라남도 강진군 병영면 도룡리,19880423,,3,
4681038032,전라남도 강진군 병영면 삭양리,19880423,,3,
4681039000,옴천면,19880423,,2,4681000000
4681039021,전라남도 강진군 옴천면 봉림리,19880423,,3,
4681039022,전라남도 강진군 옴천면 황막리,19880423,,3,
4681039023,전라남도 강진군 옴천면 영산리,19880423,,3,
4681039024,전라남도 강진군 옴천면 월곡리,19880423,,3,
4681039025,전라남도 강진군 옴천면 기좌리,19880423,,3,
4681039026,전라남도 강진군 옴천면 개산리,19880423,,3,
4681039027,전라남도 강진군 옴천면 정정리,19880423,,3,
4681040000,마량면,19890401,,2,4681000000
4681040021,전라남도 강진군 마량면 영동리,19890401,,3,
4681040022,전라남도 강진군 마량면 상흥리,19890401,,3,
4681040023,전라남도 강진군 마량면 원포리,19890401,,3,
4681040024,전라남도 강진군 마량면 마량리,19890401,,3,
4681040025,전라남도 강진군 마량면 수인리,19891209,,3,
4682000000,해남군,19880423,,1,4600000000
4682025000,해남읍,19880423,,2,4682000000
4682025021,전라남도 해남군 해남읍 해리,19880423,,3,
4682025022,전라남도 해남군 해남읍 평동리,19880423,,3,
4682025023,전라남도 해남군 해남읍 읍내리,19880423,,3,
4682025024,전라남도 해남군 해남읍 고도리,19880423,,3,
4682025025,전라남도 해남군 해남읍 남외리,19880423,,3,
4682025026,전라남도 해남군 해남읍 성내리,19880423,,3,
4682025027,전라남도 해남군 해남읍 수성리,19880423,,3,
4682025028,전라남도 해남군 해남읍 신안리,19880423,,3,
4682025029,전라남도 해남군 해남읍 연동리,19880423,,3,
4682025030,전라남도 해남군 해남읍 안동리,19880423,,3,
4682025031,전라남도 해남군 해남읍 백야리,19880423,,3,
4682025032,전라남도 해남군 해남읍 내사리,19880423,,3,
4682025033,전라남도 해남군 해남읍 남동리,19880423,,3,
4682025034,전라남도 해남군 해남읍 남천리,19880423,,3,
4682025035,전라남도 해남군 해남읍 용정리,19880423,,3,
4682025036,전라남도 해남군 해남읍 구교리,19880423,,3,
4682025037,전라남도 해남군 해남읍 복평리,19880423,,3,
4682025038,전라남도 해남군 해남읍 부호리,19880423,,3,
4682031000,삼산면,19880423,,2,4682000000
4682031021,전라남도 해남군 삼산면 신흥리,19880423,,3,
4682031022,전라남도 해남군 삼산면 창리,19880423,,3,
4682031023,전라남도 해남군 삼산면 송정리,19880423,,3,
4682031024,전라남도 해남군 삼산면 봉학리,19880423,,3,
4682031025,전라남도 해남군 삼산면 원진리,19880423,,3,
4682031026,전라남도 해남군 삼산면 충리,19880423,,3,
4682031027,전라남도 해남군 삼산면 구림리,19880423,,3,
4682031028,전라남도 해남군 삼산면 평활리,19880423,,3,
4682031029,전라남도 해남군 삼산면 상가리,19880423,,3,
4682032000,화산면,19880423,,2,4682000000
4682032021,전라남도 해남군 화산면 해창리,19880423,,3,
4682032022,전라남도 해남군 화산면 금풍리,19880423,,3,
4682032023,전라남도 해남군 화산면 연곡리,19880423,,3,
4682032024,전라남도 해남군 화산면 율동리,19880423,,3,
4682032025,전라남도 해남군 화산면 가좌리,19880423,,3,
4682032026,전라남도 해남군 화산면 관동리,19880423,,3,
4682032027,전라남도 해남군 화산면 월호리,19880423,,3,
4682032028,전라남도 해남군 화산면 연정리,19880423,,3,
4682032029,전라남도 해남군 화산면 방축리,19880423,,3,
4682032030,전라남도 해남군 화산면 부길리,19880423,,3,
4682032031,전라남도 해남군 화산면 송산리,19880423,,3,
4682032032,전라남도 해남군 화산면 석호리,19880423,,3,
4682032033,전라남도 해남군 화산면 안호리,19880423,,3,
4682032034,전라남도 해남군 화산면 평호리,19880423,,3,
4682032035,전라남도 해남군 화산면 삼마리,19880423,,3,
4682033000,현산면,19880423,,2,4682000000
4682033021,전라남도 해남군 현산면 만안리,19880423,,3,
4682033022,전라남도 해남군 현산면 구시리,19880423,,3,
4682033023,전라남도 해남군 현산면 고현리,19880423,,3,
4682033024,전라남도 해남군 현산면 덕흥리,19880423,,3,
4682033025,전라남도 해남군 현산면 일평리,19880423,,3,
4682033026,전라남도 해남군 현산면 읍호리,19880423,,3,
4682033027,전라남도 해남군 현산면 백포리,19880423,,3,
4682033028,전라남도 해남군 현산면 초호리,19880423,,3,
4682033029,전라남도 해남군 현산면 황산리,19880423,,3,
4682033030,전라남도 해남군 현산면 구산리,19880423,,3,
4682033031,전라남도 해남군 현산면 조산리,19880423,,3,
4682033032,전라남도 해남군 현산면 월송리,19880423,,3,
4682034000,송지면,19880423,,2,4682000000
4682034021,전라남도 해남군 송지면 금강리,19880423,,3,
4682034022,전라남도 해남군 송지면 군곡리,19880423,,3,
4682034023,전라남도 해남군 송지면 가차리,19880423,,3,
4682034024,전라남도 해남군 송지면 학가리,19880423,,3,
4682034025,전라남도 해남군 송지면 우근리,19880423,,3,
4682034026,전라남도 해남군 송지면 미야리,19880423,,3,
4682034027,전라남도 해남군 송지면 산정리,19880423,,3,
4682034028,전라남도 해남군 송지면 어란리,19880423,,3,
4682034029,전라남도 해남군 송지면 소죽리,19880423,,3,
4682034030,전라남도 해남군 송지면 송호리,19880423,,3,
4682034031,전라남도 해남군 송지면 통호리,19880423,,3,
4682034032,전라남도 해남군 송지면 마봉리,19880423,,3,
4682034033,전라남도 해남군 송지면 해원리,19880423,,3,
4682034034,전라남도 해남군 송지면 서정리,19880423,,3,
4682035000,북평면,19880423,,2,4682000000
4682035021,전라남도 해남군 북평면 남창리,19880423,,3,
4682035022,전라남도 해남군 북평면 이진리,19880423,,3,
4682035023,전라남도 해남군 북평면 서홍리,19880423,,3,
4682035024,전라남도 해남군 북평면 평암리,19880423,,3,
4682035025,전라남도 해남군 북평면 영전리,19880423,,3,
4682035026,전라남도 해남군 북평면 오산리,19880423,,3,
4682035027,전라남도 해남군 북평면 동해리,19880423,,3,
4682035028,전라남도 해남군 북평면 와룡리,19880423,,3,
4682036000,북일면,19880423,,2,4682000000
4682036021,전라남도 해남군 북일면 만수리,19880423,,3,
4682036022,전라남도 해남군 북일면 금당리,19880423,,3,
4682036023,전라남도 해남군 북일면 신월리,19880423,,3,
4682036024,전라남도 해남군 북일면 흥촌리,19880423,,3,
4682036025,전라남도 해남군 북일면 운전리,19880423,,3,
4682036026,전라남도 해남군 북일면 용일리,19880423,,3,
4682036027,전라남도 해남군 북일면 방산리,19880423,,3,
4682036028,전라남도 해남군 북일면 내동리,19880423,,3,
4682037000,옥천면,19880423,,2,4682000000
4682037021,전라남도 해남군 옥천면 영춘리,19880423,,3,
4682037022,전라남도 해남군 옥천면 영신리,19880423,,3,
4682037023,전라남도 해남군 옥천면 신계리,19880423,,3,
4682037024,전라남도 해남군 옥천면 신죽리,19880423,,3,
4682037025,전라남도 해남군 옥천면 팔산리,19880423,,3,
4682037026,전라남도 해남군 옥천면 월평리,19880423,,3,
4682037027,전라남도 해남군 옥천면 용산리,19880423,,3,
4682037028,전라남도 해남군 옥천면 성산리,19880423,,3,
4682037029,전라남도 해남군 옥천면 흑천리,19880423,,3,
4682037030,전라남도 해남군 옥천면 청신리,19880423,,3,
4682037031,전라남도 해남군 옥천면 대산리,19880423,,3,
4682037032,전라남도 해남군 옥천면 백호리,19880423,,3,
4682037033,전라남도 해남군 옥천면 송산리,19880423,,3,
4682037034,전라남도 해남군 옥천면 용동리,19880423,,3,
4682038000,계곡면,19880423,,2,4682000000
4682038021,전라남도 해남군 계곡면 성진리,19880423,,3,
4682038022,전라남도 해남군 계곡면 법곡리,19880423,,3,
4682038023,전라남도 해남군 계곡면 강절리,19880423,,3,
4682038024,전라남도 해남군 계곡면 당산리,19880423,,3,
4682038025,전라남도 해남군 계곡면 장소리,19880423,,3,
4682038026,전라남도 해남군 계곡면 선진리,19880423,,3,
4682038027,전라남도 해남군 계곡면 반계리,19880423,,3,
4682038028,전라남도 해남군 계곡면 방춘리,19880423,,3,
4682038029,전라남도 해남군 계곡면 덕정리,19880423,,3,
4682038030,전라남도 해남군 계곡면 여수리,19880423,,3,
4682038031,전라남도 해남군 계곡면 사정리,19880423,,3,
4682038032,전라남도 해남군 계곡면 가학리,19880423,,3,
4682038033,전라남도 해남군 계곡면 잠두리,19880423,,3,
4682038034,전라남도 해남군 계곡면 신평리,19880423,,3,
4682038035,전라남도 해남군 계곡면 황죽리,19880423,,3,
4682039000,마산면,19880423,,2,4682000000
4682039021,전라남도 해남군 마산면 화내리,19880423,,3,
4682039022,전라남도 해남군 마산면 장촌리,19880423,,3,
4682039023,전라남도 해남군 마산면 맹진리,19880423,,3,
4682039024,전라남도 해남군 마산면 송석리,19880423,,3,
4682039025,전라남도 해남군 마산면 외호리,19880423,,3,
4682039026,전라남도 해남군 마산면 산막리,19880423,,3,
4682039027,전라남도 해남군 마산면 노하리,19880423,,3,
4682039028,전라남도 해남군 마산면 연구리,19880423,,3,
4682039029,전라남도 해남군 마산면 학의리,19880423,,3,
4682039030,전라남도 해남군 마산면 용전리,19880423,,3,
4682039031,전라남도 해남군 마산면 상등리,19880423,,3,
4682040000,황산면,19880423,,2,4682000000
4682040021,전라남도 해남군 황산면 일신리,19880423,,3,
4682040022,전라남도 해남군 황산면 원호리,19880423,,3,
4682040023,전라남도 해남군 황산면 연호리,19880423,,3,
4682040024,전라남도 해남군 황산면 송호리,19880423,,3,
4682040025,전라남도 해남군 황산면 우항리,19880423,,3,
4682040026,전라남도 해남군 황산면 호동리,19880423,,3,
4682040027,전라남도 해남군 황산면 한자리,19880423,,3,
4682040028,전라남도 해남군 황산면 남리리,19880423,,3,
4682040029,전라남도 해남군 황산면 연당리,19880423,,3,
4682040030,전라남도 해남군 황산면 외입리,19880423,,3,
4682040031,전라남도 해남군 황산면 부곡리,19880423,,3,
4682040032,전라남도 해남군 황산면 관춘리,19880423,,3,
4682040033,전라남도 해남군 황산면 옥동리,19880423,,3,
4682041000,산이면,19880423,,2,4682000000
4682041021,전라남도 해남군 산이면 노송리,19880423,,3,
4682041022,전라남도 해남군 산이면 금송리,19880423,,3,
4682041023,전라남도 해남군 산이면 덕호리,19880423,,3,
4682041024,전라남도 해남군 산이면 예정리,19880423,,3,
4682041025,전라남도 해남군 산이면 송천리,19880423,,3,
4682041026,전라남도 해남군 산이면 초송리,19880423,,3,
4682041027,전라남도 해남군 산이면 진산리,19880423,,3,
4682041028,전라남도 해남군 산이면 대진리,19880423,,3,
4682041029,전라남도 해남군 산이면 덕송리,19880423,,3,
4682041030,전라남도 해남군 산이면 구성리,19880423,,3,
4682041031,전라남도 해남군 산이면 상공리,19880423,,3,
4682041032,전라남도 해남군 산이면 부동리,19880423,,3,
4682041033,전라남도 해남군 산이면 금호리,19880423,,3,
4682042000,문내면,19880423,,2,4682000000
4682042021,전라남도 해남군 문내면 용암리,19880423,,3,
4682042022,전라남도 해남군 문내면 석교리,19880423,,3,
4682042023,전라남도 해남군 문내면 동외리,19880423,,3,
4682042024,전라남도 해남군 문내면 선두리,19880423,,3,
4682042025,전라남도 해남군 문내면 학동리,19880423,,3,
4682042026,전라남도 해남군 문내면 서상리,19880423,,3,
4682042027,전라남도 해남군 문내면 예락리,19880423,,3,
4682042028,전라남도 해남군 문내면 난대리,19880423,,3,
4682042029,전라남도 해남군 문내면 충평리,19880423,,3,
4682042030,전라남도 해남군 문내면 무고리,19880423,,3,
4682042031,전라남도 해남군 문내면 고당리,19880423,,3,
4682042032,전라남도 해남군 문내면 고평리,19880423,,3,
4682043000,화원면,19880423,,2,4682000000
4682043021,전라남도 해남군 화원면 청용리,19880423,,3,
4682043022,전라남도 해남군 화원면 금평리,19880423,,3,
4682043023,전라남도 해남군 화원면 신덕리,19880423,,3,
4682043024,전라남도 해남군 화원면 영호리,19880423,,3,
4682043025,전라남도 해남군 화원면 마산리,19880423,,3,
4682043026,전라남도 해남군 화원면 구림리,19880423,,3,
4682043027,전라남도 해남군 화원면 월호리,19880423,,3,
4682043028,전라남도 해남군 화원면 매월리,19880423,,3,
4682043029,전라남도 해남군 화원면 후산리,19880423,,3,
4682043030,전라남도 해남군 화원면 인지리,19880423,,3,
4682043031,전라남도 해남군 화원면 주광리,19880423,,3,
4682043032,전라남도 해남군 화원면 화봉리,19880423,,3,
4682043033,전라남도 해남군 화원면 산호리,19880423,,3,
4682043034,전라남도 해남군 화원면 장춘리,19880423,,3,
4682043035,전라남도 해남군 화원면 성산리,19880423,,3,
4682043036,전라남도 해남군 화원면 치하리,19880423,,3,
4683000000,영암군,19880423,,1,4600000000
4683025000,영암읍,19880423,,2,4683000000
4683025021,전라남도 영암군 영암읍 회문리,19880423,,3,
4683025022,전라남도 영암군 영암읍 교동리,19880423,,3,
4683025023,전라남도 영암군 영암읍 서남리,19880423,,3,
4683025024,전라남도 영암군 영암읍 동무리,19880423,,3,
4683025025,전라남도 영암군 영암읍 남풍리,19880423,,3,
4683025026,전라남도 영암군 영암읍 역리,19880423,,3,
4683025027,전라남도 영암군 영암읍 춘양리,19880423,,3,
4683025028,전라남도 영암군 영암읍 용흥리,19880423,,3,
4683025029,전라남도 영암군 영암읍 개신리,19880423,,3,
4683025030,전라남도 영암군 영암읍 망호리,19880423,,3,
4683025031,전라남도 영암군 영암읍 송평리,19880423,,3,
4683025032,전라남도 영암군 영암읍 대신리,19880423,,3,
4683025033,전라남도 영암군 영암읍 장암리,19880423,,3,
4683025034,전라남도 영암군 영암읍 농덕리,19880423,,3,
4683025035,전라남도 영암군 영암읍 학송리,19880423,,3,
4683025036,전라남도 영암군 영암읍 한대리,19880423,,3,
4683025300,삼호읍,20030501,,2,4683000000
4683025321,전라남도 영암군 삼호읍 서창리,20030501,,3,
4683025322,전라남도 영암군 삼호읍 망산리,20030501,,3,
4683025323,전라남도 영암군 삼호읍 서호리,20030501,,3,
4683025324,전라남도 영암군 삼호읍 동호리,20030501,,3,
4683025325,전라남도 영암군 삼호읍 산호리,20030501,,3,
4683025326,전라남도 영암군 삼호읍 용앙리,20030501,,3,
4683025327,전라남도 영암군 삼호읍 난전리,20030501,,3,
4683025328,전라남도 영암군 삼호읍 삼포리,20030501,,3,
4683025329,전라남도 영암군 삼호읍 용당리,20030501,,3,
4683025330,전라남도 영암군 삼호읍 나불리,20030501,,3,
4683031000,덕진면,19880423,,2,4683000000
4683031021,전라남도 영암군 덕진면 노송리,19880423,,3,
4683031022,전라남도 영암군 덕진면 운암리,19880423,,3,
4683031023,전라남도 영암군 덕진면 영보리,19880423,,3,
4683031024,전라남도 영암군 덕진면 백계리,19880423,,3,
4683031025,전라남도 영암군 덕진면 영등리,19880423,,3,
4683031026,전라남도 영암군 덕진면 용산리,19880423,,3,
4683031027,전라남도 영암군 덕진면 덕진리,19880423,,3,
4683031028,전라남도 영암군 덕진면 금강리,19880423,,3,
4683031029,전라남도 영암군 덕진면 장선리,19880423,,3,
4683032000,금정면,19880423,,2,4683000000
4683032021,전라남도 영암군 금정면 연보리,19880423,,3,
4683032022,전라남도 영암군 금정면 아천리,19880423,,3,
4683032023,전라남도 영암군 금정면 월평리,19880423,,3,
4683032024,전라남도 영암군 금정면 용흥리,19880423,,3,
4683032025,전라남도 영암군 금정면 남송리,19880423,,3,
4683032026,전라남도 영암군 금정면 안노리,19880423,,3,
4683032027,전라남도 영암군 금정면 와운리,19880423,,3,
4683032028,전라남도 영암군 금정면 연소리,19880423,,3,
4683032029,전라남도 영암군 금정면 청용리,19880423,,3,
4683032030,전라남도 영암군 금정면 쌍효리,19880423,,3,
4683032031,전라남도 영암군 금정면 세류리,19880423,,3,
4683033000,신북면,19880423,,2,4683000000
4683033021,전라남도 영암군 신북면 모산리,19880423,,3,
4683033022,전라남도 영암군 신북면 금수리,19880423,,3,
4683033023,전라남도 영암군 신북면 유곡리,19880423,,3,
4683033024,전라남도 영암군 신북면 갈곡리,19880423,,3,
4683033025,전라남도 영암군 신북면 학동리,19880423,,3,
4683033026,전라남도 영암군 신북면 양계리,19880423,,3,
4683033027,전라남도 영암군 신북면 장산리,19880423,,3,
4683033028,전라남도 영암군 신북면 명동리,19880423,,3,
4683033029,전라남도 영암군 신북면 이천리,19880423,,3,
4683033030,전라남도 영암군 신북면 월평리,19880423,,3,
4683033031,전라남도 영암군 신북면 행정리,19880423,,3,
4683033032,전라남도 영암군 신북면 월지리,19880423,,3,
4683033033,전라남도 영암군 신북면 용산리,19880423,,3,
4683034000,시종면,19880423,,2,4683000000
4683034021,전라남도 영암군 시종면 와우리,19880423,,3,
4683034022,전라남도 영암군 시종면 구산리,19880423,,3,
4683034023,전라남도 영암군 시종면 봉소리,19880423,,3,
4683034024,전라남도 영암군 시종면 신학리,19880423,,3,
4683034025,전라남도 영암군 시종면 월송리,19880423,,3,
4683034026,전라남도 영암군 시종면 내동리,19880423,,3,
4683034027,전라남도 영암군 시종면 만수리,19880423,,3,
4683034028,전라남도 영암군 시종면 태간리,19880423,,3,
4683034029,전라남도 영암군 시종면 월롱리,19880423,,3,
4683034030,전라남도 영암군 시종면 월악리,19880423,,3,
4683034031,전라남도 영암군 시종면 금지리,19880423,,3,
4683034032,전라남도 영암군 시종면 신흥리,19880423,,3,
4683034033,전라남도 영암군 시종면 신연리,19880423,,3,
4683034034,전라남도 영암군 시종면 옥야리,19880423,,3,
4683035000,도포면,19880423,,2,4683000000
4683035021,전라남도 영암군 도포면 원항리,19880423,,3,
4683035022,전라남도 영암군 도포면 봉호리,19880423,,3,
4683035023,전라남도 영암군 도포면 덕화리,19880423,,3,
4683035024,전라남도 영암군 도포면 도포리,19880423,,3,
4683035025,전라남도 영암군 도포면 구학리,19880423,,3,
4683035026,전라남도 영암군 도포면 영호리,19880423,,3,
4683035027,전라남도 영암군 도포면 성산리,19880423,,3,
4683035028,전라남도 영암군 도포면 수산리,19880423,,3,
4683036000,군서면,19880423,,2,4683000000
4683036021,전라남도 영암군 군서면 해창리,19880423,,3,
4683036022,전라남도 영암군 군서면 마산리,19880423,,3,
4683036023,전라남도 영암군 군서면 성양리,19880423,,3,
4683036024,전라남도 영암군 군서면 동호리,19880423,,3,
4683036025,전라남도 영암군 군서면 양장리,19880423,,3,
4683036026,전라남도 영암군 군서면 모정리,19880423,,3,
4683036027,전라남도 영암군 군서면 서구림리,19880423,,3,
4683036028,전라남도 영암군 군서면 동구림리,19880423,,3,
4683036029,전라남도 영암군 군서면 도갑리,19880423,,3,
4683036030,전라남도 영암군 군서면 월곡리,19880423,,3,
4683036031,전라남도 영암군 군서면 도장리,19880423,,3,
4683037000,서호면,19880423,,2,4683000000
4683037021,전라남도 영암군 서호면 몽해리,19880423,,3,
4683037022,전라남도 영암군 서호면 화송리,19880423,,3,
4683037023,전라남도 영암군 서호면 청용리,19880423,,3,
4683037024,전라남도 영암군 서호면 엄길리,19880423,,3,
4683037025,전라남도 영암군 서호면 장천리,19880423,,3,
4683037026,전라남도 영암군 서호면 쌍풍리,19880423,,3,
4683037027,전라남도 영암군 서호면 소산리,19880423,,3,
4683037028,전라남도 영암군 서호면 성재리,19880423,,3,
4683037029,전라남도 영암군 서호면 금강리,19880423,,3,
4683037030,전라남도 영암군 서호면 태백리,19880423,,3,
4683038000,학산면,19880423,,2,4683000000
4683038021,전라남도 영암군 학산면 묵동리,19880423,,3,
4683038022,전라남도 영암군 학산면 상월리,19880423,,3,
4683038023,전라남도 영암군 학산면 용산리,19880423,,3,
4683038024,전라남도 영암군 학산면 학계리,19880423,,3,
4683038025,전라남도 영암군 학산면 용소리,19880423,,3,
4683038026,전라남도 영암군 학산면 금계리,19880423,,3,
4683038027,전라남도 영암군 학산면 독천리,19880423,,3,
4683038028,전라남도 영암군 학산면 신덕리,19880423,,3,
4683038029,전라남도 영암군 학산면 은곡리,19880423,,3,
4683038030,전라남도 영암군 학산면 매월리,19880423,,3,
4683039000,미암면,19880423,,2,4683000000
4683039021,전라남도 영암군 미암면 두억리,19880423,,3,
4683039022,전라남도 영암군 미암면 미암리,19880423,,3,
4683039023,전라남도 영암군 미암면 선황리,19880423,,3,
4683039024,전라남도 영암군 미암면 남산리,19880423,,3,
4683039025,전라남도 영암군 미암면 춘동리,19880423,,3,
4683039026,전라남도 영암군 미암면 채지리,19880423,,3,
4683039027,전라남도 영암군 미암면 신한리,19880423,,3,
4683039028,전라남도 영암군 미암면 신포리,19880423,,3,
4683039029,전라남도 영암군 미암면 호포리,19880423,,3,
4684000000,무안군,19880423,,1,4600000000
4684025000,무안읍,19880423,,2,4684000000
4684025021,전라남도 무안군 무안읍 성내리,19880423,,3,
4684025022,전라남도 무안군 무안읍 성동리,19880423,,3,
4684025023,전라남도 무안군 무안읍 성남리,19880423,,3,
4684025024,전라남도 무안군 무안읍 교촌리,19880423,,3,
4684025025,전라남도 무안군 무안읍 용월리,19880423,,3,
4684025026,전라남도 무안군 무안읍 고절리,19880423,,3,
4684025027,전라남도 무안군 무안읍 매곡리,19880423,,3,
4684025028,전라남도 무안군 무안읍 성암리,19880423,,3,
4684025029,전라남도 무안군 무안읍 평용리,19880423,,3,
4684025030,전라남도 무안군 무안읍 신학리,19920313,,3,
4684025300,일로읍,19880423,,2,4684000000
4684025321,전라남도 무안군 일로읍 청호리,19880423,,3,
4684025322,전라남도 무안군 일로읍 망월리,19880423,,3,
4684025323,전라남도 무안군 일로읍 죽산리,19880423,,3,
4684025324,전라남도 무안군 일로읍 구정리,19880423,,3,
4684025325,전라남도 무안군 일로읍 의산리,19880423,,3,
4684025326,전라남도 무안군 일로읍 월암리,19880423,,3,
4684025327,전라남도 무안군 일로읍 용산리,19880423,,3,
4684025328,전라남도 무안군 일로읍 산정리,19880423,,3,
4684025329,전라남도 무안군 일로읍 광암리,19880423,,3,
4684025330,전라남도 무안군 일로읍 상신기리,19880423,,3,
4684025331,전라남도 무안군 일로읍 복룡리,19880423,,3,
4684025332,전라남도 무안군 일로읍 지장리,19880423,,3,
4684025333,전라남도 무안군 일로읍 감돈리,19880423,,3,
4684025335,전라남도 무안군 일로읍 오룡리,20200608,,3,
4684025600,삼향읍,20110101,,2,4684000000
4684025621,전라남도 무안군 삼향읍 임성리,20110101,,3,
4684025622,전라남도 무안군 삼향읍 남악리,20110101,,3,
4684025623,전라남도 무안군 삼향읍 용포리,20110101,,3,
4684025624,전라남도 무안군 삼향읍 맥포리,20110101,,3,
4684025625,전라남도 무안군 삼향읍 유교리,20110101,,3,
4684025626,전라남도 무안군 삼향읍 왕산리,20110101,,3,
4684025627,전라남도 무안군 삼향읍 지산리,20110101,,3,
4684032000,몽탄면,19880423,,2,4684000000
4684032021,전라남도 무안군 몽탄면 달산리,19880423,,3,
4684032022,전라남도 무안군 몽탄면 봉명리,19880423,,3,
4684032023,전라남도 무안군 몽탄면 양장리,19880423,,3,
4684032024,전라남도 무안군 몽탄면 청용리,19880423,,3,
4684032025,전라남도 무안군 몽탄면 당호리,19880423,,3,
4684032026,전라남도 무안군 몽탄면 명산리,19880423,,3,
4684032027,전라남도 무안군 몽탄면 몽강리,19880423,,3,
4684032028,전라남도 무안군 몽탄면 약곡리,19880423,,3,
4684032029,전라남도 무안군 몽탄면 귀학리,19880423,,3,
4684032030,전라남도 무안군 몽탄면 사천리,19880423,,3,
4684032031,전라남도 무안군 몽탄면 구산리,19880423,,3,
4684032032,전라남도 무안군 몽탄면 이산리,19880423,,3,
4684032033,전라남도 무안군 몽탄면 내리,19880423,,3,
4684032034,전라남도 무안군 몽탄면 대치리,19880423,,3,
4684032035,전라남도 무안군 몽탄면 학산리,19880423,,3,
4684032036,전라남도 무안군 몽탄면 다산리,19880423,,3,
4684032037,전라남도 무안군 몽탄면 사창리,19880423,,3,
4684032038,전라남도 무안군 몽탄면 봉산리,19880423,,3,
4684033000,청계면,19880423,,2,4684000000
4684033021,전라남도 무안군 청계면 월선리,19880423,,3,
4684033022,전라남도 무안군 청계면 청계리,19880423,,3,
4684033023,전라남도 무안군 청계면 도림리,19880423,,3,
4684033024,전라남도 무안군 청계면 남성리,19880423,,3,
4684033025,전라남도 무안군 청계면 복길리,19880423,,3,
4684033026,전라남도 무안군 청계면 구로리,19880423,,3,
4684033027,전라남도 무안군 청계면 상마리,19880423,,3,
4684033028,전라남도 무안군 청계면 복룡리,19880423,,3,
4684033029,전라남도 무안군 청계면 강정리,19880423,,3,
4684033030,전라남도 무안군 청계면 도대리,19880423,,3,
4684033031,전라남도 무안군 청계면 서호리,19880423,,3,
4684033032,전라남도 무안군 청계면 송현리,19880423,,3,
4684033033,전라남도 무안군 청계면 청수리,19880423,,3,
4684033034,전라남도 무안군 청계면 태봉리,19880423,,3,
4684033035,전라남도 무안군 청계면 남안리,19880423,,3,
4684033036,전라남도 무안군 청계면 사마리,19880423,,3,
4684033037,전라남도 무안군 청계면 청천리,19880423,,3,
4684034000,현경면,19880423,,2,4684000000
4684034021,전라남도 무안군 현경면 양학리,19880423,,3,
4684034022,전라남도 무안군 현경면 동산리,19880423,,3,
4684034023,전라남도 무안군 현경면 평산리,19880423,,3,
4684034024,전라남도 무안군 현경면 외반리,19880423,,3,
4684034025,전라남도 무안군 현경면 현화리,19880423,,3,
4684034026,전라남도 무안군 현경면 해운리,19880423,,3,
4684034027,전라남도 무안군 현경면 송정리,19880423,,3,
4684034028,전라남도 무안군 현경면 수양리,19880423,,3,
4684034029,전라남도 무안군 현경면 용정리,19880423,,3,
4684034030,전라남도 무안군 현경면 오류리,19880423,,3,
4684034031,전라남도 무안군 현경면 마산리,19880423,,3,
4684034032,전라남도 무안군 현경면 가입리,19880423,,3,
4684035000,망운면,19880423,,2,4684000000
4684035021,전라남도 무안군 망운면 목동리,19880423,,3,
4684035022,전라남도 무안군 망운면 목서리,19880423,,3,
4684035023,전라남도 무안군 망운면 피서리,19880423,,3,
4684035024,전라남도 무안군 망운면 송현리,19880423,,3,
4684035025,전라남도 무안군 망운면 탄도리,19880423,,3,
4684036000,해제면,19880423,,2,4684000000
4684036021,전라남도 무안군 해제면 유월리,19880423,,3,
4684036022,전라남도 무안군 해제면 용학리,19880423,,3,
4684036023,전라남도 무안군 해제면 만풍리,19880423,,3,
4684036024,전라남도 무안군 해제면 송석리,19880423,,3,
4684036025,전라남도 무안군 해제면 양매리,19880423,,3,
4684036026,전라남도 무안군 해제면 신정리,19880423,,3,
4684036027,전라남도 무안군 해제면 덕산리,19880423,,3,
4684036028,전라남도 무안군 해제면 대사리,19880423,,3,
4684036029,전라남도 무안군 해제면 학송리,19880423,,3,
4684036030,전라남도 무안군 해제면 석룡리,19880423,,3,
4684036031,전라남도 무안군 해제면 임수리,19880423,,3,
4684036032,전라남도 무안군 해제면 광산리,19880423,,3,
4684036033,전라남도 무안군 해제면 산길리,19880423,,3,
4684036034,전라남도 무안군 해제면 천장리,19880423,,3,
4684036035,전라남도 무안군 해제면 창매리,19880423,,3,
4684036036,전라남도 무안군 해제면 양월리,19880423,,3,
4684037000,운남면,19880423,,2,4684000000
4684037021,전라남도 무안군 운남면 하묘리,19880423,,3,
4684037022,전라남도 무안군 운남면 동암리,19880423,,3,
4684037023,전라남도 무안군 운남면 연리,19880423,,3,
4684037024,전라남도 무안군 운남면 내리,19880423,,3,
4684037025,전라남도 무안군 운남면 성내리,19880423,,3,
4686000000,함평군,19880423,,1,4600000000
4686025000,함평읍,19880423,,2,4686000000
4686025021,전라남도 함평군 함평읍 함평리,19880423,,3,
4686025022,전라남도 함평군 함평읍 기각리,19880423,,3,
4686025023,전라남도 함평군 함평읍 내교리,19880423,,3,
4686025024,전라남도 함평군 함평읍 수호리,19880423,,3,
4686025025,전라남도 함평군 함평읍 성남리,19880423,,3,
4686025026,전라남도 함평군 함평읍 자풍리,19880423,,3,
4686025027,전라남도 함평군 함평읍 만흥리,19880423,,3,
4686025028,전라남도 함평군 함평읍 장교리,19880423,,3,
4686025029,전라남도 함평군 함평읍 옥산리,19880423,,3,
4686025030,전라남도 함평군 함평읍 가동리,19880423,,3,
4686025031,전라남도 함평군 함평읍 석성리,19880423,,3,
4686025032,전라남도 함평군 함평읍 장년리,19880423,,3,
4686025033,전라남도 함평군 함평읍 진양리,19880423,,3,
4686025034,전라남도 함평군 함평읍 대덕리,19880423,,3,
4686031000,손불면,19880423,,2,4686000000
4686031021,전라남도 함평군 손불면 학산리,19880423,,3,
4686031022,전라남도 함평군 손불면 양재리,19880423,,3,
4686031023,전라남도 함평군 손불면 북성리,19880423,,3,
4686031024,전라남도 함평군 손불면 월천리,19880423,,3,
4686031025,전라남도 함평군 손불면 대전리,19880423,,3,
4686031026,전라남도 함평군 손불면 동암리,19880423,,3,
4686031027,전라남도 함평군 손불면 죽장리,19880423,,3,
4686031028,전라남도 함평군 손불면 죽암리,19880423,,3,
4686031029,전라남도 함평군 손불면 궁산리,19880423,,3,
4686031030,전라남도 함평군 손불면 석창리,19880423,,3,
4686031031,전라남도 함평군 손불면 산남리,19880423,,3,
4686032000,신광면,19880423,,2,4686000000
4686032021,전라남도 함평군 신광면 보여리,19880423,,3,
4686032022,전라남도 함평군 신광면 송사리,19880423,,3,
4686032023,전라남도 함평군 신광면 동정리,19880423,,3,
4686032024,전라남도 함평군 신광면 함정리,19880423,,3,
4686032025,전라남도 함평군 신광면 원산리,19880423,,3,
4686032026,전라남도 함평군 신광면 삼덕리,19880423,,3,
4686032027,전라남도 함평군 신광면 백운리,19880423,,3,
4686032028,전라남도 함평군 신광면 복흥리,19880423,,3,
4686032029,전라남도 함평군 신광면 계천리,19880423,,3,
4686032030,전라남도 함평군 신광면 월암리,19880423,,3,
4686032031,전라남도 함평군 신광면 가덕리,19880423,,3,
4686032032,전라남도 함평군 신광면 유천리,19880423,,3,
4686033000,학교면,19880423,,2,4686000000
4686033021,전라남도 함평군 학교면 복천리,19880423,,3,
4686033022,전라남도 함평군 학교면 고막리,19880423,,3,
4686033023,전라남도 함평군 학교면 금송리,19880423,,3,
4686033024,전라남도 함평군 학교면 월호리,19880423,,3,
4686033025,전라남도 함평군 학교면 곡창리,19880423,,3,
4686033026,전라남도 함평군 학교면 학교리,19880423,,3,
4686033027,전라남도 함평군 학교면 사거리,19880423,,3,
4686033028,전라남도 함평군 학교면 월산리,19880423,,3,
4686033029,전라남도 함평군 학교면 죽정리,19880423,,3,
4686033030,전라남도 함평군 학교면 마산리,19880423,,3,
4686033031,전라남도 함평군 학교면 석정리,19880423,,3,
4686034000,엄다면,19880423,,2,4686000000
4686034021,전라남도 함평군 엄다면 엄다리,19880423,,3,
4686034022,전라남도 함평군 엄다면 송로리,19880423,,3,
4686034023,전라남도 함평군 엄다면 신계리,19880423,,3,
4686034024,전라남도 함평군 엄다면 삼정리,19880423,,3,
4686034025,전라남도 함평군 엄다면 영흥리,19880423,,3,
4686034026,전라남도 함평군 엄다면 학야리,19880423,,3,
4686034027,전라남도 함평군 엄다면 성천리,19880423,,3,
4686034028,전라남도 함평군 엄다면 화양리,19880423,,3,
4686035000,대동면,19880423,,2,4686000000
4686035021,전라남도 함평군 대동면 상옥리,19880423,,3,
4686035022,전라남도 함평군 대동면 금곡리,19880423,,3,
4686035023,전라남도 함평군 대동면 백호리,19880423,,3,
4686035024,전라남도 함평군 대동면 월송리,19880423,,3,
4686035025,전라남도 함평군 대동면 강운리,19880423,,3,
4686035026,전라남도 함평군 대동면 향교리,19880423,,3,
4686035027,전라남도 함평군 대동면 덕산리,19880423,,3,
4686035028,전라남도 함평군 대동면 용성리,19880423,,3,
4686035029,전라남도 함평군 대동면 운교리,19880423,,3,
4686035030,전라남도 함평군 대동면 금산리,19880423,,3,
4686035031,전라남도 함평군 대동면 서호리,19880423,,3,
4686035032,전라남도 함평군 대동면 연암리,19880423,,3,
4686036000,나산면,19880423,,2,4686000000
4686036021,전라남도 함평군 나산면 삼축리,19880423,,3,
4686036022,전라남도 함평군 나산면 수하리,19880423,,3,
4686036023,전라남도 함평군 나산면 나산리,19880423,,3,
4686036024,전라남도 함평군 나산면 신평리,19880423,,3,
4686036025,전라남도 함평군 나산면 송암리,19880423,,3,
4686036026,전라남도 함평군 나산면 이문리,19880423,,3,
4686036027,전라남도 함평군 나산면 수상리,19880423,,3,
4686036028,전라남도 함평군 나산면 용두리,19880423,,3,
4686036029,전라남도 함평군 나산면 우치리,19880423,,3,
4686036030,전라남도 함평군 나산면 초포리,19880423,,3,
4686036031,전라남도 함평군 나산면 월봉리,19880423,,3,
4686036032,전라남도 함평군 나산면 원선리,19880423,,3,
4686036033,전라남도 함평군 나산면 구산리,19880423,,3,
4686036034,전라남도 함평군 나산면 덕림리,19880423,,3,
4686037000,해보면,19880423,,2,4686000000
4686037021,전라남도 함평군 해보면 상곡리,19880423,,3,
4686037022,전라남도 함평군 해보면 대창리,19880423,,3,
4686037023,전라남도 함평군 해보면 용산리,19880423,,3,
4686037024,전라남도 함평군 해보면 문장리,19880423,,3,
4686037025,전라남도 함평군 해보면 금덕리,19880423,,3,
4686037026,전라남도 함평군 해보면 해보리,19880423,,3,
4686037027,전라남도 함평군 해보면 금계리,19880423,,3,
4686037028,전라남도 함평군 해보면 산내리,19880423,,3,
4686037029,전라남도 함평군 해보면 광암리,19880423,,3,
4686037030,전라남도 함평군 해보면 대각리,19880423,,3,
4686038000,월야면,19880423,,2,4686000000
4686038021,전라남도 함평군 월야면 용월리,19880423,,3,
4686038022,전라남도 함평군 월야면 양정리,19880423,,3,
4686038023,전라남도 함평군 월야면 영월리,19880423,,3,
4686038024,전라남도 함평군 월야면 외치리,19880423,,3,
4686038025,전라남도 함평군 월야면 월야리,19880423,,3,
4686038026,전라남도 함평군 월야면 월악리,19880423,,3,
4686038027,전라남도 함평군 월야면 계림리,19880423,,3,
4686038028,전라남도 함평군 월야면 예덕리,19880423,,3,
4686038029,전라남도 함평군 월야면 정산리,19880423,,3,
4686038030,전라남도 함평군 월야면 용암리,19880423,,3,
4686038031,전라남도 함평군 월야면 용정리,19880423,,3,
4686038032,전라남도 함평군 월야면 월계리,19880423,,3,
4687000000,영광군,19880423,,1,4600000000
4687025000,영광읍,19880423,,2,4687000000
4687025021,전라남도 영광군 영광읍 무령리,19880423,,3,
4687025022,전라남도 영광군 영광읍 백학리,19880423,,3,
4687025023,전라남도 영광군 영광읍 남천리,19880423,,3,
4687025024,전라남도 영광군 영광읍 도동리,19880423,,3,
4687025025,전라남도 영광군 영광읍 교촌리,19880423,,3,
4687025026,전라남도 영광군 영광읍 연성리,19880423,,3,
4687025027,전라남도 영광군 영광읍 월평리,19880423,,3,
4687025028,전라남도 영광군 영광읍 단주리,19880423,,3,
4687025029,전라남도 영광군 영광읍 덕호리,19880423,,3,
4687025030,전라남도 영광군 영광읍 신월리,19880423,,3,
4687025031,전라남도 영광군 영광읍 양평리,19880423,,3,
4687025032,전라남도 영광군 영광읍 와룡리,19880423,,3,
4687025033,전라남도 영광군 영광읍 계송리,19880423,,3,
4687025034,전라남도 영광군 영광읍 입석리,19880423,,3,
4687025035,전라남도 영광군 영광읍 우평리,19880423,,3,
4687025036,전라남도 영광군 영광읍 녹사리,19880423,,3,
4687025037,전라남도 영광군 영광읍 학정리,19880423,,3,
4687025038,전라남도 영광군 영광읍 송림리,19880423,,3,
4687025039,전라남도 영광군 영광읍 신하리,19880423,,3,
4687025300,백수읍,19880423,,2,4687000000
4687025321,전라남도 영광군 백수읍 대신리,19880423,,3,
4687025322,전라남도 영광군 백수읍 길용리,19880423,,3,
4687025323,전라남도 영광군 백수읍 천정리,19880423,,3,
4687025324,전라남도 영광군 백수읍 장산리,19880423,,3,
4687025325,전라남도 영광군 백수읍 논산리,19880423,,3,
4687025326,전라남도 영광군 백수읍 학산리,19880423,,3,
4687025327,전라남도 영광군 백수읍 죽사리,19880423,,3,
4687025328,전라남도 영광군 백수읍 천마리,19880423,,3,
4687025329,전라남도 영광군 백수읍 양성리,19880423,,3,
4687025330,전라남도 영광군 백수읍 대전리,19880423,,3,
4687025331,전라남도 영광군 백수읍 지산리,19880423,,3,
4687025332,전라남도 영광군 백수읍 약수리,19880423,,3,
4687025333,전라남도 영광군 백수읍 홍곡리,19880423,,3,
4687025334,전라남도 영광군 백수읍 백암리,19880423,,3,
4687025335,전라남도 영광군 백수읍 상사리,19880423,,3,
4687025336,전라남도 영광군 백수읍 하사리,19880423,,3,
4687025337,전라남도 영광군 백수읍 구수리,19880423,,3,
4687025600,홍농읍,19880423,,2,4687000000
4687025621,전라남도 영광군 홍농읍 상하리,19880423,,3,
4687025622,전라남도 영광군 홍농읍 칠곡리,19880423,,3,
4687025623,전라남도 영광군 홍농읍 계마리,19880423,,3,
4687025624,전라남도 영광군 홍농읍 성산리,19880423,,3,
4687025625,전라남도 영광군 홍농읍 진덕리,19880423,,3,
4687025626,전라남도 영광군 홍농읍 월암리,19880423,,3,
4687025627,전라남도 영광군 홍농읍 가곡리,19880423,,3,
4687025628,전라남도 영광군 홍농읍 단덕리,19880423,,3,
4687025629,전라남도 영광군 홍농읍 신석리,19880423,,3,
4687031000,대마면,19880423,,2,4687000000
4687031021,전라남도 영광군 대마면 월산리,19880423,,3,
4687031022,전라남도 영광군 대마면 남산리,19880423,,3,
4687031023,전라남도 영광군 대마면 송죽리,19880423,,3,
4687031024,전라남도 영광군 대마면 화평리,19880423,,3,
4687031025,전라남도 영광군 대마면 원흥리,19880423,,3,
4687031026,전라남도 영광군 대마면 홍교리,19880423,,3,
4687031027,전라남도 영광군 대마면 성산리,19880423,,3,
4687031028,전라남도 영광군 대마면 복평리,19880423,,3,
4687032000,묘량면,19880423,,2,4687000000
4687032021,전라남도 영광군 묘량면 덕흥리,19880423,,3,
4687032022,전라남도 영광군 묘량면 영양리,19880423,,3,
4687032023,전라남도 영광군 묘량면 운당리,19880423,,3,
4687032024,전라남도 영광군 묘량면 삼효리,19880423,,3,
4687032025,전라남도 영광군 묘량면 신천리,19880423,,3,
4687032026,전라남도 영광군 묘량면 삼학리,19880423,,3,
4687032027,전라남도 영광군 묘량면 월암리,19880423,,3,
4687032028,전라남도 영광군 묘량면 연암리,19880423,,3,
4687033000,불갑면,19880423,,2,4687000000
4687033021,전라남도 영광군 불갑면 순용리,19880423,,3,
4687033022,전라남도 영광군 불갑면 녹산리,19880423,,3,
4687033023,전라남도 영광군 불갑면 금계리,19880423,,3,
4687033024,전라남도 영광군 불갑면 방마리,19880423,,3,
4687033025,전라남도 영광군 불갑면 자비리,19880423,,3,
4687033026,전라남도 영광군 불갑면 모악리,19880423,,3,
4687033027,전라남도 영광군 불갑면 안맹리,19880423,,3,
4687033028,전라남도 영광군 불갑면 쌍운리,19880423,,3,
4687033029,전라남도 영광군 불갑면 건무리,19880423,,3,
4687033030,전라남도 영광군 불갑면 부춘리,19880423,,3,
4687033031,전라남도 영광군 불갑면 응봉리,19880423,,3,
4687033032,전라남도 영광군 불갑면 우곡리,19880423,,3,
4687033033,전라남도 영광군 불갑면 생곡리,19880423,,3,
4687034000,군서면,19880423,,2,4687000000
4687034021,전라남도 영광군 군서면 보라리,19880423,,3,
4687034022,전라남도 영광군 군서면 남죽리,19880423,,3,
4687034023,전라남도 영광군 군서면 마읍리,19880423,,3,
4687034024,전라남도 영광군 군서면 만금리,19880423,,3,
4687034025,전라남도 영광군 군서면 송학리,19880423,,3,
4687034026,전라남도 영광군 군서면 가사리,19880423,,3,
4687034027,전라남도 영광군 군서면 매산리,19880423,,3,
4687034028,전라남도 영광군 군서면 덕산리,19880423,,3,
4687034029,전라남도 영광군 군서면 남계리,19880423,,3,
4687034030,전라남도 영광군 군서면 만곡리,19880423,,3,
4687035000,군남면,19880423,,2,4687000000
4687035021,전라남도 영광군 군남면 포천리,19880423,,3,
4687035022,전라남도 영광군 군남면 동간리,19880423,,3,
4687035023,전라남도 영광군 군남면 도장리,19880423,,3,
4687035024,전라남도 영광군 군남면 백양리,19880423,,3,
4687035025,전라남도 영광군 군남면 동월리,19880423,,3,
4687035026,전라남도 영광군 군남면 설매리,19880423,,3,
4687035027,전라남도 영광군 군남면 양덕리,19880423,,3,
4687035028,전라남도 영광군 군남면 대덕리,19880423,,3,
4687035029,전라남도 영광군 군남면 용암리,19880423,,3,
4687035030,전라남도 영광군 군남면 남창리,19880423,,3,
4687035031,전라남도 영광군 군남면 월흥리,19880423,,3,
4687035032,전라남도 영광군 군남면 반안리,19880423,,3,
4687036000,염산면,19880423,,2,4687000000
4687036021,전라남도 영광군 염산면 축동리,19880423,,3,
4687036022,전라남도 영광군 염산면 상계리,19880423,,3,
4687036023,전라남도 영광군 염산면 봉남리,19880423,,3,
4687036024,전라남도 영광군 염산면 신성리,19880423,,3,
4687036025,전라남도 영광군 염산면 송암리,19880423,,3,
4687036026,전라남도 영광군 염산면 야월리,19880423,,3,
4687036027,전라남도 영광군 염산면 두우리,19880423,,3,
4687036028,전라남도 영광군 염산면 오동리,19880423,,3,
4687036029,전라남도 영광군 염산면 옥실리,19880423,,3,
4687037000,법성면,19880423,,2,4687000000
4687037021,전라남도 영광군 법성면 진내리,19880423,,3,
4687037022,전라남도 영광군 법성면 법성리,19880423,,3,
4687037023,전라남도 영광군 법성면 화천리,19880423,,3,
4687037024,전라남도 영광군 법성면 대덕리,19880423,,3,
4687037025,전라남도 영광군 법성면 덕흥리,19880423,,3,
4687037026,전라남도 영광군 법성면 입암리,19880423,,3,
4687037027,전라남도 영광군 법성면 신장리,19880423,,3,
4687037028,전라남도 영광군 법성면 월산리,19880423,,3,
4687037029,전라남도 영광군 법성면 용성리,19880423,,3,
4687037030,전라남도 영광군 법성면 용덕리,19880423,,3,
4687037031,전라남도 영광군 법성면 삼당리,19880423,,3,
4687038000,낙월면,19880423,,2,4687000000
4687038021,전라남도 영광군 낙월면 상낙월리,19880423,,3,
4687038022,전라남도 영광군 낙월면 하낙월리,19880423,,3,
4687038023,전라남도 영광군 낙월면 임병리,19880423,,3,
4687038024,전라남도 영광군 낙월면 송이리,19880423,,3,
4687038025,전라남도 영광군 낙월면 월촌리,19880423,,3,
4687038026,전라남도 영광군 낙월면 신기리,19880423,,3,
4687038027,전라남도 영광군 낙월면 영외리,19880423,,3,
4687038028,전라남도 영광군 낙월면 석만리,19880423,,3,
4687038029,전라남도 영광군 낙월면 죽도리,19880423,,3,
4687038030,전라남도 영광군 낙월면 오도리,19880423,,3,
4687038031,전라남도 영광군 낙월면 각이리,19880423,,3,
4688000000,장성군,19880423,,1,4600000000
4688025000,장성읍,19880423,,2,4688000000
4688025021,전라남도 장성군 장성읍 수산리,19880423,,3,
4688025022,전라남도 장성군 장성읍 성산리,19880423,,3,
4688025023,전라남도 장성군 장성읍 유탕리,19880423,,3,
4688025024,전라남도 장성군 장성읍 영천리,19880423,,3,
4688025025,전라남도 장성군 장성읍 단광리,19880423,,3,
4688025026,전라남도 장성군 장성읍 기산리,19880423,,3,
4688025027,전라남도 장성군 장성읍 장안리,19880423,,3,
4688025028,전라남도 장성군 장성읍 안평리,19880423,,3,
4688025029,전라남도 장성군 장성읍 부흥리,19880423,,3,
4688025030,전라남도 장성군 장성읍 백계리,19880423,,3,
4688025031,전라남도 장성군 장성읍 용강리,19880423,,3,
4688025032,전라남도 장성군 장성읍 봉덕리,20010214,,3,
4688025033,전라남도 장성군 장성읍 덕진리,19880423,,3,
4688025034,전라남도 장성군 장성읍 상오리,19880423,,3,
4688025035,전라남도 장성군 장성읍 야은리,19880423,,3,
4688025036,전라남도 장성군 장성읍 용곡리,20010214,,3,
4688031000,진원면,19880423,,2,4688000000
4688031021,전라남도 장성군 진원면 율곡리,19880423,,3,
4688031022,전라남도 장성군 진원면 산정리,19880423,,3,
4688031023,전라남도 장성군 진원면 선적리,19880423,,3,
4688031024,전라남도 장성군 진원면 학전리,19880423,,3,
4688031025,전라남도 장성군 진원면 진원리,19880423,,3,
4688031026,전라남도 장성군 진원면 산동리,19880423,,3,
4688031027,전라남도 장성군 진원면 학림리,19880423,,3,
4688031028,전라남도 장성군 진원면 상림리,19880423,,3,
4688031029,전라남도 장성군 진원면 용산리,19880423,,3,
4688032000,남면,19880423,,2,4688000000
4688032021,전라남도 장성군 남면 분향리,19880423,,3,
4688032022,전라남도 장성군 남면 녹진리,19880423,,3,
4688032023,전라남도 장성군 남면 덕성리,19880423,,3,
4688032024,전라남도 장성군 남면 마령리,19880423,,3,
4688032025,전라남도 장성군 남면 평산리,19880423,,3,
4688032026,전라남도 장성군 남면 행정리,19880423,,3,
4688032027,전라남도 장성군 남면 월정리,19880423,,3,
4688032028,전라남도 장성군 남면 삼태리,19880423,,3,
4688032029,전라남도 장성군 남면 월곡리,19880423,,3,
4688033000,동화면,19880423,,2,4688000000
4688033021,전라남도 장성군 동화면 용정리,19880423,,3,
4688033022,전라남도 장성군 동화면 동호리,19880423,,3,
4688033023,전라남도 장성군 동화면 서양리,19880423,,3,
4688033024,전라남도 장성군 동화면 구림리,19880423,,3,
4688033025,전라남도 장성군 동화면 남평리,19880423,,3,
4688033026,전라남도 장성군 동화면 남산리,19880423,,3,
4688033027,전라남도 장성군 동화면 월산리,19880423,,3,
4688033028,전라남도 장성군 동화면 구룡리,19880423,,3,
4688033029,전라남도 장성군 동화면 송계리,19880423,,3,
4688034000,삼서면,19880423,,2,4688000000
4688034021,전라남도 장성군 삼서면 대곡리,19880423,,3,
4688034022,전라남도 장성군 삼서면 삼계리,19880423,,3,
4688034023,전라남도 장성군 삼서면 유평리,19880423,,3,
4688034024,전라남도 장성군 삼서면 학성리,19880423,,3,
4688034025,전라남도 장성군 삼서면 대도리,19880423,,3,
4688034026,전라남도 장성군 삼서면 소룡리,19880423,,3,
4688034027,전라남도 장성군 삼서면 수해리,19880423,,3,
4688034028,전라남도 장성군 삼서면 우치리,19880423,,3,
4688034029,전라남도 장성군 삼서면 금산리,19880423,,3,
4688034030,전라남도 장성군 삼서면 석마리,19880423,,3,
4688034031,전라남도 장성군 삼서면 보생리,19880423,,3,
4688034032,전라남도 장성군 삼서면 두월리,19880423,,3,
4688034033,전라남도 장성군 삼서면 홍정리,19880423,,3,
4688034034,전라남도 장성군 삼서면 수양리,19880423,,3,
4688035000,삼계면,19880423,,2,4688000000
4688035021,전라남도 장성군 삼계면 사창리,19880423,,3,
4688035022,전라남도 장성군 삼계면 월연리,19880423,,3,
4688035023,전라남도 장성군 삼계면 주산리,19880423,,3,
4688035024,전라남도 장성군 삼계면 상도리,19880423,,3,
4688035025,전라남도 장성군 삼계면 능성리,19880423,,3,
4688035026,전라남도 장성군 삼계면 발산리,19880423,,3,
4688035027,전라남도 장성군 삼계면 수옥리,19880423,,3,
4688035028,전라남도 장성군 삼계면 덕산리,19880423,,3,
4688035029,전라남도 장성군 삼계면 수산리,19880423,,3,
4688035030,전라남도 장성군 삼계면 죽림리,19880423,,3,
4688035031,전라남도 장성군 삼계면 생촌리,19880423,,3,
4688035032,전라남도 장성군 삼계면 부성리,19880423,,3,
4688035033,전라남도 장성군 삼계면 화산리,19880423,,3,
4688035034,전라남도 장성군 삼계면 신기리,19880423,,3,
4688035035,전라남도 장성군 삼계면 내계리,19880423,,3,
4688036000,황룡면,19880423,,2,4688000000
4688036021,전라남도 장성군 황룡면 월평리,19880423,,3,
4688036022,전라남도 장성군 황룡면 와룡리,19880423,,3,
4688036023,전라남도 장성군 황룡면 옥정리,19880423,,3,
4688036024,전라남도 장성군 황룡면 황룡리,19880423,,3,
4688036025,전라남도 장성군 황룡면 신호리,19880423,,3,
4688036026,전라남도 장성군 황룡면 장산리,19880423,,3,
4688036027,전라남도 장성군 황룡면 필암리,19880423,,3,
4688036028,전라남도 장성군 황룡면 아곡리,19880423,,3,
4688036029,전라남도 장성군 황룡면 금호리,19880423,,3,
4688036030,전라남도 장성군 황룡면 통안리,19880423,,3,
4688036031,전라남도 장성군 황룡면 맥호리,19880423,,3,
4688036032,전라남도 장성군 황룡면 관동리,19880423,,3,
4688036033,전라남도 장성군 황룡면 와우리,19880423,,3,
4688037000,서삼면,19880423,,2,4688000000
4688037021,전라남도 장성군 서삼면 장산리,19880423,,3,
4688037022,전라남도 장성군 서삼면 송현리,19880423,,3,
4688037023,전라남도 장성군 서삼면 모암리,19880423,,3,
4688037024,전라남도 장성군 서삼면 대덕리,19880423,,3,
4688037025,전라남도 장성군 서삼면 추암리,19880423,,3,
4688037026,전라남도 장성군 서삼면 금계리,19880423,,3,
4688037027,전라남도 장성군 서삼면 용흥리,19880423,,3,
4688038000,북일면,19880423,,2,4688000000
4688038021,전라남도 장성군 북일면 신흥리,19880423,,3,
4688038022,전라남도 장성군 북일면 박산리,19880423,,3,
4688038023,전라남도 장성군 북일면 오산리,19880423,,3,
4688038024,전라남도 장성군 북일면 월계리,19880423,,3,
4688038025,전라남도 장성군 북일면 성산리,19880423,,3,
4688038026,전라남도 장성군 북일면 성덕리,19880423,,3,
4688038027,전라남도 장성군 북일면 문암리,19880423,,3,
4688039000,북이면,19880423,,2,4688000000
4688039021,전라남도 장성군 북이면 사거리,19880423,,3,
4688039022,전라남도 장성군 북이면 원덕리,19880423,,3,
4688039023,전라남도 장성군 북이면 신평리,19880423,,3,
4688039024,전라남도 장성군 북이면 달성리,19880423,,3,
4688039025,전라남도 장성군 북이면 백암리,19880423,,3,
4688039026,전라남도 장성군 북이면 죽청리,19880423,,3,
4688039027,전라남도 장성군 북이면 만무리,19880423,,3,
4688039028,전라남도 장성군 북이면 신월리,19880423,,3,
4688039029,전라남도 장성군 북이면 모현리,19880423,,3,
4688039030,전라남도 장성군 북이면 수성리,19880423,,3,
4688039031,전라남도 장성군 북이면 오월리,19880423,,3,
4688039032,전라남도 장성군 북이면 조양리,19880423,,3,
4688040000,북하면,19880423,,2,4688000000
4688040021,전라남도 장성군 북하면 월성리,19880423,,3,
4688040022,전라남도 장성군 북하면 대악리,19880423,,3,
4688040023,전라남도 장성군 북하면 단전리,19880423,,3,
4688040024,전라남도 장성군 북하면 용두리,19880423,,3,
4688040025,전라남도 장성군 북하면 약수리,19880423,,3,
4688040026,전라남도 장성군 북하면 중평리,19880423,,3,
4688040027,전라남도 장성군 북하면 성암리,19880423,,3,
4688040028,전라남도 장성군 북하면 대흥리,19880423,,3,
4688040029,전라남도 장성군 북하면 덕재리,19880423,,3,
4688040030,전라남도 장성군 북하면 동현리,20010214,,3,
4688040031,전라남도 장성군 북하면 쌍웅리,19880423,,3,
4688040032,전라남도 장성군 북하면 신성리,19880423,,3,
4689000000,완도군,19880423,,1,4600000000
4689025000,완도읍,19880423,,2,4689000000
4689025021,전라남도 완도군 완도읍 군내리,19880423,,3,
4689025022,전라남도 완도군 완도읍 가용리,19880423,,3,
4689025023,전라남도 완도군 완도읍 죽청리,19880423,,3,
4689025024,전라남도 완도군 완도읍 장좌리,19880423,,3,
4689025025,전라남도 완도군 완도읍 대야리,19880423,,3,
4689025026,전라남도 완도군 완도읍 망석리,19880423,,3,
4689025027,전라남도 완도군 완도읍 중도리,19880423,,3,
4689025028,전라남도 완도군 완도읍 정도리,19880423,,3,
4689025029,전라남도 완도군 완도읍 화흥리,19880423,,3,
4689025030,전라남도 완도군 완도읍 대신리,19880423,,3,
4689025300,금일읍,19880423,,2,4689000000
4689025321,전라남도 완도군 금일읍 화목리,19880423,,3,
4689025322,전라남도 완도군 금일읍 신구리,19880423,,3,
4689025323,전라남도 완도군 금일읍 척치리,19880423,,3,
4689025324,전라남도 완도군 금일읍 장정리,19880423,,3,
4689025325,전라남도 완도군 금일읍 충동리,19880423,,3,
4689025326,전라남도 완도군 금일읍 월송리,19880423,,3,
4689025327,전라남도 완도군 금일읍 동백리,19880423,,3,
4689025328,전라남도 완도군 금일읍 사동리,19880423,,3,
4689025329,전라남도 완도군 금일읍 장원리,19880423,,3,
4689025600,노화읍,19880423,,2,4689000000
4689025621,전라남도 완도군 노화읍 이포리,19880423,,3,
4689025622,전라남도 완도군 노화읍 도청리,19880423,,3,
4689025623,전라남도 완도군 노화읍 등산리,19880423,,3,
4689025624,전라남도 완도군 노화읍 고막리,19880423,,3,
4689025625,전라남도 완도군 노화읍 신양리,19880423,,3,
4689025626,전라남도 완도군 노화읍 구석리,19880423,,3,
4689025627,전라남도 완도군 노화읍 동천리,19880423,,3,
4689025628,전라남도 완도군 노화읍 충도리,19880423,,3,
4689025629,전라남도 완도군 노화읍 내리,19880423,,3,
4689025630,전라남도 완도군 노화읍 방서리,19880423,,3,
4689031000,군외면,19880423,,2,4689000000
4689031021,전라남도 완도군 군외면 영풍리,19880423,,3,
4689031022,전라남도 완도군 군외면 불목리,19880423,,3,
4689031023,전라남도 완도군 군외면 황진리,19880423,,3,
4689031024,전라남도 완도군 군외면 원동리,19880423,,3,
4689031025,전라남도 완도군 군외면 신학리,19880423,,3,
4689031026,전라남도 완도군 군외면 대문리,19880423,,3,
4689031027,전라남도 완도군 군외면 삼두리,19880423,,3,
4689031028,전라남도 완도군 군외면 당인리,19880423,,3,
4689032000,신지면,19880423,,2,4689000000
4689032021,전라남도 완도군 신지면 송곡리,19880423,,3,
4689032022,전라남도 완도군 신지면 대곡리,19880423,,3,
4689032023,전라남도 완도군 신지면 신상리,19880423,,3,
4689032024,전라남도 완도군 신지면 월양리,19880423,,3,
4689032025,전라남도 완도군 신지면 신리,19880423,,3,
4689032026,전라남도 완도군 신지면 동고리,19880423,,3,
4689033000,고금면,19880423,,2,4689000000
4689033021,전라남도 완도군 고금면 농상리,19880423,,3,
4689033022,전라남도 완도군 고금면 덕암리,19880423,,3,
4689033023,전라남도 완도군 고금면 도남리,19880423,,3,
4689033024,전라남도 완도군 고금면 청용리,19880423,,3,
4689033025,전라남도 완도군 고금면 회룡리,19880423,,3,
4689033026,전라남도 완도군 고금면 봉명리,19880423,,3,
4689033027,전라남도 완도군 고금면 상정리,19880423,,3,
4689033028,전라남도 완도군 고금면 세동리,19880423,,3,
4689033029,전라남도 완도군 고금면 가교리,19880423,,3,
4689033030,전라남도 완도군 고금면 덕동리,19880423,,3,
4689034000,약산면,19880423,,2,4689000000
4689034021,전라남도 완도군 약산면 장용리,19880423,,3,
4689034022,전라남도 완도군 약산면 우두리,19880423,,3,
4689034023,전라남도 완도군 약산면 관산리,19880423,,3,
4689034024,전라남도 완도군 약산면 득암리,19880423,,3,
4689034025,전라남도 완도군 약산면 해동리,19880423,,3,
4689035000,청산면,19880423,,2,4689000000
4689035021,전라남도 완도군 청산면 도청리,19880423,,3,
4689035022,전라남도 완도군 청산면 당락리,19880423,,3,
4689035023,전라남도 완도군 청산면 읍리,19880423,,3,
4689035024,전라남도 완도군 청산면 청계리,19880423,,3,
4689035025,전라남도 완도군 청산면 부흥리,19880423,,3,
4689035026,전라남도 완도군 청산면 양중리,19880423,,3,
4689035027,전라남도 완도군 청산면 상동리,19880423,,3,
4689035028,전라남도 완도군 청산면 동촌리,19880423,,3,
4689035029,전라남도 완도군 청산면 신흥리,19880423,,3,
4689035030,전라남도 완도군 청산면 국산리,19880423,,3,
4689035031,전라남도 완도군 청산면 지리,19880423,,3,
4689035032,전라남도 완도군 청산면 모도리,19880423,,3,
4689035033,전라남도 완도군 청산면 여서리,19880423,,3,
4689036000,소안면,19880423,,2,4689000000
4689036021,전라남도 완도군 소안면 비자리,19880423,,3,
4689036022,전라남도 완도군 소안면 이월리,19880423,,3,
4689036023,전라남도 완도군 소안면 가학리,19880423,,3,
4689036024,전라남도 완도군 소안면 맹선리,19880423,,3,
4689036025,전라남도 완도군 소안면 진산리,19880423,,3,
4689036026,전라남도 완도군 소안면 미라리,19880423,,3,
4689036027,전라남도 완도군 소안면 당사리,19880423,,3,
4689036028,전라남도 완도군 소안면 횡간리,19880423,,3,
4689037000,금당면,19880423,,2,4689000000
4689037021,전라남도 완도군 금당면 차우리,19880423,,3,
4689037022,전라남도 완도군 금당면 육산리,19880423,,3,
4689037023,전라남도 완도군 금당면 가학리,19880423,,3,
4689038000,보길면,19880423,,2,4689000000
4689038021,전라남도 완도군 보길면 중통리,19880423,,3,
4689038022,전라남도 완도군 보길면 예송리,19880423,,3,
4689038023,전라남도 완도군 보길면 부황리,19880423,,3,
4689038024,전라남도 완도군 보길면 정자리,19880423,,3,
4689039000,생일면,19890401,,2,4689000000
4689039021,전라남도 완도군 생일면 유서리,19890401,,3,
4689039022,전라남도 완도군 생일면 금곡리,19890401,,3,
4689039023,전라남도 완도군 생일면 봉선리,19890401,,3,
4690000000,진도군,19880423,,1,4600000000
4690025000,진도읍,19880423,,2,4690000000
4690025021,전라남도 진도군 진도읍 동외리,19880423,,3,
4690025022,전라남도 진도군 진도읍 쌍정리,19880423,,3,
4690025023,전라남도 진도군 진도읍 성내리,19880423,,3,
4690025024,전라남도 진도군 진도읍 교동리,19880423,,3,
4690025025,전라남도 진도군 진도읍 남동리,19880423,,3,
4690025026,전라남도 진도군 진도읍 포산리,19880423,,3,
4690025027,전라남도 진도군 진도읍 수역리,19880423,,3,
4690025028,전라남도 진도군 진도읍 수유리,19880423,,3,
4690025029,전라남도 진도군 진도읍 산월리,19880423,,3,
4690025030,전라남도 진도군 진도읍 해창리,19880423,,3,
4690025031,전라남도 진도군 진도읍 염장리,19880423,,3,
4690031000,군내면,19880423,,2,4690000000
4690031021,전라남도 진도군 군내면 나리,19880423,,3,
4690031022,전라남도 진도군 군내면 녹진리,19880423,,3,
4690031023,전라남도 진도군 군내면 덕병리,19880423,,3,
4690031024,전라남도 진도군 군내면 둔전리,19880423,,3,
4690031025,전라남도 진도군 군내면 세등리,19880423,,3,
4690031026,전라남도 진도군 군내면 용장리,19880423,,3,
4690031027,전라남도 진도군 군내면 송산리,19880423,,3,
4690031028,전라남도 진도군 군내면 분토리,19880423,,3,
4690031029,전라남도 진도군 군내면 월가리,19880423,,3,
4690031030,전라남도 진도군 군내면 정자리,19880423,,3,
4690032000,고군면,19880423,,2,4690000000
4690032021,전라남도 진도군 고군면 석현리,19880423,,3,
4690032022,전라남도 진도군 고군면 고성리,19880423,,3,
4690032023,전라남도 진도군 고군면 도평리,19880423,,3,
4690032024,전라남도 진도군 고군면 오류리,19880423,,3,
4690032025,전라남도 진도군 고군면 벽파리,19880423,,3,
4690032026,전라남도 진도군 고군면 내산리,19880423,,3,
4690032027,전라남도 진도군 고군면 오산리,19880423,,3,
4690032028,전라남도 진도군 고군면 지막리,19880423,,3,
4690032029,전라남도 진도군 고군면 원포리,19880423,,3,
4690032030,전라남도 진도군 고군면 향동리,19880423,,3,
4690032031,전라남도 진도군 고군면 금계리,19880423,,3,
4690033000,의신면,19880423,,2,4690000000
4690033021,전라남도 진도군 의신면 사천리,19880423,,3,
4690033022,전라남도 진도군 의신면 침계리,19880423,,3,
4690033023,전라남도 진도군 의신면 칠전리,19880423,,3,
4690033024,전라남도 진도군 의신면 창포리,19880423,,3,
4690033025,전라남도 진도군 의신면 돈지리,19880423,,3,
4690033026,전라남도 진도군 의신면 옥대리,19880423,,3,
4690033027,전라남도 진도군 의신면 청용리,19880423,,3,
4690033028,전라남도 진도군 의신면 연주리,19880423,,3,
4690033029,전라남도 진도군 의신면 초사리,19880423,,3,
4690033030,전라남도 진도군 의신면 모도리,19880423,,3,
4690033031,전라남도 진도군 의신면 거룡리,19880423,,3,
4690033032,전라남도 진도군 의신면 만길리,19880423,,3,
4690033033,전라남도 진도군 의신면 송정리,19880423,,3,
4690033034,전라남도 진도군 의신면 금갑리,19880423,,3,
4690033035,전라남도 진도군 의신면 구자도리,19880423,,3,
4690034000,임회면,19880423,,2,4690000000
4690034021,전라남도 진도군 임회면 명슬리,19880423,,3,
4690034022,전라남도 진도군 임회면 삼막리,19880423,,3,
4690034023,전라남도 진도군 임회면 용호리,19880423,,3,
4690034024,전라남도 진도군 임회면 고정리,19880423,,3,
4690034025,전라남도 진도군 임회면 사령리,19880423,,3,
4690034026,전라남도 진도군 임회면 석교리,19880423,,3,
4690034027,전라남도 진도군 임회면 봉상리,19880423,,3,
4690034028,전라남도 진도군 임회면 상만리,19880423,,3,
4690034029,전라남도 진도군 임회면 죽림리,19880423,,3,
4690034030,전라남도 진도군 임회면 백동리,19880423,,3,
4690034031,전라남도 진도군 임회면 굴포리,19880423,,3,
4690034032,전라남도 진도군 임회면 남동리,19880423,,3,
4690034033,전라남도 진도군 임회면 연동리,19880423,,3,
4690035000,지산면,19880423,,2,4690000000
4690035021,전라남도 진도군 지산면 인지리,19880423,,3,
4690035022,전라남도 진도군 지산면 관마리,19880423,,3,
4690035023,전라남도 진도군 지산면 삼당리,19880423,,3,
4690035024,전라남도 진도군 지산면 고야리,19880423,,3,
4690035025,전라남도 진도군 지산면 앵무리,19880423,,3,
4690035026,전라남도 진도군 지산면 길은리,19880423,,3,
4690035027,전라남도 진도군 지산면 소포리,19880423,,3,
4690035028,전라남도 진도군 지산면 거제리,19880423,,3,
4690035029,전라남도 진도군 지산면 보전리,19880423,,3,
4690035030,전라남도 진도군 지산면 와우리,19880423,,3,
4690035031,전라남도 진도군 지산면 가치리,19880423,,3,
4690035032,전라남도 진도군 지산면 가학리,19880423,,3,
4690035033,전라남도 진도군 지산면 심동리,19880423,,3,
4690035034,전라남도 진도군 지산면 오류리,19880423,,3,
4690035035,전라남도 진도군 지산면 송호리,19880423,,3,
4690036000,조도면,19880423,,2,4690000000
4690036021,전라남도 진도군 조도면 관매도리,19880423,,3,
4690036022,전라남도 진도군 조도면 동거차도리,19880423,,3,
4690036023,전라남도 진도군 조도면 서거차도리,19880423,,3,
4690036024,전라남도 진도군 조도면 신육리,19880423,,3,
4690036025,전라남도 진도군 조도면 창유리,19880423,,3,
4690036026,전라남도 진도군 조도면 대마도리,19880423,,3,
4690036027,전라남도 진도군 조도면 소마도리,19880423,,3,
4690036028,전라남도 진도군 조도면 관사도리,19880423,,3,
4690036029,전라남도 진도군 조도면 나배도리,19880423,,3,
4690036030,전라남도 진도군 조도면 맹성리,19880423,,3,
4690036031,전라남도 진도군 조도면 여미리,19880423,,3,
4690036032,전라남도 진도군 조도면 성남도리,19880423,,3,
4690036033,전라남도 진도군 조도면 죽항도리,19880423,,3,
4690036034,전라남도 진도군 조도면 독거도리,19880423,,3,
4690036035,전라남도 진도군 조도면 청등도리,19880423,,3,
4690036036,전라남도 진도군 조도면 모도리,19880423,,3,
4690036037,전라남도 진도군 조도면 맹골도리,19880423,,3,
4690036038,전라남도 진도군 조도면 진목도리,19880423,,3,
4690036039,전라남도 진도군 조도면 옥도리,19880423,,3,
4690036040,전라남도 진도군 조도면 눌옥도리,19880423,,3,
4690036041,전라남도 진도군 조도면 외병도리,19880423,,3,
4690036042,전라남도 진도군 조도면 내병도리,19880423,,3,
4690036043,전라남도 진도군 조도면 가사도리,19880423,,3,
4691000000,신안군,19880423,,1,4600000000
4691025000,지도읍,19880423,,2,4691000000
4691025021,전라남도 신안군 지도읍 내양리,19880423,,3,
4691025022,전라남도 신안군 지도읍 봉리,19880423,,3,
4691025023,전라남도 신안군 지도읍 어의리,19880423,,3,
4691025024,전라남도 신안군 지도읍 감정리,19880423,,3,
4691025025,전라남도 신안군 지도읍 읍내리,19880423,,3,
4691025026,전라남도 신안군 지도읍 광정리,19880423,,3,
4691025027,전라남도 신안군 지도읍 탄동리,19880423,,3,
4691025028,전라남도 신안군 지도읍 당촌리,19880423,,3,
4691025029,전라남도 신안군 지도읍 자동리,19880423,,3,
4691025030,전라남도 신안군 지도읍 태천리,19880423,,3,
4691025031,전라남도 신안군 지도읍 선도리,19880423,,3,
4691025300,압해읍,20120101,,2,4691000000
4691025321,전라남도 신안군 압해읍 복룡리,20120101,,3,
4691025322,전라남도 신안군 압해읍 가룡리,20120101,,3,
4691025323,전라남도 신안군 압해읍 고이리,20120101,,3,
4691025324,전라남도 신안군 압해읍 매화리,20120101,,3,
4691025325,전라남도 신안군 압해읍 신용리,20120101,,3,
4691025326,전라남도 신안군 압해읍 학교리,20120101,,3,
4691025327,전라남도 신안군 압해읍 동서리,20120101,,3,
4691025328,전라남도 신안군 압해읍 대천리,20120101,,3,
4691025329,전라남도 신안군 압해읍 송공리,20120101,,3,
4691025330,전라남도 신안군 압해읍 분매리,20120101,,3,
4691025331,전라남도 신안군 압해읍 신장리,20120101,,3,
4691025332,전라남도 신안군 압해읍 장감리,20120101,,3,
4691025333,전라남도 신안군 압해읍 가란리,20120101,,3,
4691031000,증도면,19880423,,2,4691000000
4691031021,전라남도 신안군 증도면 증동리,19880423,,3,
4691031022,전라남도 신안군 증도면 방축리,19880423,,3,
4691031023,전라남도 신안군 증도면 대초리,19880423,,3,
4691031024,전라남도 신안군 증도면 우전리,19880423,,3,
4691031025,전라남도 신안군 증도면 병풍리,19880423,,3,
4691032000,임자면,19880423,,2,4691000000
4691032021,전라남도 신안군 임자면 도찬리,19880423,,3,
4691032022,전라남도 신안군 임자면 대기리,19880423,,3,
4691032023,전라남도 신안군 임자면 광산리,19880423,,3,
4691032024,전라남도 신안군 임자면 재원리,19880423,,3,
4691032025,전라남도 신안군 임자면 삼두리,19880423,,3,
4691032026,전라남도 신안군 임자면 이흑암리,19880423,,3,
4691032027,전라남도 신안군 임자면 진리,19880423,,3,
4691032028,전라남도 신안군 임자면 수도리,19880423,,3,
4691033000,자은면,19880423,,2,4691000000
4691033021,전라남도 신안군 자은면 한운리,19880423,,3,
4691033022,전라남도 신안군 자은면 송산리,19880423,,3,
4691033023,전라남도 신안군 자은면 대율리,19880423,,3,
4691033024,전라남도 신안군 자은면 유천리,19880423,,3,
4691033025,전라남도 신안군 자은면 유각리,19880423,,3,
4691033026,전라남도 신안군 자은면 면전리,19880423,,3,
4691033027,전라남도 신안군 자은면 백산리,19880423,,3,
4691033028,전라남도 신안군 자은면 고장리,19880423,,3,
4691033029,전라남도 신안군 자은면 구영리,19880423,,3,
4691034000,비금면,19880423,,2,4691000000
4691034021,전라남도 신안군 비금면 광대리,19880423,,3,
4691034022,전라남도 신안군 비금면 용소리,19880423,,3,
4691034023,전라남도 신안군 비금면 도고리,19880423,,3,
4691034024,전라남도 신안군 비금면 가산리,19880423,,3,
4691034025,전라남도 신안군 비금면 덕산리,19880423,,3,
4691034026,전라남도 신안군 비금면 지당리,19880423,,3,
4691034027,전라남도 신안군 비금면 구림리,19880423,,3,
4691034028,전라남도 신안군 비금면 신원리,19880423,,3,
4691034029,전라남도 신안군 비금면 고서리,19880423,,3,
4691034030,전라남도 신안군 비금면 죽림리,19880423,,3,
4691034031,전라남도 신안군 비금면 내월리,19880423,,3,
4691034032,전라남도 신안군 비금면 수대리,19880423,,3,
4691034033,전라남도 신안군 비금면 수치리,19880423,,3,
4691035000,도초면,19880423,,2,4691000000
4691035021,전라남도 신안군 도초면 발매리,19880423,,3,
4691035022,전라남도 신안군 도초면 지남리,19880423,,3,
4691035023,전라남도 신안군 도초면 외남리,19880423,,3,
4691035024,전라남도 신안군 도초면 오류리,19880423,,3,
4691035025,전라남도 신안군 도초면 수항리,19880423,,3,
4691035026,전라남도 신안군 도초면 죽연리,19880423,,3,
4691035027,전라남도 신안군 도초면 고란리,19880423,,3,
4691035028,전라남도 신안군 도초면 이곡리,19880423,,3,
4691035029,전라남도 신안군 도초면 만년리,19880423,,3,
4691035030,전라남도 신안군 도초면 수다리,19880423,,3,
4691035031,전라남도 신안군 도초면 우이도리,19880423,,3,
4691036000,흑산면,19880423,,2,4691000000
4691036021,전라남도 신안군 흑산면 진리,19880423,,3,
4691036022,전라남도 신안군 흑산면 예리,19880423,,3,
4691036023,전라남도 신안군 흑산면 비리,19880423,,3,
4691036024,전라남도 신안군 흑산면 사리,19880423,,3,
4691036025,전라남도 신안군 흑산면 심리,19880423,,3,
4691036026,전라남도 신안군 흑산면 영산리,19880423,,3,
4691036028,전라남도 신안군 흑산면 오리,19880423,,3,
4691036029,전라남도 신안군 흑산면 홍도리,19880423,,3,
4691036030,전라남도 신안군 흑산면 태도리,19880423,,3,
4691036031,전라남도 신안군 흑산면 수리,19880423,,3,
4691036032,전라남도 신안군 흑산면 가거도리,19880423,,3,
4691036033,전라남도 신안군 흑산면 만재도리,19880423,,3,
4691036034,전라남도 신안군 흑산면 다물도리,19980214,,3,
4691037000,하의면,19880423,,2,4691000000
4691037021,전라남도 신안군 하의면 웅곡리,19880423,,3,
4691037022,전라남도 신안군 하의면 어은리,19880423,,3,
4691037023,전라남도 신안군 하의면 오림리,19880423,,3,
4691037024,전라남도 신안군 하의면 대리,19880423,,3,
4691037025,전라남도 신안군 하의면 후광리,19880423,,3,
4691037026,전라남도 신안군 하의면 능산리,19880423,,3,
4691037027,전라남도 신안군 하의면 옥도리,19880423,,3,
4691038000,신의면,19880423,,2,4691000000
4691038021,전라남도 신안군 신의면 상태서리,19880423,,3,
4691038022,전라남도 신안군 신의면 상태동리,19880423,,3,
4691038023,전라남도 신안군 신의면 하태서리,19880423,,3,
4691038024,전라남도 신안군 신의면 하태동리,19880423,,3,
4691038025,전라남도 신안군 신의면 고평사도리,19880423,,3,
4691039000,장산면,19880423,,2,4691000000
4691039021,전라남도 신안군 장산면 오음리,19880423,,3,
4691039022,전라남도 신안군 장산면 대리,19880423,,3,
4691039023,전라남도 신안군 장산면 도창리,19880423,,3,
4691039024,전라남도 신안군 장산면 공수리,19880423,,3,
4691039025,전라남도 신안군 장산면 팽진리,19880423,,3,
4691039026,전라남도 신안군 장산면 다수리,19880423,,3,
4691039027,전라남도 신안군 장산면 마진도리,19880423,,3,
4691040000,안좌면,19880423,,2,4691000000
4691040021,전라남도 신안군 안좌면 금산리,19880423,,3,
4691040022,전라남도 신안군 안좌면 탄동리,19880423,,3,
4691040023,전라남도 신안군 안좌면 산두리,19880423,,3,
4691040024,전라남도 신안군 안좌면 대리,19880423,,3,
4691040025,전라남도 신안군 안좌면 복호리,19880423,,3,
4691040026,전라남도 신안군 안좌면 자라리,19880423,,3,
4691040027,전라남도 신안군 안좌면 존포리,19880423,,3,
4691040028,전라남도 신안군 안좌면 향목리,19880423,,3,
4691040029,전라남도 신안군 안좌면 여흘리,19880423,,3,
4691040030,전라남도 신안군 안좌면 남강리,19880423,,3,
4691040031,전라남도 신안군 안좌면 대척리,19880423,,3,
4691040032,전라남도 신안군 안좌면 창마리,19880423,,3,
4691040033,전라남도 신안군 안좌면 소곡리,19880423,,3,
4691040034,전라남도 신안군 안좌면 박지리,19880423,,3,
4691040035,전라남도 신안군 안좌면 반월리,19880423,,3,
4691040036,전라남도 신안군 안좌면 구대리,19880423,,3,
4691040037,전라남도 신안군 안좌면 마명리,19880423,,3,
4691040038,전라남도 신안군 안좌면 신촌리,19880423,,3,
4691040039,전라남도 신안군 안좌면 대우리,19880423,,3,
4691040040,전라남도 신안군 안좌면 방월리,19880423,,3,
4691040041,전라남도 신안군 안좌면 내호리,19880423,,3,
4691040042,전라남도 신안군 안좌면 한운리,19880423,,3,
4691040043,전라남도 신안군 안좌면 시서리,19880423,,3,
4691040044,전라남도 신안군 안좌면 읍동리,19880423,,3,
4691040045,전라남도 신안군 안좌면 마진리,19880423,,3,
4691041000,팔금면,19880423,,2,4691000000
4691041021,전라남도 신안군 팔금면 대심리,19880423,,3,
4691041022,전라남도 신안군 팔금면 장촌리,19880423,,3,
4691041023,전라남도 신안군 팔금면 원산리,19880423,,3,
4691041024,전라남도 신안군 팔금면 읍리,19880423,,3,
4691041025,전라남도 신안군 팔금면 진고리,19880423,,3,
4691041026,전라남도 신안군 팔금면 이목리,19880423,,3,
4691041027,전라남도 신안군 팔금면 당고리,19880423,,3,
4691042000,암태면,19880423,,2,4691000000
4691042021,전라남도 신안군 암태면 도창리,19880423,,3,
4691042022,전라남도 신안군 암태면 수곡리,19880423,,3,
4691042023,전라남도 신안군 암태면 와촌리,19880423,,3,
4691042024,전라남도 신안군 암태면 단고리,19880423,,3,
4691042025,전라남도 신안군 암태면 오상리,19880423,,3,
4691042026,전라남도 신안군 암태면 기동리,19880423,,3,
4691042027,전라남도 신안군 암태면 송곡리,19880423,,3,
4691042028,전라남도 신안군 암태면 신석리,19880423,,3,
4691042029,전라남도 신안군 암태면 당사리,19880423,,3,
4700000000,경상북도,19880423,,0,
4711000000,포항시,19880423,,1,4700000000
4711100000,포항시 남구,19950101,,1,4700000000
4711110100,상도동,19950101,,2,4711100000
4711110200,대도동,19950101,,2,4711100000
4711110300,해도동,19950101,,2,4711100000
4711110400,송도동,19950101,,2,4711100000
4711110500,청림동,19950101,,2,4711100000
4711110600,일월동,19950101,,2,4711100000
4711110700,송정동,19950101,,2,4711100000
4711110800,송내동,19950101,,2,4711100000
4711110900,괴동동,19950101,,2,4711100000
4711111000,동촌동,19950101,,2,4711100000
4711111100,장흥동,19950101,,2,4711100000
4711111200,인덕동,19950101,,2,4711100000
4711111300,호동,19950101,,2,4711100000
4711111400,효자동,19950101,,2,4711100000
4711111500,지곡동,19950101,,2,4711100000
4711111600,대잠동,19950101,,2,4711100000
4711111700,이동,19950101,,2,4711100000
4711125000,구룡포읍,19950101,,2,4711100000
4711125021,경상북도 포항시 남구 구룡포읍 구룡포리,19950101,,3,
4711125022,경상북도 포항시 남구 구룡포읍 삼정리,19950101,,3,
4711125023,경상북도 포항시 남구 구룡포읍 석병리,19950101,,3,
4711125024,경상북도 포항시 남구 구룡포읍 성동리,19950101,,3,
4711125025,경상북도 포항시 남구 구룡포읍 구평리,19950101,,3,
4711125026,경상북도 포항시 남구 구룡포읍 장길리,19950101,,3,
4711125027,경상북도 포항시 남구 구룡포읍 하정리,19950101,,3,
4711125028,경상북도 포항시 남구 구룡포읍 병포리,19950101,,3,
4711125029,경상북도 포항시 남구 구룡포읍 후동리,19950101,,3,
4711125030,경상북도 포항시 남구 구룡포읍 눌태리,19950101,,3,
4711125300,연일읍,19950101,,2,4711100000
4711125321,경상북도 포항시 남구 연일읍 생지리,19950101,,3,
4711125322,경상북도 포항시 남구 연일읍 괴정리,19950101,,3,
4711125323,경상북도 포항시 남구 연일읍 동문리,19950101,,3,
4711125324,경상북도 포항시 남구 연일읍 오천리,19950101,,3,
4711125325,경상북도 포항시 남구 연일읍 유강리,19950101,,3,
4711125326,경상북도 포항시 남구 연일읍 자명리,19950101,,3,
4711125327,경상북도 포항시 남구 연일읍 학전리,19950101,,3,
4711125328,경상북도 포항시 남구 연일읍 달전리,19950101,,3,
4711125329,경상북도 포항시 남구 연일읍 중명리,19950101,,3,
4711125330,경상북도 포항시 남구 연일읍 중단리,19950101,,3,
4711125331,경상북도 포항시 남구 연일읍 택전리,19950101,,3,
4711125332,경상북도 포항시 남구 연일읍 인주리,19950101,,3,
4711125333,경상북도 포항시 남구 연일읍 우복리,19950101,,3,
4711125600,오천읍,19950101,,2,4711100000
4711125621,경상북도 포항시 남구 오천읍 원리,19950101,,3,
4711125622,경상북도 포항시 남구 오천읍 문덕리,19950101,,3,
4711125623,경상북도 포항시 남구 오천읍 항사리,19950101,,3,
4711125624,경상북도 포항시 남구 오천읍 진전리,19950101,,3,
4711125625,경상북도 포항시 남구 오천읍 갈평리,19950101,,3,
4711125626,경상북도 포항시 남구 오천읍 문충리,19950101,,3,
4711125627,경상북도 포항시 남구 오천읍 용산리,19950101,,3,
4711125628,경상북도 포항시 남구 오천읍 광명리,19950101,,3,
4711125629,경상북도 포항시 남구 오천읍 세계리,19950101,,3,
4711125630,경상북도 포항시 남구 오천읍 용덕리,19950101,,3,
4711125631,경상북도 포항시 남구 오천읍 구정리,19950101,,3,
4711131000,대송면,19950101,,2,4711100000
4711131021,경상북도 포항시 남구 대송면 공수리,19950101,,3,
4711131022,경상북도 포항시 남구 대송면 장동리,19950101,,3,
4711131023,경상북도 포항시 남구 대송면 홍계리,19950101,,3,
4711131024,경상북도 포항시 남구 대송면 산여리,19950101,,3,
4711131025,경상북도 포항시 남구 대송면 대각리,19950101,,3,
4711131026,경상북도 포항시 남구 대송면 송동리,19950101,,3,
4711131027,경상북도 포항시 남구 대송면 제내리,19950101,,3,
4711131028,경상북도 포항시 남구 대송면 옥명리,19950101,,3,
4711131029,경상북도 포항시 남구 대송면 남성리,19950101,,3,
4711132000,동해면,19950101,,2,4711100000
4711132021,경상북도 포항시 남구 동해면 도구리,19950101,,3,
4711132022,경상북도 포항시 남구 동해면 약전리,19950101,,3,
4711132023,경상북도 포항시 남구 동해면 금광리,19950101,,3,
4711132024,경상북도 포항시 남구 동해면 신정리,19950101,,3,
4711132025,경상북도 포항시 남구 동해면 석리,19950101,,3,
4711132026,경상북도 포항시 남구 동해면 임곡리,19950101,,3,
4711132027,경상북도 포항시 남구 동해면 입암리,19950101,,3,
4711132028,경상북도 포항시 남구 동해면 마산리,19950101,,3,
4711132029,경상북도 포항시 남구 동해면 흥환리,19950101,,3,
4711132030,경상북도 포항시 남구 동해면 중흥리,19950101,,3,
4711132031,경상북도 포항시 남구 동해면 발산리,19950101,,3,
4711132032,경상북도 포항시 남구 동해면 상정리,19950101,,3,
4711132033,경상북도 포항시 남구 동해면 중산리,19950101,,3,
4711132034,경상북도 포항시 남구 동해면 공당리,19950101,,3,
4711133000,장기면,19950101,,2,4711100000
4711133021,경상북도 포항시 남구 장기면 읍내리,19950101,,3,
4711133022,경상북도 포항시 남구 장기면 마현리,19950101,,3,
4711133023,경상북도 포항시 남구 장기면 금곡리,19950101,,3,
4711133024,경상북도 포항시 남구 장기면 영암리,19950101,,3,
4711133025,경상북도 포항시 남구 장기면 신창리,19950101,,3,
4711133026,경상북도 포항시 남구 장기면 양포리,19950101,,3,
4711133027,경상북도 포항시 남구 장기면 계원리,19950101,,3,
4711133028,경상북도 포항시 남구 장기면 두원리,19950101,,3,
4711133029,경상북도 포항시 남구 장기면 수성리,19950101,,3,
4711133030,경상북도 포항시 남구 장기면 임중리,19950101,,3,
4711133031,경상북도 포항시 남구 장기면 방산리,19950101,,3,
4711133032,경상북도 포항시 남구 장기면 산서리,19950101,,3,
4711133033,경상북도 포항시 남구 장기면 서촌리,19950101,,3,
4711133034,경상북도 포항시 남구 장기면 금오리,19950101,,3,
4711133035,경상북도 포항시 남구 장기면 대진리,19950101,,3,
4711133036,경상북도 포항시 남구 장기면 모포리,19950101,,3,
4711133037,경상북도 포항시 남구 장기면 학계리,19950101,,3,
4711133038,경상북도 포항시 남구 장기면 학곡리,19950101,,3,
4711133039,경상북도 포항시 남구 장기면 신계리,19950101,,3,
4711133040,경상북도 포항시 남구 장기면 창지리,19950101,,3,
4711133041,경상북도 포항시 남구 장기면 대곡리,19950101,,3,
4711133042,경상북도 포항시 남구 장기면 죽정리,19950101,,3,
4711133043,경상북도 포항시 남구 장기면 정천리,19950101,,3,
4711135000,호미곶면,20100101,,2,4711100000
4711135021,경상북도 포항시 남구 호미곶면 강사리,20100101,,3,
4711135022,경상북도 포항시 남구 호미곶면 대보리,20100101,,3,
4711135023,경상북도 포항시 남구 호미곶면 구만리,20100101,,3,
4711135024,경상북도 포항시 남구 호미곶면 대동배리,20100101,,3,
4711300000,포항시 북구,19950101,,1,4700000000
4711310100,대흥동,19980901,,2,4711300000
4711310200,신흥동,19950101,,2,4711300000
4711310300,남빈동,19950101,,2,4711300000
4711310400,상원동,19950101,,2,4711300000
4711310500,여천동,19950101,,2,4711300000
4711310600,중앙동,19950101,,2,4711300000
4711310700,덕산동,19980901,,2,4711300000
4711310800,덕수동,19980901,,2,4711300000
4711310900,대신동,19980901,,2,4711300000
4711311000,동빈1가,19980901,,2,4711300000
4711311100,동빈2가,19980901,,2,4711300000
4711311200,학산동,19980901,,2,4711300000
4711311300,항구동,19980901,,2,4711300000
4711311400,득량동,19950101,,2,4711300000
4711311500,학잠동,19950101,,2,4711300000
4711311600,죽도동,19950101,,2,4711300000
4711311700,용흥동,19980901,,2,4711300000
4711311800,우현동,19950101,,2,4711300000
4711311900,창포동,19980901,,2,4711300000
4711312000,두호동,19950101,,2,4711300000
4711312100,장성동,19980901,,2,4711300000
4711312200,양덕동,19950101,,2,4711300000
4711312300,환호동,19950101,,2,4711300000
4711312400,여남동,19950101,,2,4711300000
4711325000,흥해읍,19950101,,2,4711300000
4711325021,경상북도 포항시 북구 흥해읍 매산리,19950101,,3,
4711325022,경상북도 포항시 북구 흥해읍 북송리,19950101,,3,
4711325023,경상북도 포항시 북구 흥해읍 마산리,19950101,,3,
4711325024,경상북도 포항시 북구 흥해읍 옥성리,19950101,,3,
4711325025,경상북도 포항시 북구 흥해읍 약성리,19950101,,3,
4711325026,경상북도 포항시 북구 흥해읍 학성리,19950101,,3,
4711325027,경상북도 포항시 북구 흥해읍 남성리,19950101,,3,
4711325028,경상북도 포항시 북구 흥해읍 성내리,19950101,,3,
4711325029,경상북도 포항시 북구 흥해읍 중성리,19950101,,3,
4711325030,경상북도 포항시 북구 흥해읍 망천리,19950101,,3,
4711325031,경상북도 포항시 북구 흥해읍 남송리,19950101,,3,
4711325032,경상북도 포항시 북구 흥해읍 곡강리,19950101,,3,
4711325033,경상북도 포항시 북구 흥해읍 용한리,19950101,,3,
4711325034,경상북도 포항시 북구 흥해읍 우목리,19950101,,3,
4711325035,경상북도 포항시 북구 흥해읍 죽천리,19950101,,3,
4711325036,경상북도 포항시 북구 흥해읍 용곡리,19950101,,3,
4711325037,경상북도 포항시 북구 흥해읍 양백리,19950101,,3,
4711325038,경상북도 포항시 북구 흥해읍 덕성리,19950101,,3,
4711325039,경상북도 포항시 북구 흥해읍 덕장리,19950101,,3,
4711325040,경상북도 포항시 북구 흥해읍 용전리,19950101,,3,
4711325041,경상북도 포항시 북구 흥해읍 용천리,19950101,,3,
4711325042,경상북도 포항시 북구 흥해읍 금장리,19950101,,3,
4711325043,경상북도 포항시 북구 흥해읍 흥안리,19950101,,3,
4711325044,경상북도 포항시 북구 흥해읍 칠포리,19950101,,3,
4711325045,경상북도 포항시 북구 흥해읍 오도리,19950101,,3,
4711325046,경상북도 포항시 북구 흥해읍 초곡리,19950101,,3,
4711325047,경상북도 포항시 북구 흥해읍 학천리,19950101,,3,
4711325048,경상북도 포항시 북구 흥해읍 성곡리,19950101,,3,
4711325049,경상북도 포항시 북구 흥해읍 이인리,19950101,,3,
4711325050,경상북도 포항시 북구 흥해읍 대련리,19950101,,3,
4711331000,신광면,19950101,,2,4711300000
4711331021,경상북도 포항시 북구 신광면 냉수리,19950101,,3,
4711331022,경상북도 포항시 북구 신광면 흥곡리,19950101,,3,
4711331023,경상북도 포항시 북구 신광면 우각리,19950101,,3,
4711331024,경상북도 포항시 북구 신광면 죽성리,19950101,,3,
4711331025,경상북도 포항시 북구 신광면 상읍리,19950101,,3,
4711331026,경상북도 포항시 북구 신광면 토성리,19950101,,3,
4711331027,경상북도 포항시 북구 신광면 사정리,19950101,,3,
4711331028,경상북도 포항시 북구 신광면 안덕리,19950101,,3,
4711331029,경상북도 포항시 북구 신광면 만석리,19950101,,3,
4711331030,경상북도 포항시 북구 신광면 반곡리,19950101,,3,
4711331031,경상북도 포항시 북구 신광면 기일리,19950101,,3,
4711331032,경상북도 포항시 북구 신광면 마북리,19950101,,3,
4711331033,경상북도 포항시 북구 신광면 호리,19950101,,3,
4711332000,청하면,19950101,,2,4711300000
4711332021,경상북도 포항시 북구 청하면 덕성리,19950101,,3,
4711332022,경상북도 포항시 북구 청하면 덕천리,19950101,,3,
4711332023,경상북도 포항시 북구 청하면 미남리,19950101,,3,
4711332024,경상북도 포항시 북구 청하면 필화리,19950101,,3,
4711332025,경상북도 포항시 북구 청하면 용두리,19950101,,3,
4711332026,경상북도 포항시 북구 청하면 월포리,19950101,,3,
4711332027,경상북도 포항시 북구 청하면 방어리,19950101,,3,
4711332028,경상북도 포항시 북구 청하면 이가리,19950101,,3,
4711332029,경상북도 포항시 북구 청하면 청진리,19950101,,3,
4711332030,경상북도 포항시 북구 청하면 신흥리,19950101,,3,
4711332031,경상북도 포항시 북구 청하면 소동리,19950101,,3,
4711332032,경상북도 포항시 북구 청하면 고현리,19950101,,3,
4711332033,경상북도 포항시 북구 청하면 하대리,19950101,,3,
4711332034,경상북도 포항시 북구 청하면 상대리,19950101,,3,
4711332035,경상북도 포항시 북구 청하면 서정리,19950101,,3,
4711332036,경상북도 포항시 북구 청하면 명안리,19950101,,3,
4711332037,경상북도 포항시 북구 청하면 유계리,19950101,,3,
4711332038,경상북도 포항시 북구 청하면 청계리,19950101,,3,
4711333000,송라면,19950101,,2,4711300000
4711333021,경상북도 포항시 북구 송라면 상송리,19950101,,3,
4711333022,경상북도 포항시 북구 송라면 하송리,19950101,,3,
4711333023,경상북도 포항시 북구 송라면 중산리,19950101,,3,
4711333024,경상북도 포항시 북구 송라면 광천리,19950101,,3,
4711333025,경상북도 포항시 북구 송라면 조사리,19950101,,3,
4711333026,경상북도 포항시 북구 송라면 방석리,19950101,,3,
4711333027,경상북도 포항시 북구 송라면 화진리,19950101,,3,
4711333028,경상북도 포항시 북구 송라면 대전리,19950101,,3,
4711333029,경상북도 포항시 북구 송라면 지경리,19950101,,3,
4711334000,기계면,19950101,,2,4711300000
4711334021,경상북도 포항시 북구 기계면 현내리,19950101,,3,
4711334022,경상북도 포항시 북구 기계면 지가리,19950101,,3,
4711334023,경상북도 포항시 북구 기계면 봉계리,19950101,,3,
4711334024,경상북도 포항시 북구 기계면 고지리,19950101,,3,
4711334025,경상북도 포항시 북구 기계면 문성리,19950101,,3,
4711334026,경상북도 포항시 북구 기계면 학야리,19950101,,3,
4711334027,경상북도 포항시 북구 기계면 성계리,19950101,,3,
4711334028,경상북도 포항시 북구 기계면 내단리,19950101,,3,
4711334029,경상북도 포항시 북구 기계면 화대리,19950101,,3,
4711334030,경상북도 포항시 북구 기계면 화봉리,19950101,,3,
4711334031,경상북도 포항시 북구 기계면 계전리,19950101,,3,
4711334032,경상북도 포항시 북구 기계면 미현리,19950101,,3,
4711334033,경상북도 포항시 북구 기계면 인비리,19950101,,3,
4711334034,경상북도 포항시 북구 기계면 구지리,19950101,,3,
4711334035,경상북도 포항시 북구 기계면 가안리,19950101,,3,
4711334036,경상북도 포항시 북구 기계면 남계리,19950101,,3,
4711335000,죽장면,19950101,,2,4711300000
4711335021,경상북도 포항시 북구 죽장면 가사리,19950101,,3,
4711335022,경상북도 포항시 북구 죽장면 매현리,19950101,,3,
4711335023,경상북도 포항시 북구 죽장면 침곡리,19950101,,3,
4711335024,경상북도 포항시 북구 죽장면 입암리,19950101,,3,
4711335025,경상북도 포항시 북구 죽장면 일광리,19950101,,3,
4711335026,경상북도 포항시 북구 죽장면 지동리,19950101,,3,
4711335027,경상북도 포항시 북구 죽장면 정자리,19950101,,3,
4711335028,경상북도 포항시 북구 죽장면 감곡리,19950101,,3,
4711335029,경상북도 포항시 북구 죽장면 상사리,19950101,,3,
4711335030,경상북도 포항시 북구 죽장면 하사리,19950101,,3,
4711335031,경상북도 포항시 북구 죽장면 석계리,19950101,,3,
4711335032,경상북도 포항시 북구 죽장면 합덕리,19950101,,3,
4711335033,경상북도 포항시 북구 죽장면 월평리,19950101,,3,
4711335034,경상북도 포항시 북구 죽장면 방흥리,19950101,,3,
4711335035,경상북도 포항시 북구 죽장면 현내리,19950101,,3,
4711335036,경상북도 포항시 북구 죽장면 봉계리,19950101,,3,
4711335037,경상북도 포항시 북구 죽장면 두마리,19950101,,3,
4711335038,경상북도 포항시 북구 죽장면 상옥리,19950101,,3,
4711335039,경상북도 포항시 북구 죽장면 하옥리,19950101,,3,
4711336000,기북면,19950101,,2,4711300000
4711336021,경상북도 포항시 북구 기북면 관천리,19950101,,3,
4711336022,경상북도 포항시 북구 기북면 대곡리,19950101,,3,
4711336023,경상북도 포항시 북구 기북면 율산리,19950101,,3,
4711336024,경상북도 포항시 북구 기북면 용기리,19950101,,3,
4711336025,경상북도 포항시 북구 기북면 오덕리,19950101,,3,
4711336026,경상북도 포항시 북구 기북면 탑정리,19950101,,3,
4711336027,경상북도 포항시 북구 기북면 성법리,19950101,,3,
4713000000,경주시,19880423,,1,4700000000
4713010100,동부동,19981114,,2,4713000000
4713010200,서부동,19981114,,2,4713000000
4713010300,북부동,19981114,,2,4713000000
4713010400,성동동,19880423,,2,4713000000
4713010500,황오동,19880423,,2,4713000000
4713010600,노동동,19981114,,2,4713000000
4713010700,노서동,19981114,,2,4713000000
4713010800,성건동,19880423,,2,4713000000
4713010900,사정동,19880423,,2,4713000000
4713011000,황남동,19880423,,2,4713000000
4713011100,교동,19981114,,2,4713000000
4713011200,인왕동,19981114,,2,4713000000
4713011300,탑동,19880423,,2,4713000000
4713011400,충효동,19880423,,2,4713000000
4713011500,서악동,19880423,,2,4713000000
4713011600,효현동,19880423,,2,4713000000
4713011700,광명동,19880423,,2,4713000000
4713011800,동방동,19981114,,2,4713000000
4713011900,도지동,19981114,,2,4713000000
4713012000,남산동,19981114,,2,4713000000
4713012100,배반동,19981114,,2,4713000000
4713012200,구황동,19981114,,2,4713000000
4713012300,보문동,19981114,,2,4713000000
4713012400,황성동,19950301,,2,4713000000
4713012500,용강동,19950301,,2,4713000000
4713012600,동천동,19880423,,2,4713000000
4713012700,평동,19981114,,2,4713000000
4713012800,조양동,19981114,,2,4713000000
4713012900,시동,19981114,,2,4713000000
4713013000,시래동,19981114,,2,4713000000
4713013100,구정동,19981114,,2,4713000000
4713013200,마동,19880423,,2,4713000000
4713013300,하동,19880423,,2,4713000000
4713013400,진현동,19880423,,2,4713000000
4713013500,천군동,19880423,,2,4713000000
4713013600,신평동,19880423,,2,4713000000
4713013700,덕동,19880423,,2,4713000000
4713013800,암곡동,19880423,,2,4713000000
4713013900,황용동,19880423,,2,4713000000
4713014000,북군동,19880423,,2,4713000000
4713014100,손곡동,19880423,,2,4713000000
4713014200,율동,19880423,,2,4713000000
4713014300,배동,19880423,,2,4713000000
4713014400,석장동,19880423,,2,4713000000
4713025000,감포읍,19950101,,2,4713000000
4713025021,경상북도 경주시 감포읍 대본리,19950101,,3,
4713025022,경상북도 경주시 감포읍 전동리,19950101,,3,
4713025023,경상북도 경주시 감포읍 전촌리,19950101,,3,
4713025024,경상북도 경주시 감포읍 나정리,19950101,,3,
4713025025,경상북도 경주시 감포읍 오류리,19950101,,3,
4713025026,경상북도 경주시 감포읍 노동리,19950101,,3,
4713025027,경상북도 경주시 감포읍 팔조리,19950101,,3,
4713025028,경상북도 경주시 감포읍 호동리,19950101,,3,
4713025029,경상북도 경주시 감포읍 감포리,19950101,,3,
4713025300,안강읍,19950101,,2,4713000000
4713025321,경상북도 경주시 안강읍 검단리,19950101,,3,
4713025322,경상북도 경주시 안강읍 사방리,19950101,,3,
4713025323,경상북도 경주시 안강읍 갑산리,19950101,,3,
4713025324,경상북도 경주시 안강읍 대동리,19950101,,3,
4713025325,경상북도 경주시 안강읍 근계리,19950101,,3,
4713025326,경상북도 경주시 안강읍 육통리,19950101,,3,
4713025327,경상북도 경주시 안강읍 노당리,19950101,,3,
4713025328,경상북도 경주시 안강읍 옥산리,19950101,,3,
4713025329,경상북도 경주시 안강읍 두류리,19950101,,3,
4713025330,경상북도 경주시 안강읍 하곡리,19950101,,3,
4713025331,경상북도 경주시 안강읍 강교리,19950101,,3,
4713025332,경상북도 경주시 안강읍 산대리,19950101,,3,
4713025333,경상북도 경주시 안강읍 안강리,19950101,,3,
4713025334,경상북도 경주시 안강읍 양월리,19950101,,3,
4713025335,경상북도 경주시 안강읍 청령리,19950101,,3,
4713025600,건천읍,19950101,,2,4713000000
4713025621,경상북도 경주시 건천읍 대곡리,19950101,,3,
4713025622,경상북도 경주시 건천읍 용명리,19950101,,3,
4713025623,경상북도 경주시 건천읍 신평리,19950101,,3,
4713025624,경상북도 경주시 건천읍 송선리,19950101,,3,
4713025625,경상북도 경주시 건천읍 천포리,19950101,,3,
4713025626,경상북도 경주시 건천읍 화천리,19950101,,3,
4713025627,경상북도 경주시 건천읍 모량리,19950101,,3,
4713025628,경상북도 경주시 건천읍 방내리,19950101,,3,
4713025629,경상북도 경주시 건천읍 조전리,19950101,,3,
4713025630,경상북도 경주시 건천읍 금척리,19950101,,3,
4713025631,경상북도 경주시 건천읍 건천리,19950101,,3,
4713025900,외동읍,19950101,,2,4713000000
4713025921,경상북도 경주시 외동읍 입실리,19950101,,3,
4713025922,경상북도 경주시 외동읍 모화리,19950101,,3,
4713025923,경상북도 경주시 외동읍 석계리,19950101,,3,
4713025924,경상북도 경주시 외동읍 녹동리,19950101,,3,
4713025925,경상북도 경주시 외동읍 냉천리,19950101,,3,
4713025926,경상북도 경주시 외동읍 제내리,19950101,,3,
4713025927,경상북도 경주시 외동읍 연안리,19950101,,3,
4713025928,경상북도 경주시 외동읍 개곡리,19950101,,3,
4713025929,경상북도 경주시 외동읍 활성리,19950101,,3,
4713025930,경상북도 경주시 외동읍 말방리,19950101,,3,
4713025931,경상북도 경주시 외동읍 죽동리,19950101,,3,
4713025932,경상북도 경주시 외동읍 구어리,19950101,,3,
4713025933,경상북도 경주시 외동읍 방어리,19950101,,3,
4713025934,경상북도 경주시 외동읍 괘릉리,19950101,,3,
4713025935,경상북도 경주시 외동읍 신계리,19950101,,3,
4713025936,경상북도 경주시 외동읍 문산리,19950101,,3,
4713025937,경상북도 경주시 외동읍 북토리,19950101,,3,
4713031500,문무대왕면,20210401,,2,4713000000
4713031521,경상북도 경주시 문무대왕면 어일리,20210401,,3,
4713031522,경상북도 경주시 문무대왕면 입천리,20210401,,3,
4713031523,경상북도 경주시 문무대왕면 두산리,20210401,,3,
4713031524,경상북도 경주시 문무대왕면 송전리,20210401,,3,
4713031525,경상북도 경주시 문무대왕면 죽전리,20210401,,3,
4713031526,경상북도 경주시 문무대왕면 구길리,20210401,,3,
4713031527,경상북도 경주시 문무대왕면 용당리,20210401,,3,
4713031528,경상북도 경주시 문무대왕면 봉길리,20210401,,3,
4713031529,경상북도 경주시 문무대왕면 권이리,20210401,,3,
4713031530,경상북도 경주시 문무대왕면 호암리,20210401,,3,
4713031531,경상북도 경주시 문무대왕면 용동리,20210401,,3,
4713031532,경상북도 경주시 문무대왕면 와읍리,20210401,,3,
4713031533,경상북도 경주시 문무대왕면 안동리,20210401,,3,
4713031534,경상북도 경주시 문무대왕면 장항리,20210401,,3,
4713031535,경상북도 경주시 문무대왕면 범곡리,20210401,,3,
4713032000,양남면,19950101,,2,4713000000
4713032021,경상북도 경주시 양남면 하서리,19950101,,3,
4713032022,경상북도 경주시 양남면 수렴리,19950101,,3,
4713032023,경상북도 경주시 양남면 신서리,19950101,,3,
4713032024,경상북도 경주시 양남면 서동리,19950101,,3,
4713032025,경상북도 경주시 양남면 효동리,19950101,,3,
4713032026,경상북도 경주시 양남면 상계리,19950101,,3,
4713032027,경상북도 경주시 양남면 신대리,19950101,,3,
4713032028,경상북도 경주시 양남면 읍천리,19950101,,3,
4713032029,경상북도 경주시 양남면 석촌리,19950101,,3,
4713032030,경상북도 경주시 양남면 석읍리,19950101,,3,
4713032031,경상북도 경주시 양남면 기구리,19950101,,3,
4713032032,경상북도 경주시 양남면 환서리,19950101,,3,
4713032033,경상북도 경주시 양남면 상라리,19950101,,3,
4713032034,경상북도 경주시 양남면 나산리,19950101,,3,
4713032035,경상북도 경주시 양남면 나아리,19950101,,3,
4713033000,내남면,19950101,,2,4713000000
4713033021,경상북도 경주시 내남면 명계리,19950101,,3,
4713033022,경상북도 경주시 내남면 노곡리,19950101,,3,
4713033023,경상북도 경주시 내남면 월산리,19950101,,3,
4713033024,경상북도 경주시 내남면 이조리,19950101,,3,
4713033025,경상북도 경주시 내남면 용장리,19950101,,3,
4713033026,경상북도 경주시 내남면 망성리,19950101,,3,
4713033027,경상북도 경주시 내남면 화곡리,19950101,,3,
4713033028,경상북도 경주시 내남면 부지리,19950101,,3,
4713033029,경상북도 경주시 내남면 덕천리,19950101,,3,
4713033030,경상북도 경주시 내남면 상신리,19950101,,3,
4713033031,경상북도 경주시 내남면 안심리,19950101,,3,
4713033032,경상북도 경주시 내남면 박달리,19950101,,3,
4713033033,경상북도 경주시 내남면 비지리,19950101,,3,
4713034000,산내면,19950101,,2,4713000000
4713034021,경상북도 경주시 산내면 감산리,19950101,,3,
4713034022,경상북도 경주시 산내면 내칠리,19950101,,3,
4713034023,경상북도 경주시 산내면 외칠리,19950101,,3,
4713034024,경상북도 경주시 산내면 일부리,19950101,,3,
4713034025,경상북도 경주시 산내면 신원리,19950101,,3,
4713034026,경상북도 경주시 산내면 의곡리,19950101,,3,
4713034027,경상북도 경주시 산내면 내일리,19950101,,3,
4713034028,경상북도 경주시 산내면 우라리,19950101,,3,
4713034029,경상북도 경주시 산내면 대현리,19950101,,3,
4713035000,서면,19950101,,2,4713000000
4713035021,경상북도 경주시 서면 천촌리,19950101,,3,
4713035022,경상북도 경주시 서면 아화리,19950101,,3,
4713035023,경상북도 경주시 서면 도계리,19950101,,3,
4713035024,경상북도 경주시 서면 도리,19950101,,3,
4713035025,경상북도 경주시 서면 서오리,19950101,,3,
4713035026,경상북도 경주시 서면 심곡리,19950101,,3,
4713035027,경상북도 경주시 서면 사라리,19950101,,3,
4713035028,경상북도 경주시 서면 운대리,19950101,,3,
4713036000,현곡면,19950101,,2,4713000000
4713036021,경상북도 경주시 현곡면 라원리,19950101,,3,
4713036022,경상북도 경주시 현곡면 소현리,19950101,,3,
4713036023,경상북도 경주시 현곡면 하구리,19950101,,3,
4713036024,경상북도 경주시 현곡면 상구리,19950101,,3,
4713036025,경상북도 경주시 현곡면 무과리,19950101,,3,
4713036026,경상북도 경주시 현곡면 남사리,19950101,,3,
4713036027,경상북도 경주시 현곡면 금장리,19950101,,3,
4713036028,경상북도 경주시 현곡면 래태리,19950101,,3,
4713036029,경상북도 경주시 현곡면 가정리,19950101,,3,
4713036030,경상북도 경주시 현곡면 오류리,19950101,,3,
4713037000,강동면,19950101,,2,4713000000
4713037021,경상북도 경주시 강동면 모서리,19950101,,3,
4713037022,경상북도 경주시 강동면 호명리,19950101,,3,
4713037023,경상북도 경주시 강동면 안계리,19950101,,3,
4713037024,경상북도 경주시 강동면 다산리,19950101,,3,
4713037025,경상북도 경주시 강동면 단구리,19950101,,3,
4713037026,경상북도 경주시 강동면 유금리,19950101,,3,
4713037027,경상북도 경주시 강동면 오금리,19950101,,3,
4713037028,경상북도 경주시 강동면 왕신리,19950101,,3,
4713037029,경상북도 경주시 강동면 국당리,19950101,,3,
4713037030,경상북도 경주시 강동면 인동리,19950101,,3,
4713037031,경상북도 경주시 강동면 양동리,19950101,,3,
4713038000,천북면,19950101,,2,4713000000
4713038021,경상북도 경주시 천북면 물천리,19950101,,3,
4713038022,경상북도 경주시 천북면 덕산리,19950101,,3,
4713038023,경상북도 경주시 천북면 갈곡리,19950101,,3,
4713038024,경상북도 경주시 천북면 성지리,19950101,,3,
4713038025,경상북도 경주시 천북면 동산리,19950101,,3,
4713038026,경상북도 경주시 천북면 화산리,19950101,,3,
4713038027,경상북도 경주시 천북면 오야리,19950101,,3,
4713038028,경상북도 경주시 천북면 모아리,19950101,,3,
4713038029,경상북도 경주시 천북면 신당리,19950101,,3,
4715000000,김천시,19880423,,1,4700000000
4715010100,감호동,19980101,,2,4715000000
4715010200,용두동,19980101,,2,4715000000
4715010300,모암동,19980101,,2,4715000000
4715010400,성내동,19880423,,2,4715000000
4715010500,평화동,19880423,,2,4715000000
4715010600,남산동,20000101,,2,4715000000
4715010700,황금동,19980101,,2,4715000000
4715010800,신음동,19980101,,2,4715000000
4715010900,교동,19980901,,2,4715000000
4715011000,삼락동,19980901,,2,4715000000
4715011100,문당동,19980901,,2,4715000000
4715011200,다수동,19980101,,2,4715000000
4715011300,백옥동,19980101,,2,4715000000
4715011400,부곡동,19980101,,2,4715000000
4715011500,지좌동,19880423,,2,4715000000
4715011600,덕곡동,19880423,,2,4715000000
4715011700,대광동,19980101,,2,4715000000
4715011800,응명동,19980101,,2,4715000000
4715011900,양천동,19980101,,2,4715000000
4715012000,율곡동,20140102,,2,4715000000
4715025000,아포읍,19950301,,2,4715000000
4715025021,경상북도 김천시 아포읍 인리,19950301,,3,
4715025022,경상북도 김천시 아포읍 의리,19950301,,3,
4715025023,경상북도 김천시 아포읍 예리,19950301,,3,
4715025024,경상북도 김천시 아포읍 지리,19950301,,3,
4715025025,경상북도 김천시 아포읍 대신리,19950301,,3,
4715025026,경상북도 김천시 아포읍 봉산리,19950301,,3,
4715025027,경상북도 김천시 아포읍 제석리,19950301,,3,
4715025028,경상북도 김천시 아포읍 국사리,19950301,,3,
4715025029,경상북도 김천시 아포읍 송천리,19950301,,3,
4715025030,경상북도 김천시 아포읍 대성리,19950301,,3,
4715031000,농소면,19950101,,2,4715000000
4715031021,경상북도 김천시 농소면 입석리,19950101,,3,
4715031022,경상북도 김천시 농소면 신촌리,19950101,,3,
4715031023,경상북도 김천시 농소면 월곡리,19950101,,3,
4715031024,경상북도 김천시 농소면 용암리,19950101,,3,
4715031025,경상북도 김천시 농소면 봉곡리,19950101,,3,
4715031026,경상북도 김천시 농소면 연명리,19950101,,3,
4715031027,경상북도 김천시 농소면 노곡리,19950101,,3,
4715032000,남면,19950101,,2,4715000000
4715032021,경상북도 김천시 남면 옥산리,19950101,,3,
4715032022,경상북도 김천시 남면 운곡리,19950101,,3,
4715032023,경상북도 김천시 남면 송곡리,19950101,,3,
4715032024,경상북도 김천시 남면 월명리,19950101,,3,
4715032025,경상북도 김천시 남면 부상리,19950101,,3,
4715032026,경상북도 김천시 남면 오봉리,19950101,,3,
4715032027,경상북도 김천시 남면 봉천리,19950101,,3,
4715032028,경상북도 김천시 남면 초곡리,19950101,,3,
4715032030,경상북도 김천시 남면 운남리,19950101,,3,
4715034000,개령면,19950101,,2,4715000000
4715034021,경상북도 김천시 개령면 황계리,19950101,,3,
4715034022,경상북도 김천시 개령면 신룡리,19950101,,3,
4715034023,경상북도 김천시 개령면 덕촌리,19950101,,3,
4715034024,경상북도 김천시 개령면 서부리,19950101,,3,
4715034025,경상북도 김천시 개령면 동부리,19950101,,3,
4715034026,경상북도 김천시 개령면 양천리,19950101,,3,
4715034027,경상북도 김천시 개령면 광천리,19950101,,3,
4715034028,경상북도 김천시 개령면 남전리,19950101,,3,
4715035000,감문면,19950101,,2,4715000000
4715035021,경상북도 김천시 감문면 보광리,19950101,,3,
4715035022,경상북도 김천시 감문면 금라리,19950101,,3,
4715035023,경상북도 김천시 감문면 구야리,19950101,,3,
4715035024,경상북도 김천시 감문면 은림리,19950101,,3,
4715035025,경상북도 김천시 감문면 도명리,19950101,,3,
4715035026,경상북도 김천시 감문면 문무리,19950101,,3,
4715035027,경상북도 김천시 감문면 남곡리,19950101,,3,
4715035028,경상북도 김천시 감문면 송북리,19950101,,3,
4715035029,경상북도 김천시 감문면 금곡리,19950101,,3,
4715035030,경상북도 김천시 감문면 삼성리,19950101,,3,
4715035031,경상북도 김천시 감문면 광덕리,19950101,,3,
4715035032,경상북도 김천시 감문면 덕남리,19950101,,3,
4715035033,경상북도 김천시 감문면 태촌리,19950101,,3,
4715035034,경상북도 김천시 감문면 성촌리,19950101,,3,
4715035035,경상북도 김천시 감문면 대양리,19950101,,3,
4715036000,어모면,19950101,,2,4715000000
4715036021,경상북도 김천시 어모면 중왕리,19950101,,3,
4715036022,경상북도 김천시 어모면 옥율리,19950101,,3,
4715036023,경상북도 김천시 어모면 남산리,19950101,,3,
4715036024,경상북도 김천시 어모면 다남리,19950101,,3,
4715036025,경상북도 김천시 어모면 군자리,19950101,,3,
4715036026,경상북도 김천시 어모면 덕마리,19950101,,3,
4715036027,경상북도 김천시 어모면 구례리,19950101,,3,
4715036028,경상북도 김천시 어모면 옥계리,19950101,,3,
4715036029,경상북도 김천시 어모면 능치리,19950101,,3,
4715036030,경상북도 김천시 어모면 도암리,19950101,,3,
4715036031,경상북도 김천시 어모면 은기리,19950101,,3,
4715036032,경상북도 김천시 어모면 동좌리,19950101,,3,
4715037000,봉산면,19950101,,2,4715000000
4715037021,경상북도 김천시 봉산면 신리,19950101,,3,
4715037022,경상북도 김천시 봉산면 인의리,19950101,,3,
4715037023,경상북도 김천시 봉산면 예지리,19950101,,3,
4715037024,경상북도 김천시 봉산면 덕천리,19950101,,3,
4715037025,경상북도 김천시 봉산면 태화리,19950101,,3,
4715037026,경상북도 김천시 봉산면 상금리,19950101,,3,
4715037027,경상북도 김천시 봉산면 신암리,19950101,,3,
4715037028,경상북도 김천시 봉산면 광천리,19950101,,3,
4715038000,대항면,19950101,,2,4715000000
4715038021,경상북도 김천시 대항면 향천리,19950101,,3,
4715038022,경상북도 김천시 대항면 운수리,19950101,,3,
4715038023,경상북도 김천시 대항면 주례리,19950101,,3,
4715038024,경상북도 김천시 대항면 대성리,19950101,,3,
4715038025,경상북도 김천시 대항면 덕전리,19950101,,3,
4715038026,경상북도 김천시 대항면 대룡리,19950101,,3,
4715038027,경상북도 김천시 대항면 복전리,19950101,,3,
4715039000,감천면,19950101,,2,4715000000
4715039021,경상북도 김천시 감천면 용호리,19950101,,3,
4715039022,경상북도 김천시 감천면 무안리,19950101,,3,
4715039023,경상북도 김천시 감천면 도평리,19950101,,3,
4715039024,경상북도 김천시 감천면 광기리,19950101,,3,
4715039025,경상북도 김천시 감천면 금송리,19950101,,3,
4715040000,조마면,19950101,,2,4715000000
4715040021,경상북도 김천시 조마면 신안리,19950101,,3,
4715040022,경상북도 김천시 조마면 장암리,19950101,,3,
4715040023,경상북도 김천시 조마면 강곡리,19950101,,3,
4715040024,경상북도 김천시 조마면 신곡리,19950101,,3,
4715040025,경상북도 김천시 조마면 삼산리,19950101,,3,
4715040026,경상북도 김천시 조마면 신왕리,19950101,,3,
4715040027,경상북도 김천시 조마면 대방리,19950101,,3,
4715041000,구성면,19950101,,2,4715000000
4715041021,경상북도 김천시 구성면 하강리,19950101,,3,
4715041022,경상북도 김천시 구성면 양각리,19950101,,3,
4715041023,경상북도 김천시 구성면 흥평리,19950101,,3,
4715041024,경상북도 김천시 구성면 송죽리,19950101,,3,
4715041025,경상북도 김천시 구성면 광명리,19950101,,3,
4715041026,경상북도 김천시 구성면 금평리,19950101,,3,
4715041027,경상북도 김천시 구성면 구미리,19950101,,3,
4715041028,경상북도 김천시 구성면 임평리,19950101,,3,
4715041029,경상북도 김천시 구성면 임천리,19950101,,3,
4715041030,경상북도 김천시 구성면 월계리,19950101,,3,
4715041031,경상북도 김천시 구성면 마산리,19950101,,3,
4715041032,경상북도 김천시 구성면 작내리,19950101,,3,
4715041033,경상북도 김천시 구성면 용호리,19950101,,3,
4715041034,경상북도 김천시 구성면 상거리,19950101,,3,
4715041035,경상북도 김천시 구성면 상원리,19950101,,3,
4715041036,경상북도 김천시 구성면 미평리,19950101,,3,
4715041037,경상북도 김천시 구성면 상좌원리,19950101,,3,
4715042000,지례면,19950101,,2,4715000000
4715042021,경상북도 김천시 지례면 교리,19950101,,3,
4715042022,경상북도 김천시 지례면 상부리,19950101,,3,
4715042023,경상북도 김천시 지례면 대율리,19950101,,3,
4715042024,경상북도 김천시 지례면 거물리,19950101,,3,
4715042025,경상북도 김천시 지례면 도곡리,19950101,,3,
4715042026,경상북도 김천시 지례면 관덕리,19950101,,3,
4715042027,경상북도 김천시 지례면 신평리,19950101,,3,
4715042028,경상북도 김천시 지례면 이전리,19950101,,3,
4715042029,경상북도 김천시 지례면 울곡리,19950101,,3,
4715042030,경상북도 김천시 지례면 여배리,19950101,,3,
4715043000,부항면,19950101,,2,4715000000
4715043021,경상북도 김천시 부항면 신옥리,19950101,,3,
4715043022,경상북도 김천시 부항면 유촌리,19950101,,3,
4715043023,경상북도 김천시 부항면 지좌리,19950101,,3,
4715043024,경상북도 김천시 부항면 사등리,19950101,,3,
4715043025,경상북도 김천시 부항면 월곡리,19950101,,3,
4715043026,경상북도 김천시 부항면 어전리,19950101,,3,
4715043027,경상북도 김천시 부항면 하대리,19950101,,3,
4715043028,경상북도 김천시 부항면 해인리,19950101,,3,
4715043029,경상북도 김천시 부항면 대야리,19950101,,3,
4715043030,경상북도 김천시 부항면 파천리,19950101,,3,
4715043031,경상북도 김천시 부항면 안간리,19950101,,3,
4715043032,경상북도 김천시 부항면 두산리,19950101,,3,
4715043033,경상북도 김천시 부항면 희곡리,19950101,,3,
4715044000,대덕면,19950101,,2,4715000000
4715044021,경상북도 김천시 대덕면 연화리,19950101,,3,
4715044022,경상북도 김천시 대덕면 덕산리,19950101,,3,
4715044023,경상북도 김천시 대덕면 외감리,19950101,,3,
4715044024,경상북도 김천시 대덕면 내감리,19950101,,3,
4715044025,경상북도 김천시 대덕면 가례리,19950101,,3,
4715044026,경상북도 김천시 대덕면 조룡리,19950101,,3,
4715044027,경상북도 김천시 대덕면 추량리,19950101,,3,
4715044028,경상북도 김천시 대덕면 관기리,19950101,,3,
4715044029,경상북도 김천시 대덕면 화전리,19950101,,3,
4715044030,경상북도 김천시 대덕면 문의리,19950101,,3,
4715044031,경상북도 김천시 대덕면 대리,19950101,,3,
4715044032,경상북도 김천시 대덕면 중산리,19950101,,3,
4715045000,증산면,19950101,,2,4715000000
4715045021,경상북도 김천시 증산면 황항리,19950101,,3,
4715045022,경상북도 김천시 증산면 부항리,19950101,,3,
4715045023,경상북도 김천시 증산면 동안리,19950101,,3,
4715045024,경상북도 김천시 증산면 황정리,19950101,,3,
4715045025,경상북도 김천시 증산면 평촌리,19950101,,3,
4715045026,경상북도 김천시 증산면 수도리,19950101,,3,
4715045027,경상북도 김천시 증산면 유성리,19950101,,3,
4715045028,경상북도 김천시 증산면 금곡리,19950101,,3,
4715045029,경상북도 김천시 증산면 장전리,19950101,,3,
4715045030,경상북도 김천시 증산면 황점리,19950101,,3,
4717000000,안동시,19880423,,1,4700000000
4717010100,삼산동,19880423,,2,4717000000
4717010200,서부동,19880423,,2,4717000000
4717010300,북문동,19880423,,2,4717000000
4717010400,명륜동,19880423,,2,4717000000
4717010500,신안동,19880423,,2,4717000000
4717010600,율세동,19981201,,2,4717000000
4717010700,옥정동,19981201,,2,4717000000
4717010800,신세동,19981201,,2,4717000000
4717010900,법흥동,19981201,,2,4717000000
4717011000,용상동,19981201,,2,4717000000
4717011100,동문동,19970701,,2,4717000000
4717011200,동부동,19970701,,2,4717000000
4717011300,운흥동,19970701,,2,4717000000
4717011400,천리동,19970701,,2,4717000000
4717011500,남부동,19970701,,2,4717000000
4717011600,남문동,19970701,,2,4717000000
4717011700,안흥동,19970701,,2,4717000000
4717011800,대석동,19970701,,2,4717000000
4717011900,옥야동,19970701,,2,4717000000
4717012000,광석동,19970701,,2,4717000000
4717012100,당북동,19970701,,2,4717000000
4717012200,태화동,19880423,,2,4717000000
4717012300,화성동,19970701,,2,4717000000
4717012400,목성동,19880423,,2,4717000000
4717012500,법상동,19880423,,2,4717000000
4717012600,금곡동,19880423,,2,4717000000
4717012700,평화동,19880423,,2,4717000000
4717012800,안기동,19880423,,2,4717000000
4717012900,운안동,19970701,,2,4717000000
4717013000,성곡동,19981201,,2,4717000000
4717013100,상아동,19981201,,2,4717000000
4717013200,안막동,19931005,,2,4717000000
4717013300,옥동,19880423,,2,4717000000
4717013400,이천동,19880423,,2,4717000000
4717013500,노하동,19880423,,2,4717000000
4717013600,송현동,19880423,,2,4717000000
4717013700,송천동,19981201,,2,4717000000
4717013800,석동동,19981201,,2,4717000000
4717013900,정상동,19981201,,2,4717000000
4717014000,정하동,19981201,,2,4717000000
4717014100,수상동,19981201,,2,4717000000
4717014200,수하동,19981201,,2,4717000000
4717025000,풍산읍,19950101,,2,4717000000
4717025021,경상북도 안동시 풍산읍 안교리,19950101,,3,
4717025022,경상북도 안동시 풍산읍 상리리,19950101,,3,
4717025023,경상북도 안동시 풍산읍 하리리,19950101,,3,
4717025024,경상북도 안동시 풍산읍 마애리,19950101,,3,
4717025025,경상북도 안동시 풍산읍 수리,19950101,,3,
4717025026,경상북도 안동시 풍산읍 회곡리,19950101,,3,
4717025027,경상북도 안동시 풍산읍 계평리,19950101,,3,
4717025028,경상북도 안동시 풍산읍 막곡리,19950101,,3,
4717025029,경상북도 안동시 풍산읍 수곡리,19950101,,3,
4717025030,경상북도 안동시 풍산읍 노리,19950101,,3,
4717025031,경상북도 안동시 풍산읍 죽전리,19950101,,3,
4717025032,경상북도 안동시 풍산읍 만운리,19950101,,3,
4717025033,경상북도 안동시 풍산읍 서미리,19950101,,3,
4717025034,경상북도 안동시 풍산읍 신양리,19950101,,3,
4717025035,경상북도 안동시 풍산읍 현애리,19950101,,3,
4717025036,경상북도 안동시 풍산읍 오미리,19950101,,3,
4717025037,경상북도 안동시 풍산읍 괴정리,19950101,,3,
4717025038,경상북도 안동시 풍산읍 매곡리,19950101,,3,
4717025039,경상북도 안동시 풍산읍 소산리,19950101,,3,
4717031000,와룡면,19950101,,2,4717000000
4717031021,경상북도 안동시 와룡면 중가구리,19950101,,3,
4717031022,경상북도 안동시 와룡면 가구리,19950101,,3,
4717031023,경상북도 안동시 와룡면 산야리,19950101,,3,
4717031024,경상북도 안동시 와룡면 주계리,19950101,,3,
4717031025,경상북도 안동시 와룡면 가야리,19950101,,3,
4717031026,경상북도 안동시 와룡면 지내리,19950101,,3,
4717031027,경상북도 안동시 와룡면 태리,19950101,,3,
4717031028,경상북도 안동시 와룡면 서지리,19950101,,3,
4717031029,경상북도 안동시 와룡면 이하리,19950101,,3,
4717031030,경상북도 안동시 와룡면 이상리,19950101,,3,
4717031031,경상북도 안동시 와룡면 주하리,19950101,,3,
4717031032,경상북도 안동시 와룡면 감애리,19950101,,3,
4717031033,경상북도 안동시 와룡면 서현리,19950101,,3,
4717031034,경상북도 안동시 와룡면 라소리,19950101,,3,
4717031035,경상북도 안동시 와룡면 가류리,19950101,,3,
4717031036,경상북도 안동시 와룡면 도곡리,19950101,,3,
4717031037,경상북도 안동시 와룡면 절강리,19950101,,3,
4717031038,경상북도 안동시 와룡면 오천리,19950101,,3,
4717032000,북후면,19950101,,2,4717000000
4717032021,경상북도 안동시 북후면 옹천리,19950101,,3,
4717032022,경상북도 안동시 북후면 장기리,19950101,,3,
4717032023,경상북도 안동시 북후면 도촌리,19950101,,3,
4717032024,경상북도 안동시 북후면 오산리,19950101,,3,
4717032025,경상북도 안동시 북후면 도진리,19950101,,3,
4717032026,경상북도 안동시 북후면 물한리,19950101,,3,
4717032027,경상북도 안동시 북후면 연곡리,19950101,,3,
4717032028,경상북도 안동시 북후면 두산리,19950101,,3,
4717032029,경상북도 안동시 북후면 신전리,19950101,,3,
4717032030,경상북도 안동시 북후면 월전리,19950101,,3,
4717032031,경상북도 안동시 북후면 석탑리,19950101,,3,
4717032032,경상북도 안동시 북후면 대현리,19950101,,3,
4717033000,서후면,19950101,,2,4717000000
4717033021,경상북도 안동시 서후면 광평리,19950101,,3,
4717033022,경상북도 안동시 서후면 저전리,19950101,,3,
4717033023,경상북도 안동시 서후면 태장리,19950101,,3,
4717033024,경상북도 안동시 서후면 이송천리,19950101,,3,
4717033025,경상북도 안동시 서후면 금계리,19950101,,3,
4717033026,경상북도 안동시 서후면 성곡리,19950101,,3,
4717033027,경상북도 안동시 서후면 이개리,19950101,,3,
4717033028,경상북도 안동시 서후면 교리,19950101,,3,
4717033029,경상북도 안동시 서후면 명리,19950101,,3,
4717033030,경상북도 안동시 서후면 대두서리,19950101,,3,
4717033032,경상북도 안동시 서후면 재품리,20170303,,3,
4717034000,풍천면,19950101,,2,4717000000
4717034021,경상북도 안동시 풍천면 갈전리,19950101,,3,
4717034022,경상북도 안동시 풍천면 도양리,19950101,,3,
4717034023,경상북도 안동시 풍천면 구담리,19950101,,3,
4717034024,경상북도 안동시 풍천면 광덕리,19950101,,3,
4717034025,경상북도 안동시 풍천면 기산리,19950101,,3,
4717034026,경상북도 안동시 풍천면 신성리,19950101,,3,
4717034027,경상북도 안동시 풍천면 금계리,19950101,,3,
4717034028,경상북도 안동시 풍천면 구호리,19950101,,3,
4717034029,경상북도 안동시 풍천면 어담리,19950101,,3,
4717034030,경상북도 안동시 풍천면 인금리,19950101,,3,
4717034031,경상북도 안동시 풍천면 가곡리,19950101,,3,
4717034032,경상북도 안동시 풍천면 병산리,19950101,,3,
4717034033,경상북도 안동시 풍천면 하회리,19950101,,3,
4717035000,일직면,19950101,,2,4717000000
4717035021,경상북도 안동시 일직면 귀미리,19950101,,3,
4717035022,경상북도 안동시 일직면 구천리,19950101,,3,
4717035023,경상북도 안동시 일직면 망호리,19950101,,3,
4717035024,경상북도 안동시 일직면 원리,19950101,,3,
4717035025,경상북도 안동시 일직면 광연리,19950101,,3,
4717035026,경상북도 안동시 일직면 명진리,19950101,,3,
4717035027,경상북도 안동시 일직면 평팔리,19950101,,3,
4717035028,경상북도 안동시 일직면 용각리,19950101,,3,
4717035029,경상북도 안동시 일직면 국곡리,19950101,,3,
4717035030,경상북도 안동시 일직면 조탑리,19950101,,3,
4717035031,경상북도 안동시 일직면 송리리,19950101,,3,
4717035032,경상북도 안동시 일직면 원호리,19950101,,3,
4717035033,경상북도 안동시 일직면 운산리,19950101,,3,
4717036000,남후면,19950101,,2,4717000000
4717036021,경상북도 안동시 남후면 광음리,19950101,,3,
4717036022,경상북도 안동시 남후면 무릉리,19950101,,3,
4717036023,경상북도 안동시 남후면 개곡리,19950101,,3,
4717036024,경상북도 안동시 남후면 검암리,19950101,,3,
4717036025,경상북도 안동시 남후면 고하리,19950101,,3,
4717036026,경상북도 안동시 남후면 고상리,19950101,,3,
4717036027,경상북도 안동시 남후면 상아리,19950101,,3,
4717036028,경상북도 안동시 남후면 하아리,19950101,,3,
4717036029,경상북도 안동시 남후면 단호리,19950101,,3,
4717037000,남선면,19950101,,2,4717000000
4717037021,경상북도 안동시 남선면 이천리,19950101,,3,
4717037022,경상북도 안동시 남선면 신석리,19950101,,3,
4717037023,경상북도 안동시 남선면 구미리,19950101,,3,
4717037024,경상북도 안동시 남선면 신흥리,19950101,,3,
4717037025,경상북도 안동시 남선면 도로리,19950101,,3,
4717037026,경상북도 안동시 남선면 현내리,19950101,,3,
4717037027,경상북도 안동시 남선면 원림리,19950101,,3,
4717037028,경상북도 안동시 남선면 외하리,19950101,,3,
4717038000,임하면,19950101,,2,4717000000
4717038021,경상북도 안동시 임하면 임하리,19950101,,3,
4717038022,경상북도 안동시 임하면 천전리,19950101,,3,
4717038023,경상북도 안동시 임하면 추목리,19950101,,3,
4717038024,경상북도 안동시 임하면 신덕리,19950101,,3,
4717038025,경상북도 안동시 임하면 금소리,19950101,,3,
4717038026,경상북도 안동시 임하면 고곡리,19950101,,3,
4717038027,경상북도 안동시 임하면 오대리,19950101,,3,
4717038028,경상북도 안동시 임하면 노산리,19950101,,3,
4717039000,길안면,19950101,,2,4717000000
4717039021,경상북도 안동시 길안면 천지리,19950101,,3,
4717039022,경상북도 안동시 길안면 만음리,19950101,,3,
4717039023,경상북도 안동시 길안면 백자리,19950101,,3,
4717039024,경상북도 안동시 길안면 금곡리,19950101,,3,
4717039025,경상북도 안동시 길안면 송사리,19950101,,3,
4717039026,경상북도 안동시 길안면 대사리,19950101,,3,
4717039027,경상북도 안동시 길안면 고란리,19950101,,3,
4717039028,경상북도 안동시 길안면 묵계리,19950101,,3,
4717039029,경상북도 안동시 길안면 구수리,19950101,,3,
4717039030,경상북도 안동시 길안면 배방리,19950101,,3,
4717039031,경상북도 안동시 길안면 용계리,19950101,,3,
4717039032,경상북도 안동시 길안면 대곡리,19950101,,3,
4717039033,경상북도 안동시 길안면 현하리,19950101,,3,
4717040000,임동면,19950101,,2,4717000000
4717040021,경상북도 안동시 임동면 중평리,19950101,,3,
4717040022,경상북도 안동시 임동면 수곡리,19950101,,3,
4717040023,경상북도 안동시 임동면 고천리,19950101,,3,
4717040024,경상북도 안동시 임동면 갈전리,19950101,,3,
4717040025,경상북도 안동시 임동면 마령리,19950101,,3,
4717040026,경상북도 안동시 임동면 위리,19950101,,3,
4717040027,경상북도 안동시 임동면 대곡리,19950101,,3,
4717040028,경상북도 안동시 임동면 박곡리,19950101,,3,
4717040029,경상북도 안동시 임동면 마리,19950101,,3,
4717040030,경상북도 안동시 임동면 사월리,19950101,,3,
4717040031,경상북도 안동시 임동면 지리,19950101,,3,
4717040032,경상북도 안동시 임동면 망천리,19950101,,3,
4717041000,예안면,19950101,,2,4717000000
4717041021,경상북도 안동시 예안면 천전리,19950101,,3,
4717041022,경상북도 안동시 예안면 부포리,19950101,,3,
4717041023,경상북도 안동시 예안면 귀단리,19950101,,3,
4717041024,경상북도 안동시 예안면 태곡리,19950101,,3,
4717041025,경상북도 안동시 예안면 인계리,19950101,,3,
4717041026,경상북도 안동시 예안면 삼계리,19950101,,3,
4717041027,경상북도 안동시 예안면 도촌리,19950101,,3,
4717041028,경상북도 안동시 예안면 동천리,19950101,,3,
4717041029,경상북도 안동시 예안면 신남리,19950101,,3,
4717041030,경상북도 안동시 예안면 기사리,19950101,,3,
4717041031,경상북도 안동시 예안면 도목리,19950101,,3,
4717041032,경상북도 안동시 예안면 주진리,19950101,,3,
4717041033,경상북도 안동시 예안면 계곡리,19950101,,3,
4717041034,경상북도 안동시 예안면 정산리,19950101,,3,
4717041035,경상북도 안동시 예안면 구룡리,19950101,,3,
4717041036,경상북도 안동시 예안면 미질리,19950101,,3,
4717042000,도산면,19950101,,2,4717000000
4717042021,경상북도 안동시 도산면 토계리,19950101,,3,
4717042022,경상북도 안동시 도산면 분천리,19950101,,3,
4717042023,경상북도 안동시 도산면 의촌리,19950101,,3,
4717042024,경상북도 안동시 도산면 원천리,19950101,,3,
4717042025,경상북도 안동시 도산면 단천리,19950101,,3,
4717042026,경상북도 안동시 도산면 가송리,19950101,,3,
4717042027,경상북도 안동시 도산면 태자리,19950101,,3,
4717042028,경상북도 안동시 도산면 온혜리,19950101,,3,
4717042029,경상북도 안동시 도산면 운곡리,19950101,,3,
4717042030,경상북도 안동시 도산면 의일리,19950101,,3,
4717042031,경상북도 안동시 도산면 동부리,19950101,,3,
4717042032,경상북도 안동시 도산면 서부리,19950101,,3,
4717042033,경상북도 안동시 도산면 선양리,19950101,,3,
4717043000,녹전면,19950101,,2,4717000000
4717043021,경상북도 안동시 녹전면 신평리,19950101,,3,
4717043022,경상북도 안동시 녹전면 갈현리,19950101,,3,
4717043023,경상북도 안동시 녹전면 매정리,19950101,,3,
4717043024,경상북도 안동시 녹전면 원천리,19950101,,3,
4717043025,경상북도 안동시 녹전면 사천리,19950101,,3,
4717043026,경상북도 안동시 녹전면 녹래리,19950101,,3,
4717043027,경상북도 안동시 녹전면 죽송리,19950101,,3,
4717043028,경상북도 안동시 녹전면 구송리,19950101,,3,
4717043029,경상북도 안동시 녹전면 사신리,19950101,,3,
4717043030,경상북도 안동시 녹전면 서삼리,19950101,,3,
4719000000,구미시,19880423,,1,4700000000
4719010100,원평동,19880423,,2,4719000000
4719010200,지산동,19950301,,2,4719000000
4719010300,도량동,19950301,,2,4719000000
4719010400,봉곡동,19880423,,2,4719000000
4719010500,부곡동,19880423,,2,4719000000
4719010600,선기동,19880423,,2,4719000000
4719010700,수점동,19880423,,2,4719000000
4719010800,남통동,19990302,,2,4719000000
4719010900,형곡동,19950301,,2,4719000000
4719011000,송정동,19880423,,2,4719000000
4719011100,신평동,19880423,,2,4719000000
4719011200,비산동,19880423,,2,4719000000
4719011300,공단동,19880423,,2,4719000000
4719011400,광평동,19880423,,2,4719000000
4719011500,사곡동,19880423,,2,4719000000
4719011600,상모동,19880423,,2,4719000000
4719011700,임은동,19910806,,2,4719000000
4719011800,오태동,19880423,,2,4719000000
4719011900,신동,19880423,,2,4719000000
4719012000,구평동,19880423,,2,4719000000
4719012100,황상동,19880423,,2,4719000000
4719012200,인의동,19880423,,2,4719000000
4719012300,진평동,19880423,,2,4719000000
4719012400,시미동,19880423,,2,4719000000
4719012500,임수동,19880423,,2,4719000000
4719012600,양호동,19950301,,2,4719000000
4719012700,거의동,19880423,,2,4719000000
4719012800,옥계동,19880423,,2,4719000000
4719012900,구포동,19880423,,2,4719000000
4719013000,금전동,19880423,,2,4719000000
4719025000,선산읍,19950101,,2,4719000000
4719025021,경상북도 구미시 선산읍 완전리,19950101,,3,
4719025022,경상북도 구미시 선산읍 동부리,19950101,,3,
4719025023,경상북도 구미시 선산읍 노상리,19950101,,3,
4719025024,경상북도 구미시 선산읍 이문리,19950101,,3,
4719025025,경상북도 구미시 선산읍 죽장리,19950101,,3,
4719025026,경상북도 구미시 선산읍 내고리,19950101,,3,
4719025027,경상북도 구미시 선산읍 북산리,19950101,,3,
4719025028,경상북도 구미시 선산읍 습례리,19950101,,3,
4719025029,경상북도 구미시 선산읍 교리,19950101,,3,
4719025030,경상북도 구미시 선산읍 화조리,19950101,,3,
4719025031,경상북도 구미시 선산읍 원리,19950101,,3,
4719025032,경상북도 구미시 선산읍 독동리,19950101,,3,
4719025033,경상북도 구미시 선산읍 생곡리,19950101,,3,
4719025034,경상북도 구미시 선산읍 신기리,19950101,,3,
4719025035,경상북도 구미시 선산읍 봉곡리,19950101,,3,
4719025036,경상북도 구미시 선산읍 포상리,19950101,,3,
4719025037,경상북도 구미시 선산읍 소재리,19950101,,3,
4719025038,경상북도 구미시 선산읍 봉남리,19950101,,3,
4719025300,고아읍,19971101,,2,4719000000
4719025321,경상북도 구미시 고아읍 관심리,19971101,,3,
4719025322,경상북도 구미시 고아읍 이례리,19971101,,3,
4719025323,경상북도 구미시 고아읍 오로리,19971101,,3,
4719025324,경상북도 구미시 고아읍 대망리,19971101,,3,
4719025325,경상북도 구미시 고아읍 파산리,19971101,,3,
4719025326,경상북도 구미시 고아읍 신촌리,19971101,,3,
4719025327,경상북도 구미시 고아읍 황산리,19971101,,3,
4719025328,경상북도 구미시 고아읍 횡산리,19971101,,3,
4719025329,경상북도 구미시 고아읍 외예리,19971101,,3,
4719025330,경상북도 구미시 고아읍 내예리,19971101,,3,
4719025331,경상북도 구미시 고아읍 원호리,19971101,,3,
4719025332,경상북도 구미시 고아읍 문성리,19971101,,3,
4719025333,경상북도 구미시 고아읍 다식리,19971101,,3,
4719025334,경상북도 구미시 고아읍 괴평리,19971101,,3,
4719025335,경상북도 구미시 고아읍 송림리,19971101,,3,
4719025336,경상북도 구미시 고아읍 봉한리,19971101,,3,
4719025337,경상북도 구미시 고아읍 항곡리,19971101,,3,
4719025338,경상북도 구미시 고아읍 예강리,19971101,,3,
4719025600,산동읍,20210101,,2,4719000000
4719025621,경상북도 구미시 산동읍 동곡리,20210101,,3,
4719025622,경상북도 구미시 산동읍 도중리,20210101,,3,
4719025623,경상북도 구미시 산동읍 적림리,20210101,,3,
4719025624,경상북도 구미시 산동읍 성수리,20210101,,3,
4719025625,경상북도 구미시 산동읍 신당리,20210101,,3,
4719025626,경상북도 구미시 산동읍 봉산리,20210101,,3,
4719025627,경상북도 구미시 산동읍 임천리,20210101,,3,
4719025628,경상북도 구미시 산동읍 인덕리,20210101,,3,
4719025629,경상북도 구미시 산동읍 백현리,20210101,,3,
4719025630,경상북도 구미시 산동읍 송산리,20210101,,3,
4719031000,무을면,19950101,,2,4719000000
4719031021,경상북도 구미시 무을면 송삼리,19950101,,3,
4719031022,경상북도 구미시 무을면 무수리,19950101,,3,
4719031023,경상북도 구미시 무을면 오가리,19950101,,3,
4719031024,경상북도 구미시 무을면 상송리,19950101,,3,
4719031025,경상북도 구미시 무을면 안곡리,19950101,,3,
4719031026,경상북도 구미시 무을면 무등리,19950101,,3,
4719031027,경상북도 구미시 무을면 원리,19950101,,3,
4719031028,경상북도 구미시 무을면 백자리,19950101,,3,
4719031029,경상북도 구미시 무을면 웅곡리,19950101,,3,
4719031030,경상북도 구미시 무을면 무이리,19950101,,3,
4719032000,옥성면,19950101,,2,4719000000
4719032021,경상북도 구미시 옥성면 초곡리,19950101,,3,
4719032022,경상북도 구미시 옥성면 농소리,19950101,,3,
4719032023,경상북도 구미시 옥성면 주아리,19950101,,3,
4719032024,경상북도 구미시 옥성면 구봉리,19950101,,3,
4719032025,경상북도 구미시 옥성면 옥관리,19950101,,3,
4719032026,경상북도 구미시 옥성면 산촌리,19950101,,3,
4719032027,경상북도 구미시 옥성면 태봉리,19950101,,3,
4719032028,경상북도 구미시 옥성면 덕촌리,19950101,,3,
4719032029,경상북도 구미시 옥성면 대원리,19950101,,3,
4719033000,도개면,19950101,,2,4719000000
4719033021,경상북도 구미시 도개면 가산리,19950101,,3,
4719033022,경상북도 구미시 도개면 동산리,19950101,,3,
4719033023,경상북도 구미시 도개면 월림리,19950101,,3,
4719033024,경상북도 구미시 도개면 신곡리,19950101,,3,
4719033025,경상북도 구미시 도개면 궁기리,19950101,,3,
4719033026,경상북도 구미시 도개면 신림리,19950101,,3,
4719033027,경상북도 구미시 도개면 도개리,19950101,,3,
4719033028,경상북도 구미시 도개면 다곡리,19950101,,3,
4719033029,경상북도 구미시 도개면 용산리,19950101,,3,
4719034000,해평면,19950101,,2,4719000000
4719034021,경상북도 구미시 해평면 낙성리,19950101,,3,
4719034022,경상북도 구미시 해평면 해평리,19950101,,3,
4719034023,경상북도 구미시 해평면 오상리,19950101,,3,
4719034024,경상북도 구미시 해평면 문량리,19950101,,3,
4719034025,경상북도 구미시 해평면 괴곡리,19950101,,3,
4719034026,경상북도 구미시 해평면 금산리,19950101,,3,
4719034027,경상북도 구미시 해평면 도문리,19950101,,3,
4719034028,경상북도 구미시 해평면 월호리,19950101,,3,
4719034029,경상북도 구미시 해평면 금호리,19950101,,3,
4719034030,경상북도 구미시 해평면 창림리,19950101,,3,
4719034031,경상북도 구미시 해평면 송곡리,19950101,,3,
4719034032,경상북도 구미시 해평면 산양리,19950101,,3,
4719034033,경상북도 구미시 해평면 월곡리,19950101,,3,
4719034034,경상북도 구미시 해평면 낙산리,19950101,,3,
4719034035,경상북도 구미시 해평면 일선리,19950101,,3,
4719036000,장천면,19950101,,2,4719000000
4719036021,경상북도 구미시 장천면 상장리,19950101,,3,
4719036022,경상북도 구미시 장천면 하장리,19950101,,3,
4719036023,경상북도 구미시 장천면 상림리,19950101,,3,
4719036024,경상북도 구미시 장천면 금산리,19950101,,3,
4719036025,경상북도 구미시 장천면 오로리,19950101,,3,
4719036026,경상북도 구미시 장천면 묵어리,19950101,,3,
4719036027,경상북도 구미시 장천면 여남리,19950101,,3,
4719036028,경상북도 구미시 장천면 명곡리,19950101,,3,
4719036029,경상북도 구미시 장천면 신장리,19950101,,3,
4721000000,영주시,19880423,,1,4700000000
4721010100,영주동,19880423,,2,4721000000
4721010200,상망동,19880423,,2,4721000000
4721010300,하망동,19981015,,2,4721000000
4721010400,휴천동,19880423,,2,4721000000
4721010500,가흥동,19880423,,2,4721000000
4721010600,문정동,19880423,,2,4721000000
4721010700,고현동,19880423,,2,4721000000
4721010800,창진동,19880423,,2,4721000000
4721010900,상줄동,19880423,,2,4721000000
4721011000,조와동,19880423,,2,4721000000
4721011100,조암동,19880423,,2,4721000000
4721011200,적서동,19880423,,2,4721000000
4721011300,아지동,19880423,,2,4721000000
4721025000,풍기읍,19950101,,2,4721000000
4721025021,경상북도 영주시 풍기읍 성내리,19950101,,3,
4721025022,경상북도 영주시 풍기읍 동부리,19950101,,3,
4721025023,경상북도 영주시 풍기읍 산법리,19950101,,3,
4721025024,경상북도 영주시 풍기읍 미곡리,19950101,,3,
4721025025,경상북도 영주시 풍기읍 삼가리,19950101,,3,
4721025026,경상북도 영주시 풍기읍 욱금리,19950101,,3,
4721025027,경상북도 영주시 풍기읍 금계리,19950101,,3,
4721025028,경상북도 영주시 풍기읍 교촌리,19950101,,3,
4721025029,경상북도 영주시 풍기읍 서부리,19950101,,3,
4721025030,경상북도 영주시 풍기읍 백리,19950101,,3,
4721025031,경상북도 영주시 풍기읍 백신리,19950101,,3,
4721025032,경상북도 영주시 풍기읍 창락리,19950101,,3,
4721025033,경상북도 영주시 풍기읍 수철리,19950101,,3,
4721025034,경상북도 영주시 풍기읍 전구리,19950101,,3,
4721031000,이산면,19950101,,2,4721000000
4721031021,경상북도 영주시 이산면 원리,19950101,,3,
4721031022,경상북도 영주시 이산면 신암리,19950101,,3,
4721031023,경상북도 영주시 이산면 지동리,19950101,,3,
4721031024,경상북도 영주시 이산면 석포리,19950101,,3,
4721031025,경상북도 영주시 이산면 용상리,19950101,,3,
4721031026,경상북도 영주시 이산면 신천리,19950101,,3,
4721031027,경상북도 영주시 이산면 운문리,19950101,,3,
4721031028,경상북도 영주시 이산면 내림리,19950101,,3,
4721031029,경상북도 영주시 이산면 두월리,19950101,,3,
4721032000,평은면,19950101,,2,4721000000
4721032021,경상북도 영주시 평은면 강동리,19950101,,3,
4721032022,경상북도 영주시 평은면 지곡리,19950101,,3,
4721032023,경상북도 영주시 평은면 오운리,19950101,,3,
4721032024,경상북도 영주시 평은면 천본리,19950101,,3,
4721032025,경상북도 영주시 평은면 금광리,19950101,,3,
4721032026,경상북도 영주시 평은면 용혈리,19950101,,3,
4721032027,경상북도 영주시 평은면 평은리,19950101,,3,
4721033000,문수면,19950101,,2,4721000000
4721033021,경상북도 영주시 문수면 승문리,19950101,,3,
4721033022,경상북도 영주시 문수면 만방리,19950101,,3,
4721033023,경상북도 영주시 문수면 적동리,19950101,,3,
4721033024,경상북도 영주시 문수면 권선리,19950101,,3,
4721033025,경상북도 영주시 문수면 월호리,19950101,,3,
4721033027,경상북도 영주시 문수면 탄산리,19950101,,3,
4721033028,경상북도 영주시 문수면 조제리,19950101,,3,
4721033029,경상북도 영주시 문수면 수도리,19950101,,3,
4721033030,경상북도 영주시 문수면 대양리,20081016,,3,
4721034000,장수면,19950101,,2,4721000000
4721034021,경상북도 영주시 장수면 반구리,19950101,,3,
4721034022,경상북도 영주시 장수면 두전리,19950101,,3,
4721034023,경상북도 영주시 장수면 갈산리,19950101,,3,
4721034024,경상북도 영주시 장수면 성곡리,19950101,,3,
4721034025,경상북도 영주시 장수면 화기리,19950101,,3,
4721034026,경상북도 영주시 장수면 소룡리,19950101,,3,
4721034027,경상북도 영주시 장수면 호문리,19950101,,3,
4721034028,경상북도 영주시 장수면 파지리,19950101,,3,
4721035000,안정면,19950101,,2,4721000000
4721035021,경상북도 영주시 안정면 신전리,19950101,,3,
4721035022,경상북도 영주시 안정면 생현리,19950101,,3,
4721035023,경상북도 영주시 안정면 봉암리,19950101,,3,
4721035024,경상북도 영주시 안정면 용산리,19950101,,3,
4721035025,경상북도 영주시 안정면 여륵리,19950101,,3,
4721035026,경상북도 영주시 안정면 묵리,19950101,,3,
4721035027,경상북도 영주시 안정면 내줄리,19950101,,3,
4721035028,경상북도 영주시 안정면 일원리,19950101,,3,
4721035029,경상북도 영주시 안정면 안심리,19950101,,3,
4721035030,경상북도 영주시 안정면 옹암리,19950101,,3,
4721035031,경상북도 영주시 안정면 단촌리,19950101,,3,
4721035032,경상북도 영주시 안정면 대평리,19950101,,3,
4721035033,경상북도 영주시 안정면 오계리,19950101,,3,
4721035034,경상북도 영주시 안정면 동촌리,19950101,,3,
4721036000,봉현면,19950101,,2,4721000000
4721036021,경상북도 영주시 봉현면 두산리,19950101,,3,
4721036022,경상북도 영주시 봉현면 오현리,19950101,,3,
4721036023,경상북도 영주시 봉현면 대촌리,19950101,,3,
4721036024,경상북도 영주시 봉현면 한천리,19950101,,3,
4721036025,경상북도 영주시 봉현면 유전리,19950101,,3,
4721036026,경상북도 영주시 봉현면 노좌리,19950101,,3,
4721036027,경상북도 영주시 봉현면 하촌리,19950101,,3,
4721037000,순흥면,19950101,,2,4721000000
4721037021,경상북도 영주시 순흥면 태장리,19950101,,3,
4721037022,경상북도 영주시 순흥면 지동리,19950101,,3,
4721037023,경상북도 영주시 순흥면 석교리,19950101,,3,
4721037024,경상북도 영주시 순흥면 읍내리,19950101,,3,
4721037025,경상북도 영주시 순흥면 내죽리,19950101,,3,
4721037026,경상북도 영주시 순흥면 청구리,19950101,,3,
4721037027,경상북도 영주시 순흥면 배점리,19950101,,3,
4721037028,경상북도 영주시 순흥면 덕현리,19950101,,3,
4721038000,단산면,19950101,,2,4721000000
4721038021,경상북도 영주시 단산면 동원리,19950101,,3,
4721038022,경상북도 영주시 단산면 사천리,19950101,,3,
4721038023,경상북도 영주시 단산면 구구리,19950101,,3,
4721038024,경상북도 영주시 단산면 병산리,19950101,,3,
4721038025,경상북도 영주시 단산면 옥대리,19950101,,3,
4721038026,경상북도 영주시 단산면 단곡리,19950101,,3,
4721038027,경상북도 영주시 단산면 좌석리,19950101,,3,
4721038028,경상북도 영주시 단산면 마락리,19950101,,3,
4721039000,부석면,19950101,,2,4721000000
4721039021,경상북도 영주시 부석면 남대리,19950101,,3,
4721039022,경상북도 영주시 부석면 북지리,19950101,,3,
4721039023,경상북도 영주시 부석면 임곡리,19950101,,3,
4721039024,경상북도 영주시 부석면 소천리,19950101,,3,
4721039025,경상북도 영주시 부석면 노곡리,19950101,,3,
4721039026,경상북도 영주시 부석면 용암리,19950101,,3,
4721039027,경상북도 영주시 부석면 우곡리,19950101,,3,
4721039028,경상북도 영주시 부석면 상석리,19950101,,3,
4721039029,경상북도 영주시 부석면 감곡리,19950101,,3,
4721039030,경상북도 영주시 부석면 보계리,19950101,,3,
4723000000,영천시,19880423,,1,4700000000
4723010100,조교동,19880423,,2,4723000000
4723010200,망정동,19880423,,2,4723000000
4723010300,야사동,19880423,,2,4723000000
4723010400,문내동,19880423,,2,4723000000
4723010500,문외동,19880423,,2,4723000000
4723010600,창구동,19880423,,2,4723000000
4723010700,교촌동,19981020,,2,4723000000
4723010800,과전동,19880423,,2,4723000000
4723010900,성내동,19981020,,2,4723000000
4723011000,화룡동,19981020,,2,4723000000
4723011100,도동,19981020,,2,4723000000
4723011200,금노동,19981020,,2,4723000000
4723011300,완산동,19880423,,2,4723000000
4723011400,범어동,19981020,,2,4723000000
4723011500,작산동,19981020,,2,4723000000
4723011600,봉동,19981020,,2,4723000000
4723011700,본촌동,19981020,,2,4723000000
4723011800,채신동,19981020,,2,4723000000
4723011900,괴연동,19981020,,2,4723000000
4723012000,대전동,19981020,,2,4723000000
4723012100,녹전동,19981020,,2,4723000000
4723012200,도림동,19981020,,2,4723000000
4723012300,오미동,19981020,,2,4723000000
4723012400,오수동,19981020,,2,4723000000
4723012500,쌍계동,19981020,,2,4723000000
4723012600,도남동,19981020,,2,4723000000
4723012700,매산동,19981020,,2,4723000000
4723012800,언하동,19880423,,2,4723000000
4723012900,신기동,19890101,,2,4723000000
4723013000,서산동,19981020,,2,4723000000
4723025000,금호읍,19950101,,2,4723000000
4723025021,경상북도 영천시 금호읍 교대리,19950101,,3,
4723025022,경상북도 영천시 금호읍 덕성리,19950101,,3,
4723025023,경상북도 영천시 금호읍 성천리,19950101,,3,
4723025024,경상북도 영천시 금호읍 대미리,19950101,,3,
4723025025,경상북도 영천시 금호읍 석섬리,19950101,,3,
4723025026,경상북도 영천시 금호읍 원제리,19950101,,3,
4723025027,경상북도 영천시 금호읍 냉천리,19950101,,3,
4723025028,경상북도 영천시 금호읍 신월리,19950101,,3,
4723025029,경상북도 영천시 금호읍 봉죽리,19950101,,3,
4723025030,경상북도 영천시 금호읍 관정리,19950101,,3,
4723025031,경상북도 영천시 금호읍 구암리,19950101,,3,
4723025032,경상북도 영천시 금호읍 약남리,19950101,,3,
4723025033,경상북도 영천시 금호읍 대곡리,19950101,,3,
4723025034,경상북도 영천시 금호읍 호남리,19950101,,3,
4723025035,경상북도 영천시 금호읍 어은리,19950101,,3,
4723025036,경상북도 영천시 금호읍 오계리,19950101,,3,
4723025037,경상북도 영천시 금호읍 원기리,19950101,,3,
4723025038,경상북도 영천시 금호읍 신대리,19950101,,3,
4723025039,경상북도 영천시 금호읍 남성리,19950101,,3,
4723025040,경상북도 영천시 금호읍 삼호리,19950101,,3,
4723025041,경상북도 영천시 금호읍 황정리,19950101,,3,
4723031000,청통면,19950101,,2,4723000000
4723031021,경상북도 영천시 청통면 호당리,19950101,,3,
4723031022,경상북도 영천시 청통면 우천리,19950101,,3,
4723031023,경상북도 영천시 청통면 보성리,19950101,,3,
4723031024,경상북도 영천시 청통면 신덕리,19950101,,3,
4723031025,경상북도 영천시 청통면 대평리,19950101,,3,
4723031026,경상북도 영천시 청통면 죽정리,19950101,,3,
4723031027,경상북도 영천시 청통면 송천리,19950101,,3,
4723031028,경상북도 영천시 청통면 원촌리,19950101,,3,
4723031029,경상북도 영천시 청통면 신학리,19950101,,3,
4723031030,경상북도 영천시 청통면 치일리,19950101,,3,
4723031031,경상북도 영천시 청통면 애련리,19950101,,3,
4723031032,경상북도 영천시 청통면 계포리,19950101,,3,
4723031033,경상북도 영천시 청통면 계지리,19950101,,3,
4723031034,경상북도 영천시 청통면 신원리,19950101,,3,
4723031035,경상북도 영천시 청통면 용천리,19950101,,3,
4723032000,신녕면,19950101,,2,4723000000
4723032021,경상북도 영천시 신녕면 치산리,19950101,,3,
4723032022,경상북도 영천시 신녕면 부산리,19950101,,3,
4723032023,경상북도 영천시 신녕면 화서리,19950101,,3,
4723032024,경상북도 영천시 신녕면 화남리,19950101,,3,
4723032025,경상북도 영천시 신녕면 왕산리,19950101,,3,
4723032026,경상북도 영천시 신녕면 매양리,19950101,,3,
4723032027,경상북도 영천시 신녕면 화성리,19950101,,3,
4723032028,경상북도 영천시 신녕면 완전리,19950101,,3,
4723032029,경상북도 영천시 신녕면 신덕리,19950101,,3,
4723032030,경상북도 영천시 신녕면 연정리,19950101,,3,
4723032031,경상북도 영천시 신녕면 가천리,19950101,,3,
4723033000,화산면,19950101,,2,4723000000
4723033021,경상북도 영천시 화산면 연계리,19950101,,3,
4723033022,경상북도 영천시 화산면 덕암리,19950101,,3,
4723033023,경상북도 영천시 화산면 대안리,19950101,,3,
4723033024,경상북도 영천시 화산면 효정리,19950101,,3,
4723033025,경상북도 영천시 화산면 당지리,19950101,,3,
4723033026,경상북도 영천시 화산면 화산리,19950101,,3,
4723033027,경상북도 영천시 화산면 가상리,19950101,,3,
4723033028,경상북도 영천시 화산면 대기리,19950101,,3,
4723033029,경상북도 영천시 화산면 암기리,19950101,,3,
4723033030,경상북도 영천시 화산면 삼부리,19950101,,3,
4723033031,경상북도 영천시 화산면 석촌리,19950101,,3,
4723033032,경상북도 영천시 화산면 당곡리,19950101,,3,
4723033033,경상북도 영천시 화산면 유성리,19950101,,3,
4723033034,경상북도 영천시 화산면 부계리,19950101,,3,
4723033035,경상북도 영천시 화산면 용평리,19950101,,3,
4723034000,화북면,19950101,,2,4723000000
4723034021,경상북도 영천시 화북면 자천리,19950101,,3,
4723034022,경상북도 영천시 화북면 옥계리,19950101,,3,
4723034023,경상북도 영천시 화북면 입석리,19950101,,3,
4723034024,경상북도 영천시 화북면 용소리,19950101,,3,
4723034025,경상북도 영천시 화북면 법화리,19950101,,3,
4723034026,경상북도 영천시 화북면 하송리,19950101,,3,
4723034027,경상북도 영천시 화북면 상송리,19950101,,3,
4723034028,경상북도 영천시 화북면 죽전리,19950101,,3,
4723034029,경상북도 영천시 화북면 정각리,19950101,,3,
4723034030,경상북도 영천시 화북면 횡계리,19950101,,3,
4723034031,경상북도 영천시 화북면 공덕리,19950101,,3,
4723034032,경상북도 영천시 화북면 오산리,19950101,,3,
4723034034,경상북도 영천시 화북면 오동리,19950821,,3,
4723035000,화남면,19950101,,2,4723000000
4723035021,경상북도 영천시 화남면 금호리,19950101,,3,
4723035022,경상북도 영천시 화남면 죽곡리,19950101,,3,
4723035023,경상북도 영천시 화남면 신호리,19950101,,3,
4723035024,경상북도 영천시 화남면 사천리,19950101,,3,
4723035025,경상북도 영천시 화남면 대천리,19950101,,3,
4723035026,경상북도 영천시 화남면 선천리,19950101,,3,
4723035027,경상북도 영천시 화남면 삼창리,19950101,,3,
4723035028,경상북도 영천시 화남면 귀호리,19950101,,3,
4723035029,경상북도 영천시 화남면 안천리,19950101,,3,
4723035030,경상북도 영천시 화남면 온천리,19950101,,3,
4723035031,경상북도 영천시 화남면 구전리,19950101,,3,
4723035032,경상북도 영천시 화남면 용계리,19950101,,3,
4723035033,경상북도 영천시 화남면 월곡리,19950101,,3,
4723036000,자양면,19950101,,2,4723000000
4723036021,경상북도 영천시 자양면 보현리,19950101,,3,
4723036022,경상북도 영천시 자양면 도일리,19950101,,3,
4723036023,경상북도 영천시 자양면 충효리,19950101,,3,
4723036024,경상북도 영천시 자양면 삼귀리,19950101,,3,
4723036025,경상북도 영천시 자양면 용산리,19950101,,3,
4723036026,경상북도 영천시 자양면 신방리,19950101,,3,
4723036027,경상북도 영천시 자양면 노항리,19950101,,3,
4723036028,경상북도 영천시 자양면 성곡리,19950101,,3,
4723036029,경상북도 영천시 자양면 용화리,19950101,,3,
4723037000,임고면,19950101,,2,4723000000
4723037021,경상북도 영천시 임고면 양항리,19950101,,3,
4723037022,경상북도 영천시 임고면 선원리,19950101,,3,
4723037023,경상북도 영천시 임고면 덕연리,19950101,,3,
4723037024,경상북도 영천시 임고면 삼매리,19950101,,3,
4723037025,경상북도 영천시 임고면 평천리,19950101,,3,
4723037026,경상북도 영천시 임고면 황강리,19950101,,3,
4723037027,경상북도 영천시 임고면 효리,19950101,,3,
4723037028,경상북도 영천시 임고면 금대리,19950101,,3,
4723037029,경상북도 영천시 임고면 사리,19950101,,3,
4723037030,경상북도 영천시 임고면 수성리,19950101,,3,
4723037031,경상북도 영천시 임고면 우항리,19950101,,3,
4723037032,경상북도 영천시 임고면 고천리,19950101,,3,
4723037033,경상북도 영천시 임고면 매호리,19950101,,3,
4723037034,경상북도 영천시 임고면 양평리,19950101,,3,
4723038000,고경면,19950101,,2,4723000000
4723038021,경상북도 영천시 고경면 단포리,19950101,,3,
4723038022,경상북도 영천시 고경면 창하리,19950101,,3,
4723038023,경상북도 영천시 고경면 창상리,19950101,,3,
4723038024,경상북도 영천시 고경면 대의리,19950101,,3,
4723038025,경상북도 영천시 고경면 대성리,19950101,,3,
4723038026,경상북도 영천시 고경면 오류리,19950101,,3,
4723038027,경상북도 영천시 고경면 고도리,19950101,,3,
4723038028,경상북도 영천시 고경면 부리,19950101,,3,
4723038029,경상북도 영천시 고경면 용전리,19950101,,3,
4723038030,경상북도 영천시 고경면 도암리,19950101,,3,
4723038031,경상북도 영천시 고경면 상리리,19950101,,3,
4723038032,경상북도 영천시 고경면 학리,19950101,,3,
4723038033,경상북도 영천시 고경면 해선리,19950101,,3,
4723038034,경상북도 영천시 고경면 전사리,19950101,,3,
4723038035,경상북도 영천시 고경면 동도리,19950101,,3,
4723038036,경상북도 영천시 고경면 차당리,19950101,,3,
4723038037,경상북도 영천시 고경면 삼귀리,19950101,,3,
4723038038,경상북도 영천시 고경면 초일리,19950101,,3,
4723038039,경상북도 영천시 고경면 상덕리,19950101,,3,
4723038040,경상북도 영천시 고경면 가수리,19950101,,3,
4723038041,경상북도 영천시 고경면 석계리,19950101,,3,
4723038042,경상북도 영천시 고경면 삼산리,19950101,,3,
4723038043,경상북도 영천시 고경면 삼포리,19950101,,3,
4723038044,경상북도 영천시 고경면 오룡리,19950101,,3,
4723038045,경상북도 영천시 고경면 덕암리,19950101,,3,
4723038046,경상북도 영천시 고경면 청정리,19950101,,3,
4723038047,경상북도 영천시 고경면 파계리,19950101,,3,
4723038048,경상북도 영천시 고경면 칠전리,19950101,,3,
4723038049,경상북도 영천시 고경면 덕정리,19950101,,3,
4723038051,경상북도 영천시 고경면 논실리,19950821,,3,
4723039000,북안면,19950101,,2,4723000000
4723039021,경상북도 영천시 북안면 상리,19950101,,3,
4723039022,경상북도 영천시 북안면 당리,19950101,,3,
4723039023,경상북도 영천시 북안면 북리,19950101,,3,
4723039024,경상북도 영천시 북안면 도유리,19950101,,3,
4723039025,경상북도 영천시 북안면 명주리,19950101,,3,
4723039026,경상북도 영천시 북안면 용계리,19950101,,3,
4723039027,경상북도 영천시 북안면 신대리,19950101,,3,
4723039028,경상북도 영천시 북안면 신리리,19950101,,3,
4723039029,경상북도 영천시 북안면 효리,19950101,,3,
4723039030,경상북도 영천시 북안면 도천리,19950101,,3,
4723039031,경상북도 영천시 북안면 옥천리,19950101,,3,
4723039032,경상북도 영천시 북안면 서당리,19950101,,3,
4723039033,경상북도 영천시 북안면 고지리,19950101,,3,
4723039034,경상북도 영천시 북안면 임포리,19950101,,3,
4723039035,경상북도 영천시 북안면 반계리,19950101,,3,
4723039036,경상북도 영천시 북안면 자포리,19950101,,3,
4723039037,경상북도 영천시 북안면 신촌리,19950101,,3,
4723039038,경상북도 영천시 북안면 관리,19950101,,3,
4723039039,경상북도 영천시 북안면 원당리,19950101,,3,
4723039040,경상북도 영천시 북안면 내포리,19950101,,3,
4723039041,경상북도 영천시 북안면 반정리,19950101,,3,
4723039042,경상북도 영천시 북안면 송포리,19950101,,3,
4723039043,경상북도 영천시 북안면 유하리,19950101,,3,
4723039044,경상북도 영천시 북안면 유상리,19950101,,3,
4723040000,대창면,19950101,,2,4723000000
4723040021,경상북도 영천시 대창면 직천리,19950101,,3,
4723040022,경상북도 영천시 대창면 운천리,19950101,,3,
4723040023,경상북도 영천시 대창면 용전리,19950101,,3,
4723040024,경상북도 영천시 대창면 어방리,19950101,,3,
4723040025,경상북도 영천시 대창면 오길리,19950101,,3,
4723040026,경상북도 영천시 대창면 용호리,19950101,,3,
4723040027,경상북도 영천시 대창면 신광리,19950101,,3,
4723040028,경상북도 영천시 대창면 조곡리,19950101,,3,
4723040029,경상북도 영천시 대창면 대재리,19950101,,3,
4723040030,경상북도 영천시 대창면 구지리,19950101,,3,
4723040031,경상북도 영천시 대창면 사리리,19950101,,3,
4723040032,경상북도 영천시 대창면 대창리,19950101,,3,
4723040033,경상북도 영천시 대창면 강회리,19950101,,3,
4723040034,경상북도 영천시 대창면 병암리,19950101,,3,
4725000000,상주시,19880423,,1,4700000000
4725010100,성하동,19880423,,2,4725000000
4725010200,성동동,19880423,,2,4725000000
4725010300,인봉동,19981012,,2,4725000000
4725010400,복룡동,19880423,,2,4725000000
4725010500,냉림동,19880423,,2,4725000000
4725010600,서성동,19981012,,2,4725000000
4725010700,남성동,19880423,,2,4725000000
4725010800,서문동,19981012,,2,4725000000
4725010900,무양동,19880423,,2,4725000000
4725011000,낙양동,19880423,,2,4725000000
4725011100,개운동,19880423,,2,4725000000
4725011200,신봉동,19880423,,2,4725000000
4725011300,가장동,19880423,,2,4725000000
4725011400,양촌동,19880423,,2,4725000000
4725011500,지천동,19880423,,2,4725000000
4725011600,오대동,19880423,,2,4725000000
4725011700,흥각동,19880423,,2,4725000000
4725011800,거동동,19880423,,2,4725000000
4725011900,인평동,19880423,,2,4725000000
4725012000,서곡동,19880423,,2,4725000000
4725012100,화개동,19880423,,2,4725000000
4725012200,외답동,19880423,,2,4725000000
4725012300,헌신동,19880423,,2,4725000000
4725012400,병성동,19880423,,2,4725000000
4725012500,도남동,19880423,,2,4725000000
4725012600,낙상동,19880423,,2,4725000000
4725012700,중덕동,19880423,,2,4725000000
4725012800,초산동,19880423,,2,4725000000
4725012900,화산동,19880423,,2,4725000000
4725013000,계산동,19880423,,2,4725000000
4725013100,부원동,19880423,,2,4725000000
4725013200,죽전동,19880423,,2,4725000000
4725013300,만산동,19880423,,2,4725000000
4725013400,연원동,19880423,,2,4725000000
4725013500,남장동,19880423,,2,4725000000
4725013600,남적동,19880423,,2,4725000000
4725025000,함창읍,19950101,,2,4725000000
4725025021,경상북도 상주시 함창읍 구향리,19950101,,3,
4725025022,경상북도 상주시 함창읍 오동리,19950101,,3,
4725025023,경상북도 상주시 함창읍 오사리,19950101,,3,
4725025024,경상북도 상주시 함창읍 증촌리,19950101,,3,
4725025025,경상북도 상주시 함창읍 교촌리,19950101,,3,
4725025026,경상북도 상주시 함창읍 나한리,19950101,,3,
4725025027,경상북도 상주시 함창읍 대조리,19950101,,3,
4725025028,경상북도 상주시 함창읍 윤직리,19950101,,3,
4725025029,경상북도 상주시 함창읍 덕통리,19950101,,3,
4725025030,경상북도 상주시 함창읍 척동리,19950101,,3,
4725025031,경상북도 상주시 함창읍 태봉리,19950101,,3,
4725025032,경상북도 상주시 함창읍 신흥리,19950101,,3,
4725025033,경상북도 상주시 함창읍 신덕리,19950101,,3,
4725025034,경상북도 상주시 함창읍 금곡리,19950101,,3,
4725025035,경상북도 상주시 함창읍 하갈리,19950101,,3,
4725031000,중동면,19950101,,2,4725000000
4725031021,경상북도 상주시 중동면 회상리,19950101,,3,
4725031022,경상북도 상주시 중동면 오상리,19950101,,3,
4725031023,경상북도 상주시 중동면 죽암리,19950101,,3,
4725031024,경상북도 상주시 중동면 간상리,19950101,,3,
4725031025,경상북도 상주시 중동면 신암리,19950101,,3,
4725031026,경상북도 상주시 중동면 금당리,19950101,,3,
4725031027,경상북도 상주시 중동면 우물리,19950101,,3,
4725032500,사벌국면,20200101,,2,4725000000
4725032521,경상북도 상주시 사벌국면 덕담리,20200101,,3,
4725032522,경상북도 상주시 사벌국면 원흥리,20200101,,3,
4725032523,경상북도 상주시 사벌국면 두릉리,20200101,,3,
4725032524,경상북도 상주시 사벌국면 목가리,20200101,,3,
4725032525,경상북도 상주시 사벌국면 덕가리,20200101,,3,
4725032526,경상북도 상주시 사벌국면 용담리,20200101,,3,
4725032527,경상북도 상주시 사벌국면 묵상리,20200101,,3,
4725032528,경상북도 상주시 사벌국면 묵하리,20200101,,3,
4725032529,경상북도 상주시 사벌국면 매협리,20200101,,3,
4725032530,경상북도 상주시 사벌국면 매호리,20200101,,3,
4725032531,경상북도 상주시 사벌국면 퇴강리,20200101,,3,
4725032532,경상북도 상주시 사벌국면 엄암리,20200101,,3,
4725032533,경상북도 상주시 사벌국면 금흔리,20200101,,3,
4725032534,경상북도 상주시 사벌국면 화달리,20200101,,3,
4725032535,경상북도 상주시 사벌국면 삼덕리,20200101,,3,
4725033000,낙동면,19950101,,2,4725000000
4725033021,경상북도 상주시 낙동면 상촌리,19950101,,3,
4725033022,경상북도 상주시 낙동면 낙동리,19950101,,3,
4725033023,경상북도 상주시 낙동면 장곡리,19950101,,3,
4725033024,경상북도 상주시 낙동면 구잠리,19950101,,3,
4725033025,경상북도 상주시 낙동면 물량리,19950101,,3,
4725033026,경상북도 상주시 낙동면 분황리,19950101,,3,
4725033027,경상북도 상주시 낙동면 성동리,19950101,,3,
4725033028,경상북도 상주시 낙동면 신상리,19950101,,3,
4725033029,경상북도 상주시 낙동면 화산리,19950101,,3,
4725033030,경상북도 상주시 낙동면 내곡리,19950101,,3,
4725033031,경상북도 상주시 낙동면 운평리,19950101,,3,
4725033032,경상북도 상주시 낙동면 승곡리,19950101,,3,
4725033033,경상북도 상주시 낙동면 비룡리,19950101,,3,
4725033034,경상북도 상주시 낙동면 용포리,19950101,,3,
4725033035,경상북도 상주시 낙동면 수정리,19950101,,3,
4725033036,경상북도 상주시 낙동면 신오리,19950101,,3,
4725033037,경상북도 상주시 낙동면 유곡리,19950101,,3,
4725034000,청리면,19950101,,2,4725000000
4725034021,경상북도 상주시 청리면 원장리,19950101,,3,
4725034022,경상북도 상주시 청리면 월로리,19950101,,3,
4725034023,경상북도 상주시 청리면 청하리,19950101,,3,
4725034024,경상북도 상주시 청리면 청상리,19950101,,3,
4725034025,경상북도 상주시 청리면 마공리,19950101,,3,
4725034026,경상북도 상주시 청리면 가천리,19950101,,3,
4725034027,경상북도 상주시 청리면 하초리,19950101,,3,
4725034028,경상북도 상주시 청리면 수상리,19950101,,3,
4725034029,경상북도 상주시 청리면 덕산리,19950101,,3,
4725034030,경상북도 상주시 청리면 율리,19950101,,3,
4725034031,경상북도 상주시 청리면 삼괴리,19950101,,3,
4725034032,경상북도 상주시 청리면 학하리,19950101,,3,
4725035000,공성면,19950101,,2,4725000000
4725035021,경상북도 상주시 공성면 옥산리,19950101,,3,
4725035022,경상북도 상주시 공성면 금계리,19950101,,3,
4725035023,경상북도 상주시 공성면 장동리,19950101,,3,
4725035024,경상북도 상주시 공성면 거창리,19950101,,3,
4725035025,경상북도 상주시 공성면 영오리,19950101,,3,
4725035026,경상북도 상주시 공성면 이화리,19950101,,3,
4725035027,경상북도 상주시 공성면 산현리,19950101,,3,
4725035028,경상북도 상주시 공성면 평천리,19950101,,3,
4725035029,경상북도 상주시 공성면 무곡리,19950101,,3,
4725035030,경상북도 상주시 공성면 용안리,19950101,,3,
4725035031,경상북도 상주시 공성면 초오리,19950101,,3,
4725035032,경상북도 상주시 공성면 인창리,19950101,,3,
4725035033,경상북도 상주시 공성면 용신리,19950101,,3,
4725035034,경상북도 상주시 공성면 효곡리,19950101,,3,
4725035035,경상북도 상주시 공성면 봉산리,19950101,,3,
4725035036,경상북도 상주시 공성면 오광리,19950101,,3,
4725035037,경상북도 상주시 공성면 우하리,19950101,,3,
4725035038,경상북도 상주시 공성면 신곡리,19950101,,3,
4725035039,경상북도 상주시 공성면 도곡리,19950101,,3,
4725036000,외남면,19950101,,2,4725000000
4725036021,경상북도 상주시 외남면 구서리,19950101,,3,
4725036022,경상북도 상주시 외남면 소상리,19950101,,3,
4725036023,경상북도 상주시 외남면 신촌리,19950101,,3,
4725036024,경상북도 상주시 외남면 송지리,19950101,,3,
4725036025,경상북도 상주시 외남면 신상리,19950101,,3,
4725036026,경상북도 상주시 외남면 흔평리,19950101,,3,
4725036027,경상북도 상주시 외남면 소은리,19950101,,3,
4725036028,경상북도 상주시 외남면 지사리,19950101,,3,
4725037000,내서면,19950101,,2,4725000000
4725037021,경상북도 상주시 내서면 능암리,19950101,,3,
4725037022,경상북도 상주시 내서면 신촌리,19950101,,3,
4725037023,경상북도 상주시 내서면 북장리,19950101,,3,
4725037024,경상북도 상주시 내서면 고곡리,19950101,,3,
4725037025,경상북도 상주시 내서면 서만리,19950101,,3,
4725037026,경상북도 상주시 내서면 서원리,19950101,,3,
4725037027,경상북도 상주시 내서면 낙서리,19950101,,3,
4725037028,경상북도 상주시 내서면 평지리,19950101,,3,
4725037029,경상북도 상주시 내서면 노류리,19950101,,3,
4725038000,모동면,19950101,,2,4725000000
4725038021,경상북도 상주시 모동면 덕곡리,19950101,,3,
4725038022,경상북도 상주시 모동면 이동리,19950101,,3,
4725038023,경상북도 상주시 모동면 용호리,19950101,,3,
4725038024,경상북도 상주시 모동면 금천리,19950101,,3,
4725038025,경상북도 상주시 모동면 신천리,19950101,,3,
4725038026,경상북도 상주시 모동면 상판리,19950101,,3,
4725038027,경상북도 상주시 모동면 반계리,19950101,,3,
4725038028,경상북도 상주시 모동면 정양리,19950101,,3,
4725038029,경상북도 상주시 모동면 신흥리,19950101,,3,
4725038030,경상북도 상주시 모동면 수봉리,19950101,,3,
4725039000,모서면,19950101,,2,4725000000
4725039021,경상북도 상주시 모서면 삼포리,19950101,,3,
4725039022,경상북도 상주시 모서면 도안리,19950101,,3,
4725039023,경상북도 상주시 모서면 소정리,19950101,,3,
4725039024,경상북도 상주시 모서면 대포리,19950101,,3,
4725039025,경상북도 상주시 모서면 석산리,19950101,,3,
4725039026,경상북도 상주시 모서면 가막리,19950101,,3,
4725039027,경상북도 상주시 모서면 지산리,19950101,,3,
4725039028,경상북도 상주시 모서면 화현리,19950101,,3,
4725039029,경상북도 상주시 모서면 득수리,19950101,,3,
4725039030,경상북도 상주시 모서면 백학리,19950101,,3,
4725039031,경상북도 상주시 모서면 정산리,19950101,,3,
4725039032,경상북도 상주시 모서면 호음리,19950101,,3,
4725040000,화동면,19950101,,2,4725000000
4725040021,경상북도 상주시 화동면 이소리,19950101,,3,
4725040022,경상북도 상주시 화동면 선교리,19950101,,3,
4725040023,경상북도 상주시 화동면 판곡리,19950101,,3,
4725040024,경상북도 상주시 화동면 어산리,19950101,,3,
4725040025,경상북도 상주시 화동면 신촌리,19950101,,3,
4725040026,경상북도 상주시 화동면 반곡리,19950101,,3,
4725040027,경상북도 상주시 화동면 보미리,19950101,,3,
4725040028,경상북도 상주시 화동면 양지리,19950101,,3,
4725040029,경상북도 상주시 화동면 평산리,19950101,,3,
4725041000,화서면,19950101,,2,4725000000
4725041021,경상북도 상주시 화서면 신봉리,19950101,,3,
4725041022,경상북도 상주시 화서면 상현리,19950101,,3,
4725041023,경상북도 상주시 화서면 달천리,19950101,,3,
4725041024,경상북도 상주시 화서면 상용리,19950101,,3,
4725041025,경상북도 상주시 화서면 금산리,19950101,,3,
4725041026,경상북도 상주시 화서면 사산리,19950101,,3,
4725041027,경상북도 상주시 화서면 율림리,19950101,,3,
4725041028,경상북도 상주시 화서면 봉촌리,19950101,,3,
4725041029,경상북도 상주시 화서면 지산리,19950101,,3,
4725041030,경상북도 상주시 화서면 상곡리,19950101,,3,
4725041031,경상북도 상주시 화서면 하송리,19950101,,3,
4725042000,화북면,19950101,,2,4725000000
4725042021,경상북도 상주시 화북면 용유리,19950101,,3,
4725042022,경상북도 상주시 화북면 장암리,19950101,,3,
4725042023,경상북도 상주시 화북면 상오리,19950101,,3,
4725042024,경상북도 상주시 화북면 입석리,19950101,,3,
4725042025,경상북도 상주시 화북면 중벌리,19950101,,3,
4725042026,경상북도 상주시 화북면 운흥리,19950101,,3,
4725043000,외서면,19950101,,2,4725000000
4725043021,경상북도 상주시 외서면 연봉리,19950101,,3,
4725043022,경상북도 상주시 외서면 관동리,19950101,,3,
4725043023,경상북도 상주시 외서면 개곡리,19950101,,3,
4725043024,경상북도 상주시 외서면 이천리,19950101,,3,
4725043025,경상북도 상주시 외서면 봉강리,19950101,,3,
4725043026,경상북도 상주시 외서면 백전리,19950101,,3,
4725043027,경상북도 상주시 외서면 가곡리,19950101,,3,
4725043028,경상북도 상주시 외서면 관현리,19950101,,3,
4725043029,경상북도 상주시 외서면 우산리,19950101,,3,
4725043030,경상북도 상주시 외서면 이촌리,19950101,,3,
4725043031,경상북도 상주시 외서면 대전리,19950101,,3,
4725043032,경상북도 상주시 외서면 예의리,19950101,,3,
4725044000,은척면,19950101,,2,4725000000
4725044021,경상북도 상주시 은척면 봉중리,19950101,,3,
4725044022,경상북도 상주시 은척면 봉상리,19950101,,3,
4725044023,경상북도 상주시 은척면 우기리,19950101,,3,
4725044024,경상북도 상주시 은척면 남곡리,19950101,,3,
4725044025,경상북도 상주시 은척면 문암리,19950101,,3,
4725044026,경상북도 상주시 은척면 두곡리,19950101,,3,
4725044027,경상북도 상주시 은척면 장암리,19950101,,3,
4725044028,경상북도 상주시 은척면 무릉리,19950101,,3,
4725044029,경상북도 상주시 은척면 황령리,19950101,,3,
4725044030,경상북도 상주시 은척면 하흘리,19950101,,3,
4725045000,공검면,19950101,,2,4725000000
4725045021,경상북도 상주시 공검면 부곡리,19950101,,3,
4725045022,경상북도 상주시 공검면 동막리,19950101,,3,
4725045023,경상북도 상주시 공검면 병암리,19950101,,3,
4725045024,경상북도 상주시 공검면 오태리,19950101,,3,
4725045025,경상북도 상주시 공검면 양정리,19950101,,3,
4725045026,경상북도 상주시 공검면 화동리,19950101,,3,
4725045027,경상북도 상주시 공검면 역곡리,19950101,,3,
4725045028,경상북도 상주시 공검면 율곡리,19950101,,3,
4725045029,경상북도 상주시 공검면 예주리,19950101,,3,
4725045030,경상북도 상주시 공검면 지평리,19950101,,3,
4725045031,경상북도 상주시 공검면 중소리,19950101,,3,
4725046000,이안면,19950101,,2,4725000000
4725046021,경상북도 상주시 이안면 양범리,19950101,,3,
4725046022,경상북도 상주시 이안면 문창리,19950101,,3,
4725046023,경상북도 상주시 이안면 안용리,19950101,,3,
4725046024,경상북도 상주시 이안면 구미리,19950101,,3,
4725046025,경상북도 상주시 이안면 대현리,19950101,,3,
4725046026,경상북도 상주시 이안면 아천리,19950101,,3,
4725046027,경상북도 상주시 이안면 지산리,19950101,,3,
4725046028,경상북도 상주시 이안면 흑암리,19950101,,3,
4725046029,경상북도 상주시 이안면 소암리,19950101,,3,
4725046030,경상북도 상주시 이안면 여물리,19950101,,3,
4725046031,경상북도 상주시 이안면 가장리,19950101,,3,
4725046033,경상북도 상주시 이안면 이안리,19950101,,3,
4725047000,화남면,19950101,,2,4725000000
4725047021,경상북도 상주시 화남면 동관리,19950101,,3,
4725047022,경상북도 상주시 화남면 평온리,19950101,,3,
4725047023,경상북도 상주시 화남면 임곡리,19950101,,3,
4725047024,경상북도 상주시 화남면 중눌리,19950101,,3,
4725047025,경상북도 상주시 화남면 소곡리,19950101,,3,
4728000000,문경시,19950101,,1,4700000000
4728010100,점촌동,19950101,,2,4728000000
4728010200,영신동,19950101,,2,4728000000
4728010300,흥덕동,19950101,,2,4728000000
4728010400,우지동,19950101,,2,4728000000
4728010500,창동,19950101,,2,4728000000
4728010600,신기동,19990101,,2,4728000000
4728010700,불정동,19990101,,2,4728000000
4728010800,유곡동,19990101,,2,4728000000
4728010900,공평동,19990101,,2,4728000000
4728011000,모전동,19950101,,2,4728000000
4728011100,윤직동,19950101,,2,4728000000
4728025000,문경읍,19950101,,2,4728000000
4728025021,경상북도 문경시 문경읍 상리,19950101,,3,
4728025022,경상북도 문경시 문경읍 하리,19950101,,3,
4728025023,경상북도 문경시 문경읍 교촌리,19950101,,3,
4728025024,경상북도 문경시 문경읍 요성리,19950101,,3,
4728025025,경상북도 문경시 문경읍 지곡리,19950101,,3,
4728025026,경상북도 문경시 문경읍 마원리,19950101,,3,
4728025027,경상북도 문경시 문경읍 진안리,19950101,,3,
4728025028,경상북도 문경시 문경읍 각서리,19950101,,3,
4728025029,경상북도 문경시 문경읍 하초리,19950101,,3,
4728025030,경상북도 문경시 문경읍 상초리,19950101,,3,
4728025031,경상북도 문경시 문경읍 고요리,19950101,,3,
4728025032,경상북도 문경시 문경읍 팔영리,19950101,,3,
4728025033,경상북도 문경시 문경읍 당포리,19950101,,3,
4728025034,경상북도 문경시 문경읍 용연리,19950101,,3,
4728025035,경상북도 문경시 문경읍 평천리,19950101,,3,
4728025036,경상북도 문경시 문경읍 갈평리,19950101,,3,
4728025037,경상북도 문경시 문경읍 중평리,19950101,,3,
4728025038,경상북도 문경시 문경읍 관음리,19950101,,3,
4728025300,가은읍,19950101,,2,4728000000
4728025321,경상북도 문경시 가은읍 왕능리,19950101,,3,
4728025322,경상북도 문경시 가은읍 갈전리,19950101,,3,
4728025323,경상북도 문경시 가은읍 저음리,19950101,,3,
4728025324,경상북도 문경시 가은읍 작천리,19950101,,3,
4728025325,경상북도 문경시 가은읍 성저리,19950101,,3,
4728025326,경상북도 문경시 가은읍 수예리,19950101,,3,
4728025327,경상북도 문경시 가은읍 민지리,19950101,,3,
4728025328,경상북도 문경시 가은읍 전곡리,19950101,,3,
4728025329,경상북도 문경시 가은읍 성유리,19950101,,3,
4728025330,경상북도 문경시 가은읍 죽문리,19950101,,3,
4728025331,경상북도 문경시 가은읍 완장리,19950101,,3,
4728025332,경상북도 문경시 가은읍 원북리,19950101,,3,
4728025333,경상북도 문경시 가은읍 상괴리,19950101,,3,
4728025334,경상북도 문경시 가은읍 하괴리,19950101,,3,
4728031000,영순면,19950101,,2,4728000000
4728031021,경상북도 문경시 영순면 의곡리,19950101,,3,
4728031022,경상북도 문경시 영순면 김용리,19950101,,3,
4728031023,경상북도 문경시 영순면 포내리,19950101,,3,
4728031024,경상북도 문경시 영순면 사근리,19950101,,3,
4728031025,경상북도 문경시 영순면 왕태리,19950101,,3,
4728031026,경상북도 문경시 영순면 오룡리,19950101,,3,
4728031027,경상북도 문경시 영순면 금림리,19950101,,3,
4728031028,경상북도 문경시 영순면 달지리,19950101,,3,
4728031029,경상북도 문경시 영순면 이목리,19950101,,3,
4728031030,경상북도 문경시 영순면 말응리,19950101,,3,
4728031031,경상북도 문경시 영순면 율곡리,19950101,,3,
4728032000,산양면,19950101,,2,4728000000
4728032021,경상북도 문경시 산양면 녹문리,19950101,,3,
4728032022,경상북도 문경시 산양면 현리,19950101,,3,
4728032023,경상북도 문경시 산양면 부암리,19950101,,3,
4728032024,경상북도 문경시 산양면 과곡리,19950101,,3,
4728032025,경상북도 문경시 산양면 형천리,19950101,,3,
4728032026,경상북도 문경시 산양면 위만리,19950101,,3,
4728032027,경상북도 문경시 산양면 우본리,19950101,,3,
4728032028,경상북도 문경시 산양면 연소리,19950101,,3,
4728032029,경상북도 문경시 산양면 불암리,19950101,,3,
4728032030,경상북도 문경시 산양면 존도리,19950101,,3,
4728032031,경상북도 문경시 산양면 봉정리,19950101,,3,
4728032032,경상북도 문경시 산양면 진정리,19950101,,3,
4728032033,경상북도 문경시 산양면 반곡리,19950101,,3,
4728032034,경상북도 문경시 산양면 평지리,19950101,,3,
4728032035,경상북도 문경시 산양면 송죽리,19950101,,3,
4728032036,경상북도 문경시 산양면 신전리,19950101,,3,
4728033000,호계면,19950101,,2,4728000000
4728033021,경상북도 문경시 호계면 견탄리,19950101,,3,
4728033022,경상북도 문경시 호계면 별암리,19950101,,3,
4728033023,경상북도 문경시 호계면 호계리,19950101,,3,
4728033024,경상북도 문경시 호계면 부곡리,19950101,,3,
4728033025,경상북도 문경시 호계면 선암리,19950101,,3,
4728033026,경상북도 문경시 호계면 지천리,19950101,,3,
4728033027,경상북도 문경시 호계면 가도리,19950101,,3,
4728033028,경상북도 문경시 호계면 구산리,19950101,,3,
4728033029,경상북도 문경시 호계면 우로리,19950101,,3,
4728033030,경상북도 문경시 호계면 막곡리,19950101,,3,
4728033031,경상북도 문경시 호계면 봉서리,19950101,,3,
4728034000,산북면,19950101,,2,4728000000
4728034021,경상북도 문경시 산북면 서중리,19950101,,3,
4728034022,경상북도 문경시 산북면 대상리,19950101,,3,
4728034023,경상북도 문경시 산북면 대하리,19950101,,3,
4728034024,경상북도 문경시 산북면 이곡리,19950101,,3,
4728034025,경상북도 문경시 산북면 우곡리,19950101,,3,
4728034026,경상북도 문경시 산북면 석봉리,19950101,,3,
4728034027,경상북도 문경시 산북면 김용리,19950101,,3,
4728034028,경상북도 문경시 산북면 거산리,19950101,,3,
4728034029,경상북도 문경시 산북면 전두리,19950101,,3,
4728034030,경상북도 문경시 산북면 호암리,19950101,,3,
4728034031,경상북도 문경시 산북면 가좌리,19950101,,3,
4728034032,경상북도 문경시 산북면 창구리,19950101,,3,
4728034033,경상북도 문경시 산북면 소야리,19950101,,3,
4728034034,경상북도 문경시 산북면 종곡리,19950101,,3,
4728034035,경상북도 문경시 산북면 내화리,19950101,,3,
4728034036,경상북도 문경시 산북면 약석리,19950101,,3,
4728034037,경상북도 문경시 산북면 회룡리,19950101,,3,
4728034038,경상북도 문경시 산북면 가곡리,19950101,,3,
4728034039,경상북도 문경시 산북면 월천리,19950101,,3,
4728034040,경상북도 문경시 산북면 지내리,19950101,,3,
4728034041,경상북도 문경시 산북면 흑송리,19950101,,3,
4728035000,동로면,19950101,,2,4728000000
4728035021,경상북도 문경시 동로면 마광리,19950101,,3,
4728035022,경상북도 문경시 동로면 인곡리,19950101,,3,
4728035023,경상북도 문경시 동로면 수평리,19950101,,3,
4728035024,경상북도 문경시 동로면 간송리,19950101,,3,
4728035025,경상북도 문경시 동로면 석항리,19950101,,3,
4728035026,경상북도 문경시 동로면 노은리,19950101,,3,
4728035027,경상북도 문경시 동로면 적성리,19950101,,3,
4728035028,경상북도 문경시 동로면 생달리,19950101,,3,
4728035029,경상북도 문경시 동로면 명전리,19950101,,3,
4728036000,마성면,19950101,,2,4728000000
4728036021,경상북도 문경시 마성면 모곡리,19950101,,3,
4728036022,경상북도 문경시 마성면 정리,19950101,,3,
4728036023,경상북도 문경시 마성면 상내리,19950101,,3,
4728036024,경상북도 문경시 마성면 하내리,19950101,,3,
4728036025,경상북도 문경시 마성면 신현리,19950101,,3,
4728036026,경상북도 문경시 마성면 오천리,19950101,,3,
4728036027,경상북도 문경시 마성면 외어리,19950101,,3,
4728036028,경상북도 문경시 마성면 남호리,19950101,,3,
4728037000,농암면,19950101,,2,4728000000
4728037021,경상북도 문경시 농암면 농암리,19950101,,3,
4728037022,경상북도 문경시 농암면 종곡리,19950101,,3,
4728037023,경상북도 문경시 농암면 연천리,19950101,,3,
4728037024,경상북도 문경시 농암면 궁기리,19950101,,3,
4728037025,경상북도 문경시 농암면 내서리,19950101,,3,
4728037026,경상북도 문경시 농암면 화산리,19950101,,3,
4728037027,경상북도 문경시 농암면 율수리,19950101,,3,
4728037028,경상북도 문경시 농암면 갈동리,19950101,,3,
4728037029,경상북도 문경시 농암면 사현리,19950101,,3,
4728037030,경상북도 문경시 농암면 지동리,19950101,,3,
4728037031,경상북도 문경시 농암면 선곡리,19950101,,3,
4729000000,경산시,19890101,,1,4700000000
4729010100,삼남동,19890101,,2,4729000000
4729010200,삼북동,19890101,,2,4729000000
4729010300,서상동,19890101,,2,4729000000
4729010400,신교동,19890101,,2,4729000000
4729010500,상방동,19890101,,2,4729000000
4729010600,백천동,19890101,,2,4729000000
4729010700,옥곡동,19890101,,2,4729000000
4729010800,사정동,19890101,,2,4729000000
4729010900,옥산동,19890101,,2,4729000000
4729011000,중산동,19890101,,2,4729000000
4729011100,정평동,19890101,,2,4729000000
4729011200,대평동,19890101,,2,4729000000
4729011300,대정동,19890101,,2,4729000000
4729011400,임당동,19890101,,2,4729000000
4729011500,대동,19890101,,2,4729000000
4729011600,계양동,19900110,,2,4729000000
4729011700,중방동,19890101,,2,4729000000
4729011800,조영동,19890101,,2,4729000000
4729011900,남방동,19890101,,2,4729000000
4729012000,내동,19890101,,2,4729000000
4729012100,여천동,19890101,,2,4729000000
4729012200,유곡동,19890101,,2,4729000000
4729012300,신천동,19890101,,2,4729000000
4729012400,점촌동,19890101,,2,4729000000
4729012500,평산동,19890101,,2,4729000000
4729012600,사동,19890101,,2,4729000000
4729012700,삼풍동,19890101,,2,4729000000
4729012800,갑제동,19890101,,2,4729000000
4729025000,하양읍,19950101,,2,4729000000
4729025021,경상북도 경산시 하양읍 금락리,19950101,,3,
4729025022,경상북도 경산시 하양읍 동서리,19950101,,3,
4729025023,경상북도 경산시 하양읍 도리리,19950101,,3,
4729025024,경상북도 경산시 하양읍 서사리,19950101,,3,
4729025025,경상북도 경산시 하양읍 양지리,19950101,,3,
4729025026,경상북도 경산시 하양읍 사기리,19950101,,3,
4729025027,경상북도 경산시 하양읍 대곡리,19950101,,3,
4729025028,경상북도 경산시 하양읍 교리,19950101,,3,
4729025029,경상북도 경산시 하양읍 한사리,19950101,,3,
4729025030,경상북도 경산시 하양읍 대학리,19950101,,3,
4729025031,경상북도 경산시 하양읍 부호리,19950101,,3,
4729025032,경상북도 경산시 하양읍 은호리,19950101,,3,
4729025033,경상북도 경산시 하양읍 남하리,19950101,,3,
4729025034,경상북도 경산시 하양읍 청천리,19950101,,3,
4729025035,경상북도 경산시 하양읍 환상리,19950101,,3,
4729025036,경상북도 경산시 하양읍 대조리,19950101,,3,
4729025300,진량읍,19971101,,2,4729000000
4729025321,경상북도 경산시 진량읍 신상리,19971101,,3,
4729025322,경상북도 경산시 진량읍 선화리,19971101,,3,
4729025323,경상북도 경산시 진량읍 보인리,19971101,,3,
4729025324,경상북도 경산시 진량읍 봉회리,19971101,,3,
4729025325,경상북도 경산시 진량읍 북리,19971101,,3,
4729025326,경상북도 경산시 진량읍 부기리,19971101,,3,
4729025327,경상북도 경산시 진량읍 양기리,19971101,,3,
4729025328,경상북도 경산시 진량읍 상림리,19971101,,3,
4729025329,경상북도 경산시 진량읍 내리리,19971101,,3,
4729025330,경상북도 경산시 진량읍 문천리,19971101,,3,
4729025331,경상북도 경산시 진량읍 평사리(坪沙),19971101,,3,
4729025332,경상북도 경산시 진량읍 평사리(平沙),19971101,,3,
4729025333,경상북도 경산시 진량읍 다문리,19971101,,3,
4729025334,경상북도 경산시 진량읍 아사리,19971101,,3,
4729025335,경상북도 경산시 진량읍 시문리,19971101,,3,
4729025336,경상북도 경산시 진량읍 현내리,19971101,,3,
4729025337,경상북도 경산시 진량읍 마곡리,19971101,,3,
4729025338,경상북도 경산시 진량읍 광석리,19971101,,3,
4729025339,경상북도 경산시 진량읍 신제리,19971101,,3,
4729025340,경상북도 경산시 진량읍 대원리,19971101,,3,
4729025341,경상북도 경산시 진량읍 속초리,19971101,,3,
4729025342,경상북도 경산시 진량읍 안촌리,19971101,,3,
4729025343,경상북도 경산시 진량읍 황제리,19971101,,3,
4729025344,경상북도 경산시 진량읍 당곡리,19971101,,3,
4729025345,경상북도 경산시 진량읍 가야리,19971101,,3,
4729025600,압량읍,20200101,,2,4729000000
4729025621,경상북도 경산시 압량읍 부적리,20200101,,3,
4729025622,경상북도 경산시 압량읍 신대리,20200101,,3,
4729025623,경상북도 경산시 압량읍 압량리,20200101,,3,
4729025624,경상북도 경산시 압량읍 용암리,20200101,,3,
4729025625,경상북도 경산시 압량읍 금구리,20200101,,3,
4729025626,경상북도 경산시 압량읍 현흥리,20200101,,3,
4729025627,경상북도 경산시 압량읍 인안리,20200101,,3,
4729025628,경상북도 경산시 압량읍 의송리,20200101,,3,
4729025629,경상북도 경산시 압량읍 신촌리,20200101,,3,
4729025630,경상북도 경산시 압량읍 내리,20200101,,3,
4729025631,경상북도 경산시 압량읍 가일리,20200101,,3,
4729025632,경상북도 경산시 압량읍 당음리,20200101,,3,
4729025633,경상북도 경산시 압량읍 신월리,20200101,,3,
4729025634,경상북도 경산시 압량읍 백안리,20200101,,3,
4729025635,경상북도 경산시 압량읍 강서리,20200101,,3,
4729025636,경상북도 경산시 압량읍 당리리,20200101,,3,
4729031000,와촌면,19950101,,2,4729000000
4729031021,경상북도 경산시 와촌면 소월리,19950101,,3,
4729031022,경상북도 경산시 와촌면 덕촌리,19950101,,3,
4729031023,경상북도 경산시 와촌면 시천리,19950101,,3,
4729031024,경상북도 경산시 와촌면 용천리,19950101,,3,
4729031025,경상북도 경산시 와촌면 계당리,19950101,,3,
4729031026,경상북도 경산시 와촌면 상암리,19950101,,3,
4729031027,경상북도 경산시 와촌면 계전리,19950101,,3,
4729031028,경상북도 경산시 와촌면 동강리,19950101,,3,
4729031029,경상북도 경산시 와촌면 박사리,19950101,,3,
4729031030,경상북도 경산시 와촌면 대동리,19950101,,3,
4729031031,경상북도 경산시 와촌면 대한리,19950101,,3,
4729031032,경상북도 경산시 와촌면 신한리,19950101,,3,
4729031033,경상북도 경산시 와촌면 강학리,19950101,,3,
4729031034,경상북도 경산시 와촌면 음양리,19950101,,3,
4729033000,자인면,19950101,,2,4729000000
4729033021,경상북도 경산시 자인면 동부리,19950101,,3,
4729033022,경상북도 경산시 자인면 서부리,19950101,,3,
4729033023,경상북도 경산시 자인면 북사리,19950101,,3,
4729033024,경상북도 경산시 자인면 교촌리,19950101,,3,
4729033025,경상북도 경산시 자인면 읍천리,19950101,,3,
4729033026,경상북도 경산시 자인면 신도리,19950101,,3,
4729033027,경상북도 경산시 자인면 신관리,19950101,,3,
4729033028,경상북도 경산시 자인면 울옥리,19950101,,3,
4729033029,경상북도 경산시 자인면 옥천리,19950101,,3,
4729033030,경상북도 경산시 자인면 원당리,19950101,,3,
4729033031,경상북도 경산시 자인면 계남리,19950101,,3,
4729033032,경상북도 경산시 자인면 남촌리,19950101,,3,
4729033033,경상북도 경산시 자인면 단북리,19950101,,3,
4729033034,경상북도 경산시 자인면 계림리,19950101,,3,
4729033035,경상북도 경산시 자인면 일언리,19950101,,3,
4729033036,경상북도 경산시 자인면 남신리,19950101,,3,
4729034000,용성면,19950101,,2,4729000000
4729034021,경상북도 경산시 용성면 당리리,19950101,,3,
4729034022,경상북도 경산시 용성면 덕천리,19950101,,3,
4729034023,경상북도 경산시 용성면 송림리,19950101,,3,
4729034024,경상북도 경산시 용성면 부제리,19950101,,3,
4729034025,경상북도 경산시 용성면 곡신리,19950101,,3,
4729034026,경상북도 경산시 용성면 곡란리,19950101,,3,
4729034027,경상북도 경산시 용성면 용산리,19950101,,3,
4729034028,경상북도 경산시 용성면 매남리,19950101,,3,
4729034029,경상북도 경산시 용성면 내촌리,19950101,,3,
4729034030,경상북도 경산시 용성면 외촌리,19950101,,3,
4729034031,경상북도 경산시 용성면 도덕리,19950101,,3,
4729034032,경상북도 경산시 용성면 고죽리,19950101,,3,
4729034033,경상북도 경산시 용성면 미산리,19950101,,3,
4729034034,경상북도 경산시 용성면 고은리,19950101,,3,
4729034036,경상북도 경산시 용성면 대종리,19950101,,3,
4729034037,경상북도 경산시 용성면 가척리,19950101,,3,
4729034038,경상북도 경산시 용성면 용천리,19950101,,3,
4729034039,경상북도 경산시 용성면 용전리,19950101,,3,
4729034040,경상북도 경산시 용성면 부일리,19950101,,3,
4729034041,경상북도 경산시 용성면 일광리,20070108,,3,
4729035000,남산면,19950101,,2,4729000000
4729035021,경상북도 경산시 남산면 산양리,19950101,,3,
4729035022,경상북도 경산시 남산면 경리,19950101,,3,
4729035023,경상북도 경산시 남산면 남곡리,19950101,,3,
4729035024,경상북도 경산시 남산면 갈지리,19950101,,3,
4729035025,경상북도 경산시 남산면 평기리,19950101,,3,
4729035026,경상북도 경산시 남산면 안심리,19950101,,3,
4729035027,경상북도 경산시 남산면 흥정리,19950101,,3,
4729035028,경상북도 경산시 남산면 사림리,19950101,,3,
4729035029,경상북도 경산시 남산면 연하리,19950101,,3,
4729035030,경상북도 경산시 남산면 우검리,19950101,,3,
4729035031,경상북도 경산시 남산면 사월리,19950101,,3,
4729035032,경상북도 경산시 남산면 송내리,19950101,,3,
4729035033,경상북도 경산시 남산면 조곡리,19950101,,3,
4729035034,경상북도 경산시 남산면 전지리,19950101,,3,
4729035035,경상북도 경산시 남산면 반곡리,19950101,,3,
4729035036,경상북도 경산시 남산면 상대리,19950101,,3,
4729035037,경상북도 경산시 남산면 하대리,19950101,,3,
4729035038,경상북도 경산시 남산면 인흥리,19950101,,3,
4729037000,남천면,19950101,,2,4729000000
4729037021,경상북도 경산시 남천면 구일리,19950101,,3,
4729037022,경상북도 경산시 남천면 협석리,19950101,,3,
4729037023,경상북도 경산시 남천면 산전리,19950101,,3,
4729037024,경상북도 경산시 남천면 대명리,19950101,,3,
4729037025,경상북도 경산시 남천면 신석리,19950101,,3,
4729037026,경상북도 경산시 남천면 삼성리,19950101,,3,
4729037027,경상북도 경산시 남천면 금곡리,19950101,,3,
4729037028,경상북도 경산시 남천면 송백리,19950101,,3,
4729037029,경상북도 경산시 남천면 신방리,19950101,,3,
4729037030,경상북도 경산시 남천면 흥산리,19950101,,3,
4729037031,경상북도 경산시 남천면 원리,19950101,,3,
4729037032,경상북도 경산시 남천면 하도리,19950101,,3,
4773000000,의성군,19880423,,1,4700000000
4773025000,의성읍,19880423,,2,4773000000
4773025021,경상북도 의성군 의성읍 후죽리,19881001,,3,
4773025022,경상북도 의성군 의성읍 중리리,19881001,,3,
4773025023,경상북도 의성군 의성읍 상리리,19881001,,3,
4773025024,경상북도 의성군 의성읍 도동리,19881001,,3,
4773025025,경상북도 의성군 의성읍 도서리,19881001,,3,
4773025026,경상북도 의성군 의성읍 치선리,19881001,,3,
4773025027,경상북도 의성군 의성읍 오로리,19881001,,3,
4773025028,경상북도 의성군 의성읍 비봉리,19881001,,3,
4773025029,경상북도 의성군 의성읍 팔성리,19881001,,3,
4773025030,경상북도 의성군 의성읍 용연리,19881001,,3,
4773025031,경상북도 의성군 의성읍 원당리,19881001,,3,
4773025032,경상북도 의성군 의성읍 철파리,19881001,,3,
4773025033,경상북도 의성군 의성읍 업리,19881001,,3,
4773031000,단촌면,19880423,,2,4773000000
4773031030,경상북도 의성군 단촌면 세촌리,19881001,,3,
4773031031,경상북도 의성군 단촌면 하화리,19881001,,3,
4773031032,경상북도 의성군 단촌면 상화리,19881001,,3,
4773031033,경상북도 의성군 단촌면 관덕리,19881001,,3,
4773031034,경상북도 의성군 단촌면 병방리,19881001,,3,
4773031035,경상북도 의성군 단촌면 구계리,19881001,,3,
4773031036,경상북도 의성군 단촌면 방하리,19881001,,3,
4773031037,경상북도 의성군 단촌면 장림리,19881001,,3,
4773031038,경상북도 의성군 단촌면 후평리,19881001,,3,
4773032000,점곡면,19880423,,2,4773000000
4773032029,경상북도 의성군 점곡면 서변리,19881001,,3,
4773032030,경상북도 의성군 점곡면 황룡리,19881001,,3,
4773032031,경상북도 의성군 점곡면 구암리,19881001,,3,
4773032032,경상북도 의성군 점곡면 명고리,19881001,,3,
4773032033,경상북도 의성군 점곡면 동변리,19881001,,3,
4773032034,경상북도 의성군 점곡면 사촌리,19881001,,3,
4773032035,경상북도 의성군 점곡면 송내리,19881001,,3,
4773032036,경상북도 의성군 점곡면 윤암리,19881001,,3,
4773033000,옥산면,19880423,,2,4773000000
4773033031,경상북도 의성군 옥산면 구성리,19881001,,3,
4773033032,경상북도 의성군 옥산면 정자리,19881001,,3,
4773033033,경상북도 의성군 옥산면 감계리,19881001,,3,
4773033034,경상북도 의성군 옥산면 실업리,19881001,,3,
4773033035,경상북도 의성군 옥산면 오류리,19881001,,3,
4773033036,경상북도 의성군 옥산면 금봉리,19881001,,3,
4773033037,경상북도 의성군 옥산면 전흥리,19881001,,3,
4773033038,경상북도 의성군 옥산면 입암리,19881001,,3,
4773033039,경상북도 의성군 옥산면 신계리,19881001,,3,
4773033040,경상북도 의성군 옥산면 금학리,19881001,,3,
4773034000,사곡면,19880423,,2,4773000000
4773034031,경상북도 의성군 사곡면 양지리,19881001,,3,
4773034032,경상북도 의성군 사곡면 음지리,19881001,,3,
4773034033,경상북도 의성군 사곡면 오상리,19881001,,3,
4773034034,경상북도 의성군 사곡면 신감리,19881001,,3,
4773034035,경상북도 의성군 사곡면 매곡리,19881001,,3,
4773034036,경상북도 의성군 사곡면 공정리,19881001,,3,
4773034037,경상북도 의성군 사곡면 화전리,19881001,,3,
4773034038,경상북도 의성군 사곡면 신리리,19881001,,3,
4773034039,경상북도 의성군 사곡면 작승리,19881001,,3,
4773034040,경상북도 의성군 사곡면 토현리,19881001,,3,
4773035000,춘산면,19880423,,2,4773000000
4773035029,경상북도 의성군 춘산면 옥정리,19881001,,3,
4773035030,경상북도 의성군 춘산면 금오리,19881001,,3,
4773035031,경상북도 의성군 춘산면 신흥리,19881001,,3,
4773035032,경상북도 의성군 춘산면 대사리,19881001,,3,
4773035033,경상북도 의성군 춘산면 금천리,19881001,,3,
4773035034,경상북도 의성군 춘산면 빙계리,19881001,,3,
4773035035,경상북도 의성군 춘산면 사미리,19881001,,3,
4773035036,경상북도 의성군 춘산면 효선리,19881001,,3,
4773036000,가음면,19880423,,2,4773000000
4773036028,경상북도 의성군 가음면 장리,19881001,,3,
4773036029,경상북도 의성군 가음면 이리,19881001,,3,
4773036030,경상북도 의성군 가음면 양지리,19881001,,3,
4773036031,경상북도 의성군 가음면 가산리,19881001,,3,
4773036032,경상북도 의성군 가음면 귀천리,19880423,,3,
4773036033,경상북도 의성군 가음면 순호리,19881001,,3,
4773036034,경상북도 의성군 가음면 현리리,19881001,,3,
4773037000,금성면,19880423,,2,4773000000
4773037036,경상북도 의성군 금성면 탑리리,19881001,,3,
4773037037,경상북도 의성군 금성면 대리리,19881001,,3,
4773037038,경상북도 의성군 금성면 학미리,19881001,,3,
4773037039,경상북도 의성군 금성면 제오리,19881001,,3,
4773037040,경상북도 의성군 금성면 운곡리,19881001,,3,
4773037041,경상북도 의성군 금성면 만천리,19881001,,3,
4773037042,경상북도 의성군 금성면 하리,19881001,,3,
4773037043,경상북도 의성군 금성면 초전리,19881001,,3,
4773037044,경상북도 의성군 금성면 구련리,19881001,,3,
4773037045,경상북도 의성군 금성면 명덕리,19881001,,3,
4773037046,경상북도 의성군 금성면 도경리,19881001,,3,
4773037047,경상북도 의성군 금성면 개일리,19881001,,3,
4773037048,경상북도 의성군 금성면 청로리,19881001,,3,
4773037049,경상북도 의성군 금성면 산운리,19881001,,3,
4773037050,경상북도 의성군 금성면 수정리,19881001,,3,
4773038000,봉양면,19880423,,2,4773000000
4773038034,경상북도 의성군 봉양면 삼산리,19881001,,3,
4773038035,경상북도 의성군 봉양면 장대리,19881001,,3,
4773038036,경상북도 의성군 봉양면 풍리리,19881001,,3,
4773038037,경상북도 의성군 봉양면 구산리,19881001,,3,
4773038038,경상북도 의성군 봉양면 신평리,19881001,,3,
4773038039,경상북도 의성군 봉양면 도원리,19881001,,3,
4773038040,경상북도 의성군 봉양면 화전리,19881001,,3,
4773038041,경상북도 의성군 봉양면 사부리,19881001,,3,
4773038042,경상북도 의성군 봉양면 구미리,19881001,,3,
4773038043,경상북도 의성군 봉양면 길천리,19881001,,3,
4773038044,경상북도 의성군 봉양면 문흥리,19881001,,3,
4773038045,경상북도 의성군 봉양면 분토리,19881001,,3,
4773038046,경상북도 의성군 봉양면 안평리,19881001,,3,
4773039000,비안면,19880423,,2,4773000000
4773039035,경상북도 의성군 비안면 동부리,19881001,,3,
4773039036,경상북도 의성군 비안면 서부리,19881001,,3,
4773039037,경상북도 의성군 비안면 옥연리,19881001,,3,
4773039038,경상북도 의성군 비안면 용천리,19881001,,3,
4773039039,경상북도 의성군 비안면 용남리,19881001,,3,
4773039040,경상북도 의성군 비안면 이두리,19881001,,3,
4773039041,경상북도 의성군 비안면 외곡리,19881001,,3,
4773039042,경상북도 의성군 비안면 자락리,19881001,,3,
4773039043,경상북도 의성군 비안면 현산리,19881001,,3,
4773039044,경상북도 의성군 비안면 산제리,19881001,,3,
4773039045,경상북도 의성군 비안면 화신리,19881001,,3,
4773039046,경상북도 의성군 비안면 쌍계리,19881001,,3,
4773039047,경상북도 의성군 비안면 도암리,19881001,,3,
4773039048,경상북도 의성군 비안면 장춘리,19881001,,3,
4773040000,구천면,19880423,,2,4773000000
4773040031,경상북도 의성군 구천면 위성리,19881001,,3,
4773040032,경상북도 의성군 구천면 모흥리,19881001,,3,
4773040033,경상북도 의성군 구천면 조성리,19881001,,3,
4773040034,경상북도 의성군 구천면 장국리,19881001,,3,
4773040035,경상북도 의성군 구천면 소호리,19881001,,3,
4773040036,경상북도 의성군 구천면 용사리,19881001,,3,
4773040037,경상북도 의성군 구천면 내산리,19881001,,3,
4773040038,경상북도 의성군 구천면 유산리,19881001,,3,
4773040039,경상북도 의성군 구천면 미천리,19881001,,3,
4773040040,경상북도 의성군 구천면 청산리,19881001,,3,
4773041000,단밀면,19880423,,2,4773000000
4773041029,경상북도 의성군 단밀면 속암리,19881001,,3,
4773041030,경상북도 의성군 단밀면 용곡리,19881001,,3,
4773041031,경상북도 의성군 단밀면 위중리,19881001,,3,
4773041032,경상북도 의성군 단밀면 주선리,19881001,,3,
4773041033,경상북도 의성군 단밀면 서제리,19881001,,3,
4773041034,경상북도 의성군 단밀면 팔등리,19881001,,3,
4773041035,경상북도 의성군 단밀면 생송리,19881001,,3,
4773041036,경상북도 의성군 단밀면 낙정리,19881001,,3,
4773042000,단북면,19880423,,2,4773000000
4773042028,경상북도 의성군 단북면 이연리,19881001,,3,
4773042029,경상북도 의성군 단북면 노연리,19881001,,3,
4773042030,경상북도 의성군 단북면 정안리,19881001,,3,
4773042031,경상북도 의성군 단북면 연제리,19881001,,3,
4773042032,경상북도 의성군 단북면 효제리,19881001,,3,
4773042033,경상북도 의성군 단북면 성암리,19881001,,3,
4773042034,경상북도 의성군 단북면 신하리,19881001,,3,
4773043000,안계면,19880423,,2,4773000000
4773043030,경상북도 의성군 안계면 용기리,19881001,,3,
4773043031,경상북도 의성군 안계면 토매리,19881001,,3,
4773043032,경상북도 의성군 안계면 위양리,19881001,,3,
4773043033,경상북도 의성군 안계면 교촌리,19881001,,3,
4773043034,경상북도 의성군 안계면 안정리,19881001,,3,
4773043035,경상북도 의성군 안계면 봉양리,19881001,,3,
4773043036,경상북도 의성군 안계면 도덕리,19881001,,3,
4773043037,경상북도 의성군 안계면 양곡리,19881001,,3,
4773043038,경상북도 의성군 안계면 시안리,19881001,,3,
4773044000,다인면,19880423,,2,4773000000
4773044036,경상북도 의성군 다인면 서릉리,19881001,,3,
4773044037,경상북도 의성군 다인면 산내리,19881001,,3,
4773044038,경상북도 의성군 다인면 가원리,19881001,,3,
4773044039,경상북도 의성군 다인면 송호리,19881001,,3,
4773044040,경상북도 의성군 다인면 도암리,19881001,,3,
4773044041,경상북도 의성군 다인면 평림리,19881001,,3,
4773044042,경상북도 의성군 다인면 덕지리,19881001,,3,
4773044043,경상북도 의성군 다인면 덕미리,19881001,,3,
4773044044,경상북도 의성군 다인면 양서리,19881001,,3,
4773044045,경상북도 의성군 다인면 용곡리,19881001,,3,
4773044046,경상북도 의성군 다인면 봉정리,19881001,,3,
4773044047,경상북도 의성군 다인면 달제리,19881001,,3,
4773044048,경상북도 의성군 다인면 삼분리,19881001,,3,
4773044049,경상북도 의성군 다인면 외정리,19881001,,3,
4773044050,경상북도 의성군 다인면 신락리,19881001,,3,
4773044051,경상북도 의성군 다인면 용무리,19950427,,3,
4773045000,신평면,19880423,,2,4773000000
4773045033,경상북도 의성군 신평면 용봉리,19881001,,3,
4773045034,경상북도 의성군 신평면 덕봉리,19881001,,3,
4773045035,경상북도 의성군 신평면 중율리,19881001,,3,
4773045036,경상북도 의성군 신평면 청운리,19881001,,3,
4773045037,경상북도 의성군 신평면 교안리,19881001,,3,
4773045038,경상북도 의성군 신평면 검곡리,19881001,,3,
4773046000,안평면,19880423,,2,4773000000
4773046034,경상북도 의성군 안평면 창길리,19881001,,3,
4773046035,경상북도 의성군 안평면 괴산리,19881001,,3,
4773046036,경상북도 의성군 안평면 박곡리,19881001,,3,
4773046037,경상북도 의성군 안평면 석탑리,19881001,,3,
4773046038,경상북도 의성군 안평면 신월리,19881001,,3,
4773046039,경상북도 의성군 안평면 신안리,19881001,,3,
4773046040,경상북도 의성군 안평면 대사리,19881001,,3,
4773046041,경상북도 의성군 안평면 도옥리,19881001,,3,
4773046042,경상북도 의성군 안평면 마전리,19881001,,3,
4773046043,경상북도 의성군 안평면 기도리,19881001,,3,
4773046044,경상북도 의성군 안평면 금곡리,19881001,,3,
4773046045,경상북도 의성군 안평면 하령리,19881001,,3,
4773046046,경상북도 의성군 안평면 삼춘리,19881001,,3,
4773047000,안사면,19910806,,2,4773000000
4773047021,경상북도 의성군 안사면 중하리,19910806,,3,
4773047022,경상북도 의성군 안사면 안사리,19910806,,3,
4773047023,경상북도 의성군 안사면 만리리,19910806,,3,
4773047024,경상북도 의성군 안사면 신수리,19910806,,3,
4773047025,경상북도 의성군 안사면 월소리,19910806,,3,
4773047026,경상북도 의성군 안사면 쌍호리,19910806,,3,
4775000000,청송군,19880423,,1,4700000000
4775025000,청송읍,19880423,,2,4775000000
4775025021,경상북도 청송군 청송읍 월막리,19881001,,3,
4775025022,경상북도 청송군 청송읍 덕리,19881001,,3,
4775025023,경상북도 청송군 청송읍 금곡리,19881001,,3,
4775025024,경상북도 청송군 청송읍 청운리,19881001,,3,
4775025025,경상북도 청송군 청송읍 송생리,19881001,,3,
4775025026,경상북도 청송군 청송읍 교리,19881001,,3,
4775025027,경상북도 청송군 청송읍 거대리,19881001,,3,
4775025028,경상북도 청송군 청송읍 월외리,19881001,,3,
4775025029,경상북도 청송군 청송읍 부곡리,19881001,,3,
4775031500,주왕산면,20190301,,2,4775000000
4775031521,경상북도 청송군 주왕산면 상평리,20190301,,3,
4775031522,경상북도 청송군 주왕산면 지리,20190301,,3,
4775031523,경상북도 청송군 주왕산면 하의리,20190301,,3,
4775031524,경상북도 청송군 주왕산면 상의리,20190301,,3,
4775031525,경상북도 청송군 주왕산면 부일리,20190301,,3,
4775031526,경상북도 청송군 주왕산면 신점리,20190301,,3,
4775031527,경상북도 청송군 주왕산면 주산지리,20190301,,3,
4775031528,경상북도 청송군 주왕산면 내룡리,20190301,,3,
4775031529,경상북도 청송군 주왕산면 라리,20190301,,3,
4775031530,경상북도 청송군 주왕산면 항리,20190301,,3,
4775032000,부남면,19880423,,2,4775000000
4775032030,경상북도 청송군 부남면 감연리,19881001,,3,
4775032031,경상북도 청송군 부남면 대전리,19881001,,3,
4775032032,경상북도 청송군 부남면 홍원리,19881001,,3,
4775032033,경상북도 청송군 부남면 하속리,19881001,,3,
4775032034,경상북도 청송군 부남면 구천리,19881001,,3,
4775032035,경상북도 청송군 부남면 화장리,19881001,,3,
4775032036,경상북도 청송군 부남면 이현리,19881001,,3,
4775032037,경상북도 청송군 부남면 중기리,19881001,,3,
4775032038,경상북도 청송군 부남면 양숙리,19881001,,3,
4775033000,현동면,19880423,,2,4775000000
4775033028,경상북도 청송군 현동면 도평리,19881001,,3,
4775033029,경상북도 청송군 현동면 거성리,19881001,,3,
4775033030,경상북도 청송군 현동면 눌인리,19881001,,3,
4775033031,경상북도 청송군 현동면 월매리,19881001,,3,
4775033032,경상북도 청송군 현동면 개일리,19881001,,3,
4775033033,경상북도 청송군 현동면 창양리,19881001,,3,
4775033034,경상북도 청송군 현동면 인지리,19881001,,3,
4775034000,현서면,19880423,,2,4775000000
4775034034,경상북도 청송군 현서면 백자리,19881001,,3,
4775034035,경상북도 청송군 현서면 수락리,19881001,,3,
4775034036,경상북도 청송군 현서면 무계리,19881001,,3,
4775034037,경상북도 청송군 현서면 갈천리,19881001,,3,
4775034038,경상북도 청송군 현서면 사촌리,19881001,,3,
4775034039,경상북도 청송군 현서면 월정리,19881001,,3,
4775034040,경상북도 청송군 현서면 도리,19881001,,3,
4775034041,경상북도 청송군 현서면 모계리,19881001,,3,
4775034042,경상북도 청송군 현서면 천천리,19881001,,3,
4775034043,경상북도 청송군 현서면 구산리,19881001,,3,
4775034044,경상북도 청송군 현서면 화목리,19881001,,3,
4775034045,경상북도 청송군 현서면 덕계리,19881001,,3,
4775034046,경상북도 청송군 현서면 두현리,19881001,,3,
4775035000,안덕면,19880423,,2,4775000000
4775035033,경상북도 청송군 안덕면 명당리,19881001,,3,
4775035034,경상북도 청송군 안덕면 감은리,19881001,,3,
4775035035,경상북도 청송군 안덕면 장전리,19881001,,3,
4775035036,경상북도 청송군 안덕면 문거리,19881001,,3,
4775035037,경상북도 청송군 안덕면 신성리,19881001,,3,
4775035038,경상북도 청송군 안덕면 근곡리,19881001,,3,
4775035039,경상북도 청송군 안덕면 노래리,19881001,,3,
4775035040,경상북도 청송군 안덕면 지소리,19881001,,3,
4775035041,경상북도 청송군 안덕면 고와리,19881001,,3,
4775035042,경상북도 청송군 안덕면 복리,19881001,,3,
4775035043,경상북도 청송군 안덕면 덕성리,19881001,,3,
4775035044,경상북도 청송군 안덕면 성재리,19881001,,3,
4775036000,파천면,19880423,,2,4775000000
4775036032,경상북도 청송군 파천면 관리,19881001,,3,
4775036033,경상북도 청송군 파천면 중평리,19881001,,3,
4775036034,경상북도 청송군 파천면 덕천리,19881001,,3,
4775036035,경상북도 청송군 파천면 신흥리,19881001,,3,
4775036036,경상북도 청송군 파천면 지경리,19881001,,3,
4775036037,경상북도 청송군 파천면 병부리,19881001,,3,
4775036038,경상북도 청송군 파천면 황목리,19881001,,3,
4775036039,경상북도 청송군 파천면 어천리,19881001,,3,
4775036040,경상북도 청송군 파천면 송강리,19881001,,3,
4775036041,경상북도 청송군 파천면 신기리,19881001,,3,
4775036042,경상북도 청송군 파천면 옹점리,19881001,,3,
4775037000,진보면,19880423,,2,4775000000
4775037036,경상북도 청송군 진보면 진안리,19881001,,3,
4775037037,경상북도 청송군 진보면 이촌리,19881001,,3,
4775037038,경상북도 청송군 진보면 후평리,19881001,,3,
4775037039,경상북도 청송군 진보면 합강리,19881001,,3,
4775037040,경상북도 청송군 진보면 기곡리,19881001,,3,
4775037041,경상북도 청송군 진보면 추현리,19881001,,3,
4775037042,경상북도 청송군 진보면 부곡리,19881001,,3,
4775037043,경상북도 청송군 진보면 세장리,19881001,,3,
4775037044,경상북도 청송군 진보면 광덕리,19881001,,3,
4775037045,경상북도 청송군 진보면 각산리,19881001,,3,
4775037046,경상북도 청송군 진보면 월전리,19881001,,3,
4775037047,경상북도 청송군 진보면 시량리,19881001,,3,
4775037048,경상북도 청송군 진보면 고현리,19881001,,3,
4775037049,경상북도 청송군 진보면 신촌리,19881001,,3,
4775037050,경상북도 청송군 진보면 괴정리,19881001,,3,
4776000000,영양군,19880423,,1,4700000000
4776025000,영양읍,19880423,,2,4776000000
4776025021,경상북도 영양군 영양읍 동부리,19881001,,3,
4776025022,경상북도 영양군 영양읍 서부리,19881001,,3,
4776025023,경상북도 영양군 영양읍 감천리,19881001,,3,
4776025024,경상북도 영양군 영양읍 전곡리,19881001,,3,
4776025025,경상북도 영양군 영양읍 황용리,19881001,,3,
4776025026,경상북도 영양군 영양읍 삼지리,19881001,,3,
4776025027,경상북도 영양군 영양읍 현리,19881001,,3,
4776025028,경상북도 영양군 영양읍 하원리,19881001,,3,
4776025029,경상북도 영양군 영양읍 상원리,19881001,,3,
4776025030,경상북도 영양군 영양읍 무학리,19881001,,3,
4776025031,경상북도 영양군 영양읍 무창리,19881001,,3,
4776025032,경상북도 영양군 영양읍 대천리,19881001,,3,
4776025033,경상북도 영양군 영양읍 화천리,19881001,,3,
4776025034,경상북도 영양군 영양읍 양구리,19881001,,3,
4776025035,경상북도 영양군 영양읍 기산리,19881001,,3,
4776031000,입암면,19880423,,2,4776000000
4776031034,경상북도 영양군 입암면 신구리,19881001,,3,
4776031035,경상북도 영양군 입암면 양항리,19881001,,3,
4776031036,경상북도 영양군 입암면 연당리,19881001,,3,
4776031037,경상북도 영양군 입암면 교리,19881001,,3,
4776031038,경상북도 영양군 입암면 삼산리,19881001,,3,
4776031039,경상북도 영양군 입암면 신사리,19881001,,3,
4776031040,경상북도 영양군 입암면 대천리,19881001,,3,
4776031041,경상북도 영양군 입암면 금학리,19881001,,3,
4776031042,경상북도 영양군 입암면 산해리,19881001,,3,
4776031043,경상북도 영양군 입암면 노달리,19881001,,3,
4776031044,경상북도 영양군 입암면 방전리,19881001,,3,
4776031045,경상북도 영양군 입암면 병옥리,19881001,,3,
4776031046,경상북도 영양군 입암면 흥구리,19881001,,3,
4776032000,청기면,19880423,,2,4776000000
4776032034,경상북도 영양군 청기면 정족리,19881001,,3,
4776032035,경상북도 영양군 청기면 토곡리,19881001,,3,
4776032036,경상북도 영양군 청기면 사리,19881001,,3,
4776032037,경상북도 영양군 청기면 청기리,19881001,,3,
4776032038,경상북도 영양군 청기면 구매리,19881001,,3,
4776032039,경상북도 영양군 청기면 저리,19881001,,3,
4776032040,경상북도 영양군 청기면 산운리,19881001,,3,
4776032041,경상북도 영양군 청기면 토구리,19881001,,3,
4776032042,경상북도 영양군 청기면 무진리,19881001,,3,
4776032043,경상북도 영양군 청기면 행화리,19881001,,3,
4776032044,경상북도 영양군 청기면 당리,19881001,,3,
4776032045,경상북도 영양군 청기면 상청리,19881001,,3,
4776032046,경상북도 영양군 청기면 기포리,19881001,,3,
4776033000,일월면,19880423,,2,4776000000
4776033032,경상북도 영양군 일월면 주곡리,19881001,,3,
4776033033,경상북도 영양군 일월면 곡강리,19881001,,3,
4776033034,경상북도 영양군 일월면 문암리,19881001,,3,
4776033035,경상북도 영양군 일월면 오리리,19881001,,3,
4776033036,경상북도 영양군 일월면 용화리,19881001,,3,
4776033037,경상북도 영양군 일월면 도계리,19881001,,3,
4776033038,경상북도 영양군 일월면 섬촌리,19881001,,3,
4776033039,경상북도 영양군 일월면 가천리,19881001,,3,
4776033040,경상북도 영양군 일월면 도곡리,19881001,,3,
4776033041,경상북도 영양군 일월면 칠성리,19881001,,3,
4776033042,경상북도 영양군 일월면 가곡리,19881001,,3,
4776034000,수비면,19880423,,2,4776000000
4776034030,경상북도 영양군 수비면 수하리,19881001,,3,
4776034031,경상북도 영양군 수비면 발리리,19881001,,3,
4776034032,경상북도 영양군 수비면 신원리,19881001,,3,
4776034033,경상북도 영양군 수비면 죽파리,19881001,,3,
4776034034,경상북도 영양군 수비면 오기리,19881001,,3,
4776034035,경상북도 영양군 수비면 계리,19881001,,3,
4776034036,경상북도 영양군 수비면 본신리,19881001,,3,
4776034037,경상북도 영양군 수비면 신암리,19881001,,3,
4776034038,경상북도 영양군 수비면 송하리,19881001,,3,
4776035000,석보면,19880423,,2,4776000000
4776035034,경상북도 영양군 석보면 원리리,19881001,,3,
4776035035,경상북도 영양군 석보면 옥계리,19881001,,3,
4776035036,경상북도 영양군 석보면 주남리,19881001,,3,
4776035037,경상북도 영양군 석보면 요원리,19881001,,3,
4776035038,경상북도 영양군 석보면 택전리,19881001,,3,
4776035039,경상북도 영양군 석보면 신평리,19881001,,3,
4776035040,경상북도 영양군 석보면 포산리,19881001,,3,
4776035041,경상북도 영양군 석보면 소계리,19881001,,3,
4776035042,경상북도 영양군 석보면 화매리,19881001,,3,
4776035043,경상북도 영양군 석보면 답곡리,19881001,,3,
4776035044,경상북도 영양군 석보면 홍계리,19881001,,3,
4776035045,경상북도 영양군 석보면 지경리,19881001,,3,
4776035046,경상북도 영양군 석보면 삼의리,19881001,,3,
4777000000,영덕군,19880423,,1,4700000000
4777025000,영덕읍,19880423,,2,4777000000
4777025021,경상북도 영덕군 영덕읍 구미리,19881001,,3,
4777025022,경상북도 영덕군 영덕읍 화개리,19881001,,3,
4777025023,경상북도 영덕군 영덕읍 남석리,19881001,,3,
4777025024,경상북도 영덕군 영덕읍 덕곡리,19881001,,3,
4777025025,경상북도 영덕군 영덕읍 천전리,19881001,,3,
4777025026,경상북도 영덕군 영덕읍 남산리,19881001,,3,
4777025027,경상북도 영덕군 영덕읍 우곡리,19881001,,3,
4777025028,경상북도 영덕군 영덕읍 화수리,19881001,,3,
4777025029,경상북도 영덕군 영덕읍 삼계리,19881001,,3,
4777025030,경상북도 영덕군 영덕읍 매정리,19881001,,3,
4777025031,경상북도 영덕군 영덕읍 석리,19881001,,3,
4777025032,경상북도 영덕군 영덕읍 노물리,19881001,,3,
4777025033,경상북도 영덕군 영덕읍 오보리,19881001,,3,
4777025034,경상북도 영덕군 영덕읍 대탄리,19881001,,3,
4777025035,경상북도 영덕군 영덕읍 대부리,19881001,,3,
4777025036,경상북도 영덕군 영덕읍 창포리,19881001,,3,
4777025037,경상북도 영덕군 영덕읍 화천리,19930715,,3,
4777031000,강구면,19880423,,2,4777000000
4777031031,경상북도 영덕군 강구면 강구리,19881001,,3,
4777031032,경상북도 영덕군 강구면 오포리,19881001,,3,
4777031033,경상북도 영덕군 강구면 삼사리,19881001,,3,
4777031034,경상북도 영덕군 강구면 화전리,19881001,,3,
4777031035,경상북도 영덕군 강구면 상직리,19881001,,3,
4777031037,경상북도 영덕군 강구면 소월리,19881001,,3,
4777031038,경상북도 영덕군 강구면 금호리,19881001,,3,
4777031039,경상북도 영덕군 강구면 하저리,19881001,,3,
4777031040,경상북도 영덕군 강구면 금진리,19881001,,3,
4777031041,경상북도 영덕군 강구면 원직리,19900101,,3,
4777032000,남정면,19880423,,2,4777000000
4777032036,경상북도 영덕군 남정면 장사리,19881001,,3,
4777032037,경상북도 영덕군 남정면 부경리,19881001,,3,
4777032038,경상북도 영덕군 남정면 회리,19881001,,3,
4777032039,경상북도 영덕군 남정면 양성리,19881001,,3,
4777032040,경상북도 영덕군 남정면 봉전리,19881001,,3,
4777032041,경상북도 영덕군 남정면 쟁암리,19881001,,3,
4777032042,경상북도 영덕군 남정면 사암리,19881001,,3,
4777032043,경상북도 영덕군 남정면 도천리,19881001,,3,
4777032044,경상북도 영덕군 남정면 우곡리,19881001,,3,
4777032045,경상북도 영덕군 남정면 중화리,19881001,,3,
4777032046,경상북도 영덕군 남정면 남정리,19881001,,3,
4777032047,경상북도 영덕군 남정면 남호리,19881001,,3,
4777032048,경상북도 영덕군 남정면 구계리,19881001,,3,
4777032049,경상북도 영덕군 남정면 원척리,19881001,,3,
4777032050,경상북도 영덕군 남정면 부흥리,19881001,,3,
4777033000,달산면,19880423,,2,4777000000
4777033032,경상북도 영덕군 달산면 대지리,19881001,,3,
4777033033,경상북도 영덕군 달산면 용평리,19881001,,3,
4777033034,경상북도 영덕군 달산면 매일리,19881001,,3,
4777033035,경상북도 영덕군 달산면 흥기리,19881001,,3,
4777033036,경상북도 영덕군 달산면 주응리,19881001,,3,
4777033037,경상북도 영덕군 달산면 옥산리,19881001,,3,
4777033038,경상북도 영덕군 달산면 인곡리,19881001,,3,
4777033039,경상북도 영덕군 달산면 용전리,19881001,,3,
4777033040,경상북도 영덕군 달산면 덕산리,19881001,,3,
4777033041,경상북도 영덕군 달산면 봉산리,19881001,,3,
4777033042,경상북도 영덕군 달산면 옥계리,19881001,,3,
4777034000,지품면,19880423,,2,4777000000
4777034039,경상북도 영덕군 지품면 삼화리,19881001,,3,
4777034040,경상북도 영덕군 지품면 오천리,19881001,,3,
4777034041,경상북도 영덕군 지품면 신양리,19881001,,3,
4777034042,경상북도 영덕군 지품면 눌곡리,19881001,,3,
4777034043,경상북도 영덕군 지품면 용덕리,19881001,,3,
4777034044,경상북도 영덕군 지품면 송천리,19881001,,3,
4777034045,경상북도 영덕군 지품면 낙평리,19881001,,3,
4777034046,경상북도 영덕군 지품면 수암리,19881001,,3,
4777034047,경상북도 영덕군 지품면 복곡리,19881001,,3,
4777034048,경상북도 영덕군 지품면 원전리,19881001,,3,
4777034049,경상북도 영덕군 지품면 지품리,19881001,,3,
4777034050,경상북도 영덕군 지품면 기사리,19881001,,3,
4777034051,경상북도 영덕군 지품면 황장리,19881001,,3,
4777034052,경상북도 영덕군 지품면 신안리,19881001,,3,
4777034053,경상북도 영덕군 지품면 속곡리,19881001,,3,
4777034054,경상북도 영덕군 지품면 율전리,19881001,,3,
4777034055,경상북도 영덕군 지품면 도계리,19881001,,3,
4777034056,경상북도 영덕군 지품면 옥류리,19881001,,3,
4777034057,경상북도 영덕군 지품면 신애리,19881231,,3,
4777035000,축산면,19880423,,2,4777000000
4777035032,경상북도 영덕군 축산면 축산리,19881001,,3,
4777035033,경상북도 영덕군 축산면 경정리,19881001,,3,
4777035034,경상북도 영덕군 축산면 고곡리,19881001,,3,
4777035035,경상북도 영덕군 축산면 도곡리,19881001,,3,
4777035036,경상북도 영덕군 축산면 상원리,19881001,,3,
4777035037,경상북도 영덕군 축산면 부곡리,19881001,,3,
4777035038,경상북도 영덕군 축산면 칠성리,19881001,,3,
4777035039,경상북도 영덕군 축산면 조항리,19881001,,3,
4777035040,경상북도 영덕군 축산면 대곡리,19881001,,3,
4777035041,경상북도 영덕군 축산면 기암리,19881001,,3,
4777036000,영해면,19880423,,2,4777000000
4777036030,경상북도 영덕군 영해면 성내리,19881001,,3,
4777036031,경상북도 영덕군 영해면 괴시리,19881001,,3,
4777036032,경상북도 영덕군 영해면 대진리,19881001,,3,
4777036033,경상북도 영덕군 영해면 사진리,19881001,,3,
4777036034,경상북도 영덕군 영해면 연평리,19881001,,3,
4777036035,경상북도 영덕군 영해면 벌영리,19881001,,3,
4777036036,경상북도 영덕군 영해면 원구리,19881001,,3,
4777036037,경상북도 영덕군 영해면 묘곡리,19881001,,3,
4777036038,경상북도 영덕군 영해면 대리,19881001,,3,
4777037000,병곡면,19880423,,2,4777000000
4777037035,경상북도 영덕군 병곡면 삼읍리,19881001,,3,
4777037036,경상북도 영덕군 병곡면 금곡리,19881001,,3,
4777037037,경상북도 영덕군 병곡면 백석리,19881001,,3,
4777037038,경상북도 영덕군 병곡면 병곡리,19881001,,3,
4777037039,경상북도 영덕군 병곡면 영리,19881001,,3,
4777037040,경상북도 영덕군 병곡면 거무역리,19881001,,3,
4777037041,경상북도 영덕군 병곡면 아곡리,19881001,,3,
4777037042,경상북도 영덕군 병곡면 원황리,19881001,,3,
4777037043,경상북도 영덕군 병곡면 이천리,19881001,,3,
4777037044,경상북도 영덕군 병곡면 각리리,19881001,,3,
4777037045,경상북도 영덕군 병곡면 사천리,19881001,,3,
4777037046,경상북도 영덕군 병곡면 신평리,19881001,,3,
4777037047,경상북도 영덕군 병곡면 송천리,19881001,,3,
4777037049,경상북도 영덕군 병곡면 덕천리,19900101,,3,
4777038000,창수면,19880423,,2,4777000000
4777038034,경상북도 영덕군 창수면 인량리,19881001,,3,
4777038035,경상북도 영덕군 창수면 가산리,19881001,,3,
4777038036,경상북도 영덕군 창수면 신기리,19881001,,3,
4777038037,경상북도 영덕군 창수면 신리리,19881001,,3,
4777038038,경상북도 영덕군 창수면 갈천리,19881001,,3,
4777038039,경상북도 영덕군 창수면 창수리,19881001,,3,
4777038040,경상북도 영덕군 창수면 미곡리,19881001,,3,
4777038041,경상북도 영덕군 창수면 오촌리,19881001,,3,
4777038042,경상북도 영덕군 창수면 삼계리,19881001,,3,
4777038043,경상북도 영덕군 창수면 수리,19881001,,3,
4777038044,경상북도 영덕군 창수면 인천리,19881001,,3,
4777038045,경상북도 영덕군 창수면 보림리,19881001,,3,
4777038046,경상북도 영덕군 창수면 백청리,19881001,,3,
4782000000,청도군,19880423,,1,4700000000
4782025000,화양읍,19880423,,2,4782000000
4782025021,경상북도 청도군 화양읍 동상리,19881001,,3,
4782025022,경상북도 청도군 화양읍 서상리,19881001,,3,
4782025023,경상북도 청도군 화양읍 신봉리,19881001,,3,
4782025024,경상북도 청도군 화양읍 교촌리,19881001,,3,
4782025025,경상북도 청도군 화양읍 동천리,19881001,,3,
4782025026,경상북도 청도군 화양읍 합천리,19881001,,3,
4782025027,경상북도 청도군 화양읍 범곡리,19881001,,3,
4782025028,경상북도 청도군 화양읍 송북리,19881001,,3,
4782025029,경상북도 청도군 화양읍 눌미리,19881001,,3,
4782025030,경상북도 청도군 화양읍 고평리,19881001,,3,
4782025031,경상북도 청도군 화양읍 소라리,19881001,,3,
4782025032,경상북도 청도군 화양읍 진라리,19881001,,3,
4782025033,경상북도 청도군 화양읍 삼신리,19881001,,3,
4782025034,경상북도 청도군 화양읍 다로리,19881001,,3,
4782025035,경상북도 청도군 화양읍 송금리,19881001,,3,
4782025036,경상북도 청도군 화양읍 유등리,19881001,,3,
4782025037,경상북도 청도군 화양읍 토평리,19881001,,3,
4782025300,청도읍,19880423,,2,4782000000
4782025321,경상북도 청도군 청도읍 고수리,19881001,,3,
4782025322,경상북도 청도군 청도읍 송읍리,19881001,,3,
4782025323,경상북도 청도군 청도읍 무등리,19881001,,3,
4782025324,경상북도 청도군 청도읍 덕암리,19881001,,3,
4782025325,경상북도 청도군 청도읍 내리,19881001,,3,
4782025326,경상북도 청도군 청도읍 안인리,19881001,,3,
4782025327,경상북도 청도군 청도읍 운산리,19881001,,3,
4782025328,경상북도 청도군 청도읍 부야리,19881001,,3,
4782025329,경상북도 청도군 청도읍 원정리,19881001,,3,
4782025330,경상북도 청도군 청도읍 구미리,19881001,,3,
4782025331,경상북도 청도군 청도읍 월곡리,19881001,,3,
4782025332,경상북도 청도군 청도읍 원리,19881001,,3,
4782025333,경상북도 청도군 청도읍 거연리,19881001,,3,
4782025334,경상북도 청도군 청도읍 신도리,19881001,,3,
4782025335,경상북도 청도군 청도읍 상리,19881001,,3,
4782025336,경상북도 청도군 청도읍 평양리,19881001,,3,
4782025337,경상북도 청도군 청도읍 음지리,19881001,,3,
4782025338,경상북도 청도군 청도읍 초현리,19881001,,3,
4782025339,경상북도 청도군 청도읍 유호리,19881001,,3,
4782025340,경상북도 청도군 청도읍 내호리,19881001,,3,
4782025341,경상북도 청도군 청도읍 사촌리,19881001,,3,
4782031000,각남면,19880423,,2,4782000000
4782031031,경상북도 청도군 각남면 칠성리,19881001,,3,
4782031032,경상북도 청도군 각남면 화리,19881001,,3,
4782031033,경상북도 청도군 각남면 일곡리,19881001,,3,
4782031034,경상북도 청도군 각남면 구곡리,19881001,,3,
4782031035,경상북도 청도군 각남면 예리리,19881001,,3,
4782031036,경상북도 청도군 각남면 신당리,19881001,,3,
4782031037,경상북도 청도군 각남면 녹명리,19881001,,3,
4782031038,경상북도 청도군 각남면 사리,19881001,,3,
4782031039,경상북도 청도군 각남면 함박리,19881001,,3,
4782031040,경상북도 청도군 각남면 옥산리,19881001,,3,
4782032000,풍각면,19880423,,2,4782000000
4782032033,경상북도 청도군 풍각면 송서리,19881001,,3,
4782032034,경상북도 청도군 풍각면 봉기리,19881001,,3,
4782032035,경상북도 청도군 풍각면 현리리,19881001,,3,
4782032036,경상북도 청도군 풍각면 성곡리,19881001,,3,
4782032037,경상북도 청도군 풍각면 수월리,19881001,,3,
4782032038,경상북도 청도군 풍각면 화산리,19881001,,3,
4782032039,경상북도 청도군 풍각면 금곡리,19881001,,3,
4782032040,경상북도 청도군 풍각면 안산리,19881001,,3,
4782032041,경상북도 청도군 풍각면 흑석리,19881001,,3,
4782032042,경상북도 청도군 풍각면 월봉리,19881001,,3,
4782032043,경상북도 청도군 풍각면 차산리,19881001,,3,
4782032044,경상북도 청도군 풍각면 덕양리,19881001,,3,
4782033000,각북면,19880423,,2,4782000000
4782033029,경상북도 청도군 각북면 명대리,19881001,,3,
4782033030,경상북도 청도군 각북면 우산리,19881001,,3,
4782033031,경상북도 청도군 각북면 삼평리,19881001,,3,
4782033032,경상북도 청도군 각북면 남산리,19881001,,3,
4782033033,경상북도 청도군 각북면 덕촌리,19881001,,3,
4782033034,경상북도 청도군 각북면 지슬리,19881001,,3,
4782033035,경상북도 청도군 각북면 금천리,19881001,,3,
4782033036,경상북도 청도군 각북면 오산리,19881001,,3,
4782034000,이서면,19880423,,2,4782000000
4782034038,경상북도 청도군 이서면 칠엽리,19881001,,3,
4782034039,경상북도 청도군 이서면 대전리,19881001,,3,
4782034040,경상북도 청도군 이서면 가금리,19881001,,3,
4782034041,경상북도 청도군 이서면 구라리,19881001,,3,
4782034042,경상북도 청도군 이서면 서원리,19881001,,3,
4782034043,경상북도 청도군 이서면 각계리,19881001,,3,
4782034044,경상북도 청도군 이서면 학산리,19881001,,3,
4782034045,경상북도 청도군 이서면 수야리,19881001,,3,
4782034046,경상북도 청도군 이서면 금촌리,19881001,,3,
4782034048,경상북도 청도군 이서면 문수리,19881001,,3,
4782034049,경상북도 청도군 이서면 고철리,19881001,,3,
4782034050,경상북도 청도군 이서면 양원리,19881001,,3,
4782034051,경상북도 청도군 이서면 신촌리,19881001,,3,
4782034052,경상북도 청도군 이서면 칠곡리,19881001,,3,
4782034053,경상북도 청도군 이서면 대곡리,19881001,,3,
4782034054,경상북도 청도군 이서면 팔조리,19881001,,3,
4782034055,경상북도 청도군 이서면 흥선리,19890419,,3,
4782035000,운문면,19880423,,2,4782000000
4782035032,경상북도 청도군 운문면 대천리,19881001,,3,
4782035033,경상북도 청도군 운문면 순지리,19881001,,3,
4782035034,경상북도 청도군 운문면 방음리,19881001,,3,
4782035035,경상북도 청도군 운문면 오진리,19881001,,3,
4782035036,경상북도 청도군 운문면 신원리,19881001,,3,
4782035037,경상북도 청도군 운문면 서지리,19881001,,3,
4782035038,경상북도 청도군 운문면 공암리,19881001,,3,
4782035039,경상북도 청도군 운문면 지촌리,19881001,,3,
4782035040,경상북도 청도군 운문면 봉하리,19881001,,3,
4782035041,경상북도 청도군 운문면 정상리,19881001,,3,
4782035042,경상북도 청도군 운문면 마일리,19881001,,3,
4782035043,경상북도 청도군 운문면 방지리,19920416,,3,
4782036000,금천면,19880423,,2,4782000000
4782036031,경상북도 청도군 금천면 동곡리,19881001,,3,
4782036032,경상북도 청도군 금천면 사전리,19881001,,3,
4782036033,경상북도 청도군 금천면 김전리,19881001,,3,
4782036034,경상북도 청도군 금천면 갈지리,19881001,,3,
4782036035,경상북도 청도군 금천면 소천리,19881001,,3,
4782036036,경상북도 청도군 금천면 방지리,19881001,,3,
4782036037,경상북도 청도군 금천면 임당리,19881001,,3,
4782036038,경상북도 청도군 금천면 신지리,19881001,,3,
4782036039,경상북도 청도군 금천면 박곡리,19881001,,3,
4782036040,경상북도 청도군 금천면 오봉리,19881001,,3,
4782037000,매전면,19880423,,2,4782000000
4782037041,경상북도 청도군 매전면 남양리,19881001,,3,
4782037042,경상북도 청도군 매전면 당호리,19881001,,3,
4782037043,경상북도 청도군 매전면 금곡리,19881001,,3,
4782037044,경상북도 청도군 매전면 동산리,19881001,,3,
4782037045,경상북도 청도군 매전면 북지리,19881001,,3,
4782037046,경상북도 청도군 매전면 용산리,19881001,,3,
4782037047,경상북도 청도군 매전면 온막리,19881001,,3,
4782037048,경상북도 청도군 매전면 호화리,19881001,,3,
4782037049,경상북도 청도군 매전면 장연리,19881001,,3,
4782037050,경상북도 청도군 매전면 예전리,19881001,,3,
4782037051,경상북도 청도군 매전면 내리,19881001,,3,
4782037052,경상북도 청도군 매전면 지전리,19881001,,3,
4782037053,경상북도 청도군 매전면 송원리,19881001,,3,
4782037054,경상북도 청도군 매전면 구촌리,19881001,,3,
4782037055,경상북도 청도군 매전면 하평리,19881001,,3,
4782037056,경상북도 청도군 매전면 상평리,19881001,,3,
4782037057,경상북도 청도군 매전면 관하리,19881001,,3,
4782037058,경상북도 청도군 매전면 금천리,19881001,,3,
4782037059,경상북도 청도군 매전면 덕산리,19881001,,3,
4782037060,경상북도 청도군 매전면 두곡리,19881001,,3,
4783000000,고령군,19880423,,1,4700000000
4783025300,대가야읍,20150402,,2,4783000000
4783025321,경상북도 고령군 대가야읍 쾌빈리,20150402,,3,
4783025322,경상북도 고령군 대가야읍 고아리,20150402,,3,
4783025323,경상북도 고령군 대가야읍 헌문리,20150402,,3,
4783025324,경상북도 고령군 대가야읍 장기리,20150402,,3,
4783025325,경상북도 고령군 대가야읍 연조리,20150402,,3,
4783025326,경상북도 고령군 대가야읍 지산리,20150402,,3,
4783025327,경상북도 고령군 대가야읍 본관리,20150402,,3,
4783025328,경상북도 고령군 대가야읍 중화리,20150402,,3,
4783025329,경상북도 고령군 대가야읍 저전리,20150402,,3,
4783025330,경상북도 고령군 대가야읍 내상리,20150402,,3,
4783025331,경상북도 고령군 대가야읍 신리,20150402,,3,
4783025332,경상북도 고령군 대가야읍 외리,20150402,,3,
4783025333,경상북도 고령군 대가야읍 내곡리,20150402,,3,
4783031000,덕곡면,19880423,,2,4783000000
4783031031,경상북도 고령군 덕곡면 가륜리,19881001,,3,
4783031032,경상북도 고령군 덕곡면 원송리,19881001,,3,
4783031033,경상북도 고령군 덕곡면 노리,19881001,,3,
4783031034,경상북도 고령군 덕곡면 백리,19881001,,3,
4783031035,경상북도 고령군 덕곡면 옥계리,19881001,,3,
4783031036,경상북도 고령군 덕곡면 용흥리,19881001,,3,
4783031037,경상북도 고령군 덕곡면 본리리,19881001,,3,
4783031038,경상북도 고령군 덕곡면 예리,19881001,,3,
4783031039,경상북도 고령군 덕곡면 반성리,19881001,,3,
4783031040,경상북도 고령군 덕곡면 후암리,19881001,,3,
4783032000,운수면,19880423,,2,4783000000
4783032030,경상북도 고령군 운수면 봉평리,19881001,,3,
4783032031,경상북도 고령군 운수면 대평리,19881001,,3,
4783032032,경상북도 고령군 운수면 신간리,19881001,,3,
4783032033,경상북도 고령군 운수면 법리,19881001,,3,
4783032034,경상북도 고령군 운수면 유리,19881001,,3,
4783032035,경상북도 고령군 운수면 팔산리,19881001,,3,
4783032036,경상북도 고령군 운수면 운산리,19881001,,3,
4783032037,경상북도 고령군 운수면 월산리,19881001,,3,
4783032038,경상북도 고령군 운수면 화암리,19881001,,3,
4783033000,성산면,19880423,,2,4783000000
4783033035,경상북도 고령군 성산면 어곡리,19881001,,3,
4783033036,경상북도 고령군 성산면 득성리,19881001,,3,
4783033037,경상북도 고령군 성산면 삼대리,19881001,,3,
4783033038,경상북도 고령군 성산면 오곡리,19881001,,3,
4783033039,경상북도 고령군 성산면 강정리,19881001,,3,
4783033040,경상북도 고령군 성산면 무계리,19881001,,3,
4783033041,경상북도 고령군 성산면 박곡리,19881001,,3,
4783033042,경상북도 고령군 성산면 대흥리,19881001,,3,
4783033043,경상북도 고령군 성산면 용소리,19881001,,3,
4783033044,경상북도 고령군 성산면 상용리,19881001,,3,
4783033045,경상북도 고령군 성산면 고탄리,19881001,,3,
4783033046,경상북도 고령군 성산면 기족리,19881001,,3,
4783033047,경상북도 고령군 성산면 기산리,19881001,,3,
4783033048,경상북도 고령군 성산면 사부리,19881001,,3,
4783034000,다산면,19880423,,2,4783000000
4783034031,경상북도 고령군 다산면 평리리,19881001,,3,
4783034032,경상북도 고령군 다산면 호촌리,19881001,,3,
4783034033,경상북도 고령군 다산면 곽촌리,19881001,,3,
4783034034,경상북도 고령군 다산면 상곡리,19881001,,3,
4783034035,경상북도 고령군 다산면 좌학리,19881001,,3,
4783034036,경상북도 고령군 다산면 월성리,19881001,,3,
4783034037,경상북도 고령군 다산면 노곡리,19881001,,3,
4783034038,경상북도 고령군 다산면 나정리,19881001,,3,
4783034039,경상북도 고령군 다산면 벌지리,19881001,,3,
4783034040,경상북도 고령군 다산면 송곡리,19881001,,3,
4783035000,개진면,19880423,,2,4783000000
4783035032,경상북도 고령군 개진면 양전리,19881001,,3,
4783035033,경상북도 고령군 개진면 반운리,19881001,,3,
4783035034,경상북도 고령군 개진면 신안리,19881001,,3,
4783035035,경상북도 고령군 개진면 직리,19881001,,3,
4783035036,경상북도 고령군 개진면 개포리,19881001,,3,
4783035037,경상북도 고령군 개진면 오사리,19881001,,3,
4783035038,경상북도 고령군 개진면 구곡리,19881001,,3,
4783035039,경상북도 고령군 개진면 옥산리,19881001,,3,
4783035040,경상북도 고령군 개진면 부리,19881001,,3,
4783035041,경상북도 고령군 개진면 생리,19881001,,3,
4783035042,경상북도 고령군 개진면 인안리,19881001,,3,
4783036000,우곡면,19880423,,2,4783000000
4783036034,경상북도 고령군 우곡면 도진리,19881001,,3,
4783036035,경상북도 고령군 우곡면 예곡리,19881001,,3,
4783036036,경상북도 고령군 우곡면 답곡리,19881001,,3,
4783036037,경상북도 고령군 우곡면 봉산리,19881001,,3,
4783036038,경상북도 고령군 우곡면 포리,19881001,,3,
4783036039,경상북도 고령군 우곡면 객기리,19881001,,3,
4783036040,경상북도 고령군 우곡면 월오리,19881001,,3,
4783036041,경상북도 고령군 우곡면 연리,19881001,,3,
4783036042,경상북도 고령군 우곡면 대곡리,19881001,,3,
4783036043,경상북도 고령군 우곡면 사전리,19881001,,3,
4783036044,경상북도 고령군 우곡면 야정리,19881001,,3,
4783036045,경상북도 고령군 우곡면 속리,19881001,,3,
4783036046,경상북도 고령군 우곡면 사촌리,19881001,,3,
4783037000,쌍림면,19880423,,2,4783000000
4783037037,경상북도 고령군 쌍림면 귀원리,19881001,,3,
4783037038,경상북도 고령군 쌍림면 송림리,19881001,,3,
4783037039,경상북도 고령군 쌍림면 산당리,19881001,,3,
4783037040,경상북도 고령군 쌍림면 백산리,19881001,,3,
4783037041,경상북도 고령군 쌍림면 하거리,19881001,,3,
4783037042,경상북도 고령군 쌍림면 신촌리,19881001,,3,
4783037043,경상북도 고령군 쌍림면 산주리,19881001,,3,
4783037044,경상북도 고령군 쌍림면 매촌리,19881001,,3,
4783037045,경상북도 고령군 쌍림면 합가리,19881001,,3,
4783037046,경상북도 고령군 쌍림면 신곡리,19881001,,3,
4783037047,경상북도 고령군 쌍림면 평지리,19881001,,3,
4783037048,경상북도 고령군 쌍림면 안화리,19881001,,3,
4783037049,경상북도 고령군 쌍림면 안림리,19881001,,3,
4783037050,경상북도 고령군 쌍림면 고곡리,19881001,,3,
4783037051,경상북도 고령군 쌍림면 월막리,19881001,,3,
4783037052,경상북도 고령군 쌍림면 용리,19881001,,3,
4784000000,성주군,19880423,,1,4700000000
4784025000,성주읍,19880423,,2,4784000000
4784025021,경상북도 성주군 성주읍 경산리,19881001,,3,
4784025022,경상북도 성주군 성주읍 대흥리,19881001,,3,
4784025023,경상북도 성주군 성주읍 대황리,19881001,,3,
4784025024,경상북도 성주군 성주읍 성산리,19881001,,3,
4784025025,경상북도 성주군 성주읍 삼산리,19881001,,3,
4784025026,경상북도 성주군 성주읍 학산리,19881001,,3,
4784025027,경상북도 성주군 성주읍 금산리,19881001,,3,
4784025028,경상북도 성주군 성주읍 예산리,19881001,,3,
4784025029,경상북도 성주군 성주읍 백전리,19881001,,3,
4784025030,경상북도 성주군 성주읍 용산리,19881001,,3,
4784031000,선남면,19880423,,2,4784000000
4784031034,경상북도 성주군 선남면 용신리,19881001,,3,
4784031035,경상북도 성주군 선남면 도흥리,19881001,,3,
4784031036,경상북도 성주군 선남면 선원리,19881001,,3,
4784031037,경상북도 성주군 선남면 소학리,19881001,,3,
4784031038,경상북도 성주군 선남면 도성리,19881001,,3,
4784031039,경상북도 성주군 선남면 동암리,19881001,,3,
4784031040,경상북도 성주군 선남면 취곡리,19881001,,3,
4784031041,경상북도 성주군 선남면 신부리,19881001,,3,
4784031042,경상북도 성주군 선남면 성원리,19881001,,3,
4784031043,경상북도 성주군 선남면 문방리,19881001,,3,
4784031044,경상북도 성주군 선남면 오도리,19881001,,3,
4784031045,경상북도 성주군 선남면 관화리,19881001,,3,
4784031046,경상북도 성주군 선남면 유서리,19881001,,3,
4784031047,경상북도 성주군 선남면 명포리,19890101,,3,
4784031048,경상북도 성주군 선남면 장학리,19890101,,3,
4784032000,용암면,19880423,,2,4784000000
4784032040,경상북도 성주군 용암면 덕평리,19881001,,3,
4784032041,경상북도 성주군 용암면 본리리,19881001,,3,
4784032042,경상북도 성주군 용암면 상언리,19881001,,3,
4784032043,경상북도 성주군 용암면 용정리,19881001,,3,
4784032044,경상북도 성주군 용암면 선송리,19881001,,3,
4784032045,경상북도 성주군 용암면 용계리,19881001,,3,
4784032046,경상북도 성주군 용암면 사곡리,19881001,,3,
4784032047,경상북도 성주군 용암면 동락리,19881001,,3,
4784032048,경상북도 성주군 용암면 기산리,19881001,,3,
4784032049,경상북도 성주군 용암면 운산리,19881001,,3,
4784032050,경상북도 성주군 용암면 문명리,19881001,,3,
4784032053,경상북도 성주군 용암면 중거리,19881001,,3,
4784032054,경상북도 성주군 용암면 마월리,19881001,,3,
4784032055,경상북도 성주군 용암면 계상리,19881001,,3,
4784032056,경상북도 성주군 용암면 대봉리,19881001,,3,
4784032057,경상북도 성주군 용암면 상신리,19881001,,3,
4784032058,경상북도 성주군 용암면 죽전리,19881001,,3,
4784033000,수륜면,19880423,,2,4784000000
4784033035,경상북도 성주군 수륜면 백운리,19881001,,3,
4784033036,경상북도 성주군 수륜면 신파리,19881001,,3,
4784033037,경상북도 성주군 수륜면 적송리,19881001,,3,
4784033038,경상북도 성주군 수륜면 봉양리,19881001,,3,
4784033039,경상북도 성주군 수륜면 신정리,19881001,,3,
4784033040,경상북도 성주군 수륜면 수성리,19881001,,3,
4784033041,경상북도 성주군 수륜면 송계리,19881001,,3,
4784033042,경상북도 성주군 수륜면 수륜리,19881001,,3,
4784033043,경상북도 성주군 수륜면 오천리,19881001,,3,
4784033044,경상북도 성주군 수륜면 계정리,19881001,,3,
4784033045,경상북도 성주군 수륜면 남은리,19881001,,3,
4784033046,경상북도 성주군 수륜면 보월리,19881001,,3,
4784033047,경상북도 성주군 수륜면 작은리,19881001,,3,
4784033048,경상북도 성주군 수륜면 성리,19881001,,3,
4784034000,가천면,19880423,,2,4784000000
4784034030,경상북도 성주군 가천면 창천리,19881001,,3,
4784034031,경상북도 성주군 가천면 화죽리,19881013,,3,
4784034032,경상북도 성주군 가천면 동원리,19881001,,3,
4784034033,경상북도 성주군 가천면 마수리,19881001,,3,
4784034034,경상북도 성주군 가천면 법전리,19881001,,3,
4784034035,경상북도 성주군 가천면 신계리,19881001,,3,
4784034036,경상북도 성주군 가천면 용사리,19881001,,3,
4784034037,경상북도 성주군 가천면 금봉리,19881001,,3,
4784034038,경상북도 성주군 가천면 중산리,19881001,,3,
4784035500,금수강산면,20240801,,2,4784000000
4784035521,경상북도 성주군 금수강산면 광산리,20240801,,3,
4784035522,경상북도 성주군 금수강산면 명천리,20240801,,3,
4784035523,경상북도 성주군 금수강산면 어은리,20240801,,3,
4784035524,경상북도 성주군 금수강산면 후평리,20240801,,3,
4784035525,경상북도 성주군 금수강산면 봉두리,20240801,,3,
4784035526,경상북도 성주군 금수강산면 무학리,20240801,,3,
4784035527,경상북도 성주군 금수강산면 영천리,20240801,,3,
4784036000,대가면,19880423,,2,4784000000
4784036030,경상북도 성주군 대가면 칠봉리,19881001,,3,
4784036031,경상북도 성주군 대가면 옥성리,19881001,,3,
4784036032,경상북도 성주군 대가면 용흥리,19881001,,3,
4784036033,경상북도 성주군 대가면 흥산리,19881001,,3,
4784036034,경상북도 성주군 대가면 옥련리,19881001,,3,
4784036035,경상북도 성주군 대가면 금산리,19881001,,3,
4784036036,경상북도 성주군 대가면 옥화리,19881001,,3,
4784036037,경상북도 성주군 대가면 대천리,19881001,,3,
4784036038,경상북도 성주군 대가면 도남리,19881001,,3,
4784037000,벽진면,19880423,,2,4784000000
4784037031,경상북도 성주군 벽진면 봉계리,19881001,,3,
4784037032,경상북도 성주군 벽진면 매수리,19881001,,3,
4784037033,경상북도 성주군 벽진면 외기리,19881001,,3,
4784037034,경상북도 성주군 벽진면 봉학리,19881001,,3,
4784037035,경상북도 성주군 벽진면 용암리,19881001,,3,
4784037036,경상북도 성주군 벽진면 자산리,19881001,,3,
4784037037,경상북도 성주군 벽진면 운정리,19881001,,3,
4784037038,경상북도 성주군 벽진면 가암리,19881001,,3,
4784037039,경상북도 성주군 벽진면 수촌리,19910806,,3,
4784038000,초전면,19880423,,2,4784000000
4784038032,경상북도 성주군 초전면 대장리,19881001,,3,
4784038033,경상북도 성주군 초전면 칠선리,19881001,,3,
4784038034,경상북도 성주군 초전면 용성리,19881001,,3,
4784038035,경상북도 성주군 초전면 문덕리,19881001,,3,
4784038036,경상북도 성주군 초전면 자양리,19881001,,3,
4784038037,경상북도 성주군 초전면 고산리,19881001,,3,
4784038038,경상북도 성주군 초전면 월곡리,19881001,,3,
4784038039,경상북도 성주군 초전면 소성리,19881001,,3,
4784038040,경상북도 성주군 초전면 용봉리,19881001,,3,
4784038041,경상북도 성주군 초전면 봉정리,19881001,,3,
4784038042,경상북도 성주군 초전면 동포리,19881001,,3,
4784038043,경상북도 성주군 초전면 어산리,19890101,,3,
4784039000,월항면,19880423,,2,4784000000
4784039031,경상북도 성주군 월항면 대산리,19881001,,3,
4784039032,경상북도 성주군 월항면 유월리,19881001,,3,
4784039033,경상북도 성주군 월항면 안포리,19881001,,3,
4784039034,경상북도 성주군 월항면 용각리,19881001,,3,
4784039035,경상북도 성주군 월항면 보암리,19881001,,3,
4784039036,경상북도 성주군 월항면 장산리,19881001,,3,
4784039037,경상북도 성주군 월항면 수죽리,19881001,,3,
4784039038,경상북도 성주군 월항면 지방리,19881001,,3,
4784039039,경상북도 성주군 월항면 인촌리,19881001,,3,
4785000000,칠곡군,19880423,,1,4700000000
4785025000,왜관읍,19880423,,2,4785000000
4785025021,경상북도 칠곡군 왜관읍 왜관리,19881001,,3,
4785025022,경상북도 칠곡군 왜관읍 석전리,19881001,,3,
4785025023,경상북도 칠곡군 왜관읍 매원리,19881001,,3,
4785025024,경상북도 칠곡군 왜관읍 봉계리,19881001,,3,
4785025025,경상북도 칠곡군 왜관읍 삼청리,19881001,,3,
4785025026,경상북도 칠곡군 왜관읍 금산리,19881001,,3,
4785025027,경상북도 칠곡군 왜관읍 낙산리,19881001,,3,
4785025028,경상북도 칠곡군 왜관읍 금남리,19881001,,3,
4785025029,경상북도 칠곡군 왜관읍 아곡리,19881001,,3,
4785025300,북삼읍,20030701,,2,4785000000
4785025321,경상북도 칠곡군 북삼읍 율리,20030701,,3,
4785025322,경상북도 칠곡군 북삼읍 어로리,20030701,,3,
4785025323,경상북도 칠곡군 북삼읍 보손리,20030701,,3,
4785025324,경상북도 칠곡군 북삼읍 숭오리,20030701,,3,
4785025325,경상북도 칠곡군 북삼읍 인평리,20030701,,3,
4785025326,경상북도 칠곡군 북삼읍 오평리,20030701,,3,
4785025600,석적읍,20061001,,2,4785000000
4785025621,경상북도 칠곡군 석적읍 성곡리,20061001,,3,
4785025622,경상북도 칠곡군 석적읍 중리,20061001,,3,
4785025623,경상북도 칠곡군 석적읍 남율리,20061001,,3,
4785025624,경상북도 칠곡군 석적읍 포남리,20061001,,3,
4785025625,경상북도 칠곡군 석적읍 중지리,20061001,,3,
4785025626,경상북도 칠곡군 석적읍 반계리,20061001,,3,
4785025627,경상북도 칠곡군 석적읍 망정리,20061001,,3,
4785025628,경상북도 칠곡군 석적읍 도개리,20061001,,3,
4785031000,지천면,19880423,,2,4785000000
4785031036,경상북도 칠곡군 지천면 신리,19881001,,3,
4785031037,경상북도 칠곡군 지천면 송정리,19881001,,3,
4785031038,경상북도 칠곡군 지천면 금호리,19881001,,3,
4785031039,경상북도 칠곡군 지천면 연화리,19881001,,3,
4785031040,경상북도 칠곡군 지천면 달서리,19881001,,3,
4785031041,경상북도 칠곡군 지천면 백운리,19881001,,3,
4785031042,경상북도 칠곡군 지천면 창평리,19881001,,3,
4785031043,경상북도 칠곡군 지천면 심천리,19881001,,3,
4785031044,경상북도 칠곡군 지천면 덕산리,19881001,,3,
4785031045,경상북도 칠곡군 지천면 영오리,19881001,,3,
4785031046,경상북도 칠곡군 지천면 오산리,19881001,,3,
4785031047,경상북도 칠곡군 지천면 용산리,19881001,,3,
4785031048,경상북도 칠곡군 지천면 연호리,19881001,,3,
4785031049,경상북도 칠곡군 지천면 낙산리,19881001,,3,
4785031050,경상북도 칠곡군 지천면 황학리,19881001,,3,
4785032000,동명면,19880423,,2,4785000000
4785032030,경상북도 칠곡군 동명면 금암리,19881001,,3,
4785032031,경상북도 칠곡군 동명면 송산리,19881001,,3,
4785032032,경상북도 칠곡군 동명면 가천리,19881001,,3,
4785032033,경상북도 칠곡군 동명면 학명리,19881001,,3,
4785032034,경상북도 칠곡군 동명면 남원리,19881001,,3,
4785032035,경상북도 칠곡군 동명면 득명리,19881001,,3,
4785032036,경상북도 칠곡군 동명면 기성리,19881001,,3,
4785032037,경상북도 칠곡군 동명면 구덕리,19881001,,3,
4785032038,경상북도 칠곡군 동명면 봉암리,19881001,,3,
4785033000,가산면,19880423,,2,4785000000
4785033034,경상북도 칠곡군 가산면 다부리,19881001,,3,
4785033035,경상북도 칠곡군 가산면 금화리,19881001,,3,
4785033036,경상북도 칠곡군 가산면 가산리,19881001,,3,
4785033037,경상북도 칠곡군 가산면 응추리,19881001,,3,
4785033038,경상북도 칠곡군 가산면 용수리,19881001,,3,
4785033039,경상북도 칠곡군 가산면 천평리,19881001,,3,
4785033041,경상북도 칠곡군 가산면 심곡리,19881001,,3,
4785033043,경상북도 칠곡군 가산면 학하리,19881001,,3,
4785033044,경상북도 칠곡군 가산면 학상리,19881001,,3,
4785033045,경상북도 칠곡군 가산면 학산리,19881001,,3,
4785033046,경상북도 칠곡군 가산면 석우리,19881001,,3,
4785033047,경상북도 칠곡군 가산면 송학리,19980501,,3,
4785036000,약목면,19880423,,2,4785000000
4785036028,경상북도 칠곡군 약목면 복성리,19881001,,3,
4785036029,경상북도 칠곡군 약목면 동안리,19881001,,3,
4785036030,경상북도 칠곡군 약목면 남계리,19881001,,3,
4785036031,경상북도 칠곡군 약목면 교리,19881001,,3,
4785036032,경상북도 칠곡군 약목면 덕산리,19881001,,3,
4785036033,경상북도 칠곡군 약목면 무림리,19881001,,3,
4785036034,경상북도 칠곡군 약목면 관호리,19881001,,3,
4785037000,기산면,19880423,,2,4785000000
4785037028,경상북도 칠곡군 기산면 죽전리,19881001,,3,
4785037029,경상북도 칠곡군 기산면 평복리,19881001,,3,
4785037030,경상북도 칠곡군 기산면 영리,19881001,,3,
4785037031,경상북도 칠곡군 기산면 행정리,19881001,,3,
4785037032,경상북도 칠곡군 기산면 봉산리,19881001,,3,
4785037033,경상북도 칠곡군 기산면 각산리,19881001,,3,
4785037034,경상북도 칠곡군 기산면 노석리,19881001,,3,
4790000000,예천군,19880423,,1,4700000000
4790025000,예천읍,19880423,,2,4790000000
4790025021,경상북도 예천군 예천읍 노하리,19881001,,3,
4790025022,경상북도 예천군 예천읍 노상리,19881001,,3,
4790025023,경상북도 예천군 예천읍 백전리,19881001,,3,
4790025024,경상북도 예천군 예천읍 동본리,19881001,,3,
4790025025,경상북도 예천군 예천읍 남본리,19881001,,3,
4790025026,경상북도 예천군 예천읍 서본리,19881001,,3,
4790025027,경상북도 예천군 예천읍 대심리,19881001,,3,
4790025028,경상북도 예천군 예천읍 석정리,19881001,,3,
4790025029,경상북도 예천군 예천읍 지내리,19881001,,3,
4790025031,경상북도 예천군 예천읍 왕신리,19881001,,3,
4790025032,경상북도 예천군 예천읍 청복리,19881001,,3,
4790025033,경상북도 예천군 예천읍 통명리,19881001,,3,
4790025034,경상북도 예천군 예천읍 우계리,19881001,,3,
4790025035,경상북도 예천군 예천읍 갈구리,19881001,,3,
4790025036,경상북도 예천군 예천읍 생천리,19881001,,3,
4790025037,경상북도 예천군 예천읍 용산리,19881001,,3,
4790025038,경상북도 예천군 예천읍 고평리,19881001,,3,
4790025039,경상북도 예천군 예천읍 상동리,20070302,,3,
4790025300,호명읍,20240201,,2,4790000000
4790025321,경상북도 예천군 호명읍 본포리,20240201,,3,
4790025322,경상북도 예천군 호명읍 원곡리,20240201,,3,
4790025323,경상북도 예천군 호명읍 송곡리,20240201,,3,
4790025324,경상북도 예천군 호명읍 금능리,20240201,,3,
4790025325,경상북도 예천군 호명읍 한어리,20240201,,3,
4790025326,경상북도 예천군 호명읍 본리,20240201,,3,
4790025327,경상북도 예천군 호명읍 형호리,20240201,,3,
4790025328,경상북도 예천군 호명읍 오천리,20240201,,3,
4790025329,경상북도 예천군 호명읍 백송리,20240201,,3,
4790025330,경상북도 예천군 호명읍 산합리,20240201,,3,
4790025331,경상북도 예천군 호명읍 직산리,20240201,,3,
4790025332,경상북도 예천군 호명읍 황지리,20240201,,3,
4790025333,경상북도 예천군 호명읍 월포리,20240201,,3,
4790025334,경상북도 예천군 호명읍 종산리,20240201,,3,
4790025335,경상북도 예천군 호명읍 내신리,20240201,,3,
4790025336,경상북도 예천군 호명읍 담암리,20240201,,3,
4790031000,용문면,19880423,,2,4790000000
4790031039,경상북도 예천군 용문면 상금곡리,19881001,,3,
4790031040,경상북도 예천군 용문면 하금곡리,19881001,,3,
4790031041,경상북도 예천군 용문면 성현리,19881001,,3,
4790031042,경상북도 예천군 용문면 덕신리,19881001,,3,
4790031043,경상북도 예천군 용문면 방송리,19881001,,3,
4790031044,경상북도 예천군 용문면 노사리,19881001,,3,
4790031045,경상북도 예천군 용문면 구계리,19881001,,3,
4790031046,경상북도 예천군 용문면 죽림리,19881001,,3,
4790031047,경상북도 예천군 용문면 직리,19881001,,3,
4790031048,경상북도 예천군 용문면 두천리,19881001,,3,
4790031049,경상북도 예천군 용문면 사부리,19881013,,3,
4790031050,경상북도 예천군 용문면 내지리,19881001,,3,
4790031051,경상북도 예천군 용문면 원류리,19881001,,3,
4790031052,경상북도 예천군 용문면 선리,19881001,,3,
4790031053,경상북도 예천군 용문면 능천리,19881001,,3,
4790031054,경상북도 예천군 용문면 제곡리,19881001,,3,
4790031055,경상북도 예천군 용문면 대제리,19881001,,3,
4790031056,경상북도 예천군 용문면 하학리,19881001,,3,
4790034000,감천면,19880423,,2,4790000000
4790034036,경상북도 예천군 감천면 포리,19881001,,3,
4790034037,경상북도 예천군 감천면 덕율리,19881001,,3,
4790034038,경상북도 예천군 감천면 관현리,19881001,,3,
4790034039,경상북도 예천군 감천면 천향리,19881001,,3,
4790034040,경상북도 예천군 감천면 진평리,19881001,,3,
4790034041,경상북도 예천군 감천면 벌방리,19881001,,3,
4790034042,경상북도 예천군 감천면 수한리,19881001,,3,
4790034043,경상북도 예천군 감천면 현내리,19881001,,3,
4790034044,경상북도 예천군 감천면 증거리,19881001,,3,
4790034045,경상북도 예천군 감천면 돈산리,19881001,,3,
4790034046,경상북도 예천군 감천면 유리,19881001,,3,
4790034047,경상북도 예천군 감천면 미석리,19881001,,3,
4790034048,경상북도 예천군 감천면 대맥리,19881001,,3,
4790034049,경상북도 예천군 감천면 장산리,19881001,,3,
4790034050,경상북도 예천군 감천면 마촌리,19881001,,3,
4790035000,보문면,19880423,,2,4790000000
4790035034,경상북도 예천군 보문면 미호리,19881001,,3,
4790035035,경상북도 예천군 보문면 신월리,19881001,,3,
4790035036,경상북도 예천군 보문면 승본리,19881001,,3,
4790035037,경상북도 예천군 보문면 간방리,19881001,,3,
4790035038,경상북도 예천군 보문면 독양리,19881001,,3,
4790035039,경상북도 예천군 보문면 옥천리,19881001,,3,
4790035040,경상북도 예천군 보문면 기곡리,19881001,,3,
4790035041,경상북도 예천군 보문면 우래리,19881001,,3,
4790035042,경상북도 예천군 보문면 산성리,19881001,,3,
4790035043,경상북도 예천군 보문면 오신리,19881001,,3,
4790035044,경상북도 예천군 보문면 수계리,19881001,,3,
4790035045,경상북도 예천군 보문면 작곡리,19881001,,3,
4790035046,경상북도 예천군 보문면 오암리,19881001,,3,
4790037000,유천면,19880423,,2,4790000000
4790037041,경상북도 예천군 유천면 화지리,19881001,,3,
4790037042,경상북도 예천군 유천면 고산리,19881001,,3,
4790037043,경상북도 예천군 유천면 성평리,19881001,,3,
4790037044,경상북도 예천군 유천면 광전리,19881001,,3,
4790037045,경상북도 예천군 유천면 손기리,19881001,,3,
4790037046,경상북도 예천군 유천면 수심리,19881001,,3,
4790037047,경상북도 예천군 유천면 송전리,19881001,,3,
4790037048,경상북도 예천군 유천면 중평리,19881001,,3,
4790037049,경상북도 예천군 유천면 죽안리,19881001,,3,
4790037050,경상북도 예천군 유천면 마천리,19881001,,3,
4790037051,경상북도 예천군 유천면 화전리,19881001,,3,
4790037052,경상북도 예천군 유천면 사곡리,19881001,,3,
4790037053,경상북도 예천군 유천면 고림리,19881001,,3,
4790037054,경상북도 예천군 유천면 송지리,19881001,,3,
4790037055,경상북도 예천군 유천면 율현리,19881001,,3,
4790037056,경상북도 예천군 유천면 연천리,19881001,,3,
4790037057,경상북도 예천군 유천면 용암리,19881001,,3,
4790037058,경상북도 예천군 유천면 초적리,19881001,,3,
4790037059,경상북도 예천군 유천면 매산리,19881001,,3,
4790037060,경상북도 예천군 유천면 가리,19881001,,3,
4790038000,용궁면,19880423,,2,4790000000
4790038021,경상북도 예천군 용궁면 읍부리,19880423,,3,
4790038022,경상북도 예천군 용궁면 금남리,19880423,,3,
4790038023,경상북도 예천군 용궁면 가야리,19880423,,3,
4790038024,경상북도 예천군 용궁면 무이리,19880423,,3,
4790038025,경상북도 예천군 용궁면 향석리,19880423,,3,
4790038026,경상북도 예천군 용궁면 대은리,19880423,,3,
4790038027,경상북도 예천군 용궁면 무지리,19880423,,3,
4790038028,경상북도 예천군 용궁면 산택리,19880423,,3,
4790038029,경상북도 예천군 용궁면 월오리,19880423,,3,
4790038030,경상북도 예천군 용궁면 송암리,19880423,,3,
4790038031,경상북도 예천군 용궁면 덕계리,19880423,,3,
4790039000,개포면,19880423,,2,4790000000
4790039021,경상북도 예천군 개포면 금리,19881001,,3,
4790039022,경상북도 예천군 개포면 경진리,19881001,,3,
4790039023,경상북도 예천군 개포면 동송리,19881001,,3,
4790039024,경상북도 예천군 개포면 이사리,19881001,,3,
4790039025,경상북도 예천군 개포면 우감리,19880423,,3,
4790039026,경상북도 예천군 개포면 신음리,19880423,,3,
4790039027,경상북도 예천군 개포면 가곡리,19880423,,3,
4790039028,경상북도 예천군 개포면 황산리,19880423,,3,
4790039029,경상북도 예천군 개포면 장송리,19880423,,3,
4790039030,경상북도 예천군 개포면 입암리,19880423,,3,
4790039031,경상북도 예천군 개포면 갈마리,19880423,,3,
4790039032,경상북도 예천군 개포면 풍정리,19880423,,3,
4790040000,지보면,19880423,,2,4790000000
4790040021,경상북도 예천군 지보면 소화리,19880423,,3,
4790040022,경상북도 예천군 지보면 마전리,19880423,,3,
4790040023,경상북도 예천군 지보면 지보리,19880423,,3,
4790040024,경상북도 예천군 지보면 도화리,19880423,,3,
4790040025,경상북도 예천군 지보면 신풍리,19880423,,3,
4790040026,경상북도 예천군 지보면 대죽리,19880423,,3,
4790040027,경상북도 예천군 지보면 암천리,19880423,,3,
4790040028,경상북도 예천군 지보면 어신리,19880423,,3,
4790040029,경상북도 예천군 지보면 송평리,19880423,,3,
4790040030,경상북도 예천군 지보면 수월리,19880423,,3,
4790040031,경상북도 예천군 지보면 상월리,19880423,,3,
4790040032,경상북도 예천군 지보면 만화리,19880423,,3,
4790040033,경상북도 예천군 지보면 매창리,19880423,,3,
4790040034,경상북도 예천군 지보면 도장리,19880423,,3,
4790040035,경상북도 예천군 지보면 마산리,19880423,,3,
4790041000,풍양면,19880423,,2,4790000000
4790041021,경상북도 예천군 풍양면 우망리,19880423,,3,
4790041022,경상북도 예천군 풍양면 청곡리,19880423,,3,
4790041023,경상북도 예천군 풍양면 흔효리,19880423,,3,
4790041024,경상북도 예천군 풍양면 흥천리,19880423,,3,
4790041025,경상북도 예천군 풍양면 청운리,19880423,,3,
4790041026,경상북도 예천군 풍양면 하풍리,19880423,,3,
4790041027,경상북도 예천군 풍양면 삼강리,19880423,,3,
4790041028,경상북도 예천군 풍양면 오지리,19880423,,3,
4790041036,경상북도 예천군 풍양면 풍신리,19880423,,3,
4790041037,경상북도 예천군 풍양면 괴당리,19881001,,3,
4790041038,경상북도 예천군 풍양면 고산리,19881001,,3,
4790041039,경상북도 예천군 풍양면 공덕리,19881001,,3,
4790041040,경상북도 예천군 풍양면 낙상리,19881001,,3,
4790041041,경상북도 예천군 풍양면 와룡리,19881001,,3,
4790041042,경상북도 예천군 풍양면 효갈리,19881001,,3,
4790042000,효자면,20160201,,2,4790000000
4790042021,경상북도 예천군 효자면 도촌리,20160201,,3,
4790042022,경상북도 예천군 효자면 사곡리,20160201,,3,
4790042023,경상북도 예천군 효자면 명봉리,20160201,,3,
4790042024,경상북도 예천군 효자면 용두리,20160201,,3,
4790042025,경상북도 예천군 효자면 두성리,20160201,,3,
4790042026,경상북도 예천군 효자면 백석리,20160201,,3,
4790042027,경상북도 예천군 효자면 초항리,20160201,,3,
4790042028,경상북도 예천군 효자면 고항리,20160201,,3,
4790042029,경상북도 예천군 효자면 석묘리,20160201,,3,
4790042030,경상북도 예천군 효자면 보곡리,20160201,,3,
4790043000,은풍면,20160201,,2,4790000000
4790043021,경상북도 예천군 은풍면 우곡리,20160201,,3,
4790043022,경상북도 예천군 은풍면 탑리,20160201,,3,
4790043023,경상북도 예천군 은풍면 동사리,20160201,,3,
4790043024,경상북도 예천군 은풍면 은산리,20160201,,3,
4790043025,경상북도 예천군 은풍면 송월리,20160201,,3,
4790043026,경상북도 예천군 은풍면 금곡리,20160201,,3,
4790043027,경상북도 예천군 은풍면 오류리,20160201,,3,
4790043028,경상북도 예천군 은풍면 율곡리,20160201,,3,
4790043029,경상북도 예천군 은풍면 부초리,20160201,,3,
4790043030,경상북도 예천군 은풍면 시항리,20160201,,3,
4792000000,봉화군,19880423,,1,4700000000
4792025000,봉화읍,19880423,,2,4792000000
4792025022,경상북도 봉화군 봉화읍 삼계리,19880423,,3,
4792025023,경상북도 봉화군 봉화읍 유곡리,19880423,,3,
4792025024,경상북도 봉화군 봉화읍 거촌리,19880423,,3,
4792025025,경상북도 봉화군 봉화읍 석평리,19880423,,3,
4792025026,경상북도 봉화군 봉화읍 해저리,19880423,,3,
4792025027,경상북도 봉화군 봉화읍 적덕리,19880423,,3,
4792025028,경상북도 봉화군 봉화읍 화천리,19880423,,3,
4792025029,경상북도 봉화군 봉화읍 도촌리,19880423,,3,
4792025030,경상북도 봉화군 봉화읍 문단리,19880423,,3,
4792025031,경상북도 봉화군 봉화읍 내성리,20021106,,3,
4792031000,물야면,19880423,,2,4792000000
4792031021,경상북도 봉화군 물야면 오록리,19880423,,3,
4792031022,경상북도 봉화군 물야면 가평리,19880423,,3,
4792031023,경상북도 봉화군 물야면 개단리,19880423,,3,
4792031024,경상북도 봉화군 물야면 오전리,19880423,,3,
4792031025,경상북도 봉화군 물야면 압동리,19880423,,3,
4792031026,경상북도 봉화군 물야면 두문리,19880423,,3,
4792031027,경상북도 봉화군 물야면 수식리,19880423,,3,
4792031028,경상북도 봉화군 물야면 북지리,19880423,,3,
4792032000,봉성면,19880423,,2,4792000000
4792032021,경상북도 봉화군 봉성면 봉성리,19880423,,3,
4792032023,경상북도 봉화군 봉성면 외삼리,19880423,,3,
4792032024,경상북도 봉화군 봉성면 창평리,19880423,,3,
4792032025,경상북도 봉화군 봉성면 동양리,19880423,,3,
4792032026,경상북도 봉화군 봉성면 금봉리,19880423,,3,
4792032027,경상북도 봉화군 봉성면 우곡리,19880423,,3,
4792032028,경상북도 봉화군 봉성면 봉양리,19910806,,3,
4792033000,법전면,19880423,,2,4792000000
4792033021,경상북도 봉화군 법전면 법전리,19880423,,3,
4792033022,경상북도 봉화군 법전면 풍정리,19880423,,3,
4792033023,경상북도 봉화군 법전면 척곡리,19880423,,3,
4792033024,경상북도 봉화군 법전면 소천리,19880423,,3,
4792033025,경상북도 봉화군 법전면 눌산리,19880423,,3,
4792033026,경상북도 봉화군 법전면 어지리,19880423,,3,
4792033027,경상북도 봉화군 법전면 소지리,19880423,,3,
4792034000,춘양면,19880423,,2,4792000000
4792034021,경상북도 봉화군 춘양면 의양리,19880423,,3,
4792034022,경상북도 봉화군 춘양면 학산리,19880423,,3,
4792034023,경상북도 봉화군 춘양면 서동리,19880423,,3,
4792034024,경상북도 봉화군 춘양면 석현리,19880423,,3,
4792034025,경상북도 봉화군 춘양면 애당리,19880423,,3,
4792034026,경상북도 봉화군 춘양면 도심리,19880423,,3,
4792034027,경상북도 봉화군 춘양면 서벽리,19880423,,3,
4792034028,경상북도 봉화군 춘양면 우구치리,19880423,,3,
4792034029,경상북도 봉화군 춘양면 소로리,19880423,,3,
4792035000,소천면,19880423,,2,4792000000
4792035021,경상북도 봉화군 소천면 현동리,19880423,,3,
4792035022,경상북도 봉화군 소천면 고선리,19880423,,3,
4792035023,경상북도 봉화군 소천면 임기리,19880423,,3,
4792035024,경상북도 봉화군 소천면 두음리,19880423,,3,
4792035025,경상북도 봉화군 소천면 서천리,19880423,,3,
4792035026,경상북도 봉화군 소천면 남회룡리,19880423,,3,
4792035027,경상북도 봉화군 소천면 분천리,19880423,,3,
4792036000,재산면,19880423,,2,4792000000
4792036021,경상북도 봉화군 재산면 현동리,19880423,,3,
4792036022,경상북도 봉화군 재산면 남면리,19880423,,3,
4792036023,경상북도 봉화군 재산면 동면리,19880423,,3,
4792036024,경상북도 봉화군 재산면 갈산리,19880423,,3,
4792036025,경상북도 봉화군 재산면 상리,19880423,,3,
4792037000,명호면,19880423,,2,4792000000
4792037021,경상북도 봉화군 명호면 도천리,19880423,,3,
4792037022,경상북도 봉화군 명호면 삼동리,19880423,,3,
4792037023,경상북도 봉화군 명호면 양곡리,19880423,,3,
4792037024,경상북도 봉화군 명호면 고감리,19880423,,3,
4792037025,경상북도 봉화군 명호면 풍호리,19880423,,3,
4792037026,경상북도 봉화군 명호면 고계리,19880423,,3,
4792037027,경상북도 봉화군 명호면 북곡리,19880423,,3,
4792037028,경상북도 봉화군 명호면 관창리,19880423,,3,
4792038000,상운면,19880423,,2,4792000000
4792038021,경상북도 봉화군 상운면 가곡리,19880423,,3,
4792038022,경상북도 봉화군 상운면 운계리,19880423,,3,
4792038023,경상북도 봉화군 상운면 문촌리,19880423,,3,
4792038024,경상북도 봉화군 상운면 하눌리,19880423,,3,
4792038025,경상북도 봉화군 상운면 토일리,19880423,,3,
4792038026,경상북도 봉화군 상운면 구천리,19880423,,3,
4792038027,경상북도 봉화군 상운면 설매리,19880423,,3,
4792038028,경상북도 봉화군 상운면 신라리,19880423,,3,
4792039000,석포면,19880423,,2,4792000000
4792039021,경상북도 봉화군 석포면 석포리,19880423,,3,
4792039022,경상북도 봉화군 석포면 대현리,19880423,,3,
4792039023,경상북도 봉화군 석포면 승부리,19880423,,3,
4793000000,울진군,19880423,,1,4700000000
4793025000,울진읍,19880423,,2,4793000000
4793025021,경상북도 울진군 울진읍 읍내리,19880423,,3,
4793025022,경상북도 울진군 울진읍 읍남리,19880423,,3,
4793025023,경상북도 울진군 울진읍 연지리,19880423,,3,
4793025024,경상북도 울진군 울진읍 온양리,19880423,,3,
4793025025,경상북도 울진군 울진읍 명도리,19880423,,3,
4793025026,경상북도 울진군 울진읍 고성리,19880423,,3,
4793025027,경상북도 울진군 울진읍 정림리,19880423,,3,
4793025028,경상북도 울진군 울진읍 신림리,19880423,,3,
4793025029,경상북도 울진군 울진읍 대흥리,19880423,,3,
4793025030,경상북도 울진군 울진읍 호월리,19880423,,3,
4793025300,평해읍,19880423,,2,4793000000
4793025321,경상북도 울진군 평해읍 평해리,19880423,,3,
4793025322,경상북도 울진군 평해읍 학곡리,19880423,,3,
4793025323,경상북도 울진군 평해읍 삼달리,19880423,,3,
4793025324,경상북도 울진군 평해읍 오곡리,19880423,,3,
4793025325,경상북도 울진군 평해읍 월송리,19880423,,3,
4793025326,경상북도 울진군 평해읍 직산리,19880423,,3,
4793025327,경상북도 울진군 평해읍 거일리,19880423,,3,
4793031000,북면,19880423,,2,4793000000
4793031021,경상북도 울진군 북면 부구리,19880423,,3,
4793031022,경상북도 울진군 북면 나곡리,19880423,,3,
4793031023,경상북도 울진군 북면 검성리,19880423,,3,
4793031024,경상북도 울진군 북면 주인리,19880423,,3,
4793031025,경상북도 울진군 북면 덕구리,19880423,,3,
4793031026,경상북도 울진군 북면 상당리,19880423,,3,
4793031027,경상북도 울진군 북면 두천리,19880423,,3,
4793031028,경상북도 울진군 북면 하당리,19880423,,3,
4793031029,경상북도 울진군 북면 사계리,19880423,,3,
4793031030,경상북도 울진군 북면 소곡리,19880423,,3,
4793031031,경상북도 울진군 북면 고목리,19880423,,3,
4793031032,경상북도 울진군 북면 신화리,19880423,,3,
4793031033,경상북도 울진군 북면 덕천리,19880423,,3,
4793033000,근남면,19880423,,2,4793000000
4793033021,경상북도 울진군 근남면 노음리,19880423,,3,
4793033022,경상북도 울진군 근남면 수산리,19880423,,3,
4793033023,경상북도 울진군 근남면 행곡리,19880423,,3,
4793033024,경상북도 울진군 근남면 수곡리,19880423,,3,
4793033025,경상북도 울진군 근남면 구산리,19880423,,3,
4793033026,경상북도 울진군 근남면 진복리,19880423,,3,
4793033027,경상북도 울진군 근남면 산포리,19880423,,3,
4793035000,기성면,19880423,,2,4793000000
4793035021,경상북도 울진군 기성면 척산리,19880423,,3,
4793035022,경상북도 울진군 기성면 기성리,19880423,,3,
4793035023,경상북도 울진군 기성면 사동리,19880423,,3,
4793035024,경상북도 울진군 기성면 망양리,19880423,,3,
4793035025,경상북도 울진군 기성면 삼산리,19880423,,3,
4793035026,경상북도 울진군 기성면 방율리,19880423,,3,
4793035027,경상북도 울진군 기성면 이평리,19880423,,3,
4793035028,경상북도 울진군 기성면 다천리,19880423,,3,
4793035029,경상북도 울진군 기성면 정명리,19880423,,3,
4793035030,경상북도 울진군 기성면 황보리,19880423,,3,
4793035031,경상북도 울진군 기성면 구산리,19880423,,3,
4793035032,경상북도 울진군 기성면 봉산리,19880423,,3,
4793036000,온정면,19880423,,2,4793000000
4793036021,경상북도 울진군 온정면 소태리,19880423,,3,
4793036022,경상북도 울진군 온정면 온정리,19880423,,3,
4793036023,경상북도 울진군 온정면 조금리,19880423,,3,
4793036024,경상북도 울진군 온정면 덕산리,19880423,,3,
4793036025,경상북도 울진군 온정면 덕인리,19880423,,3,
4793036026,경상북도 울진군 온정면 금천리,19880423,,3,
4793036027,경상북도 울진군 온정면 광품리,19880423,,3,
4793036028,경상북도 울진군 온정면 선구리,19880423,,3,
4793036029,경상북도 울진군 온정면 외선미리,19880423,,3,
4793037000,죽변면,19880423,,2,4793000000
4793037021,경상북도 울진군 죽변면 죽변리,19880423,,3,
4793037022,경상북도 울진군 죽변면 후정리,19880423,,3,
4793037023,경상북도 울진군 죽변면 화성리,19880423,,3,
4793037024,경상북도 울진군 죽변면 봉평리,19880423,,3,
4793038000,후포면,19880423,,2,4793000000
4793038021,경상북도 울진군 후포면 후포리,19880423,,3,
4793038022,경상북도 울진군 후포면 삼율리,19880423,,3,
4793038023,경상북도 울진군 후포면 금음리,19880423,,3,
4793039000,금강송면,20150421,,2,4793000000
4793039021,경상북도 울진군 금강송면 삼근리,20150421,,3,
4793039022,경상북도 울진군 금강송면 하원리,20150421,,3,
4793039023,경상북도 울진군 금강송면 왕피리,20150421,,3,
4793039024,경상북도 울진군 금강송면 쌍전리,20150421,,3,
4793039025,경상북도 울진군 금강송면 소광리,20150421,,3,
4793039026,경상북도 울진군 금강송면 전곡리,20150421,,3,
4793039027,경상북도 울진군 금강송면 광회리,20150421,,3,
4793040000,매화면,20150421,,2,4793000000
4793040021,경상북도 울진군 매화면 매화리,20150421,,3,
4793040022,경상북도 울진군 매화면 금매리,20150421,,3,
4793040023,경상북도 울진군 매화면 오산리,20150421,,3,
4793040024,경상북도 울진군 매화면 덕신리,20150421,,3,
4793040025,경상북도 울진군 매화면 신흥리,20150421,,3,
4793040026,경상북도 울진군 매화면 기양리,20150421,,3,
4793040027,경상북도 울진군 매화면 갈면리,20150421,,3,
4793040028,경상북도 울진군 매화면 길곡리,20150421,,3,
4794000000,울릉군,19880423,,1,4700000000
4794025000,울릉읍,19880423,,2,4794000000
4794025024,경상북도 울릉군 울릉읍 도동리,19881001,,3,
4794025025,경상북도 울릉군 울릉읍 저동리,19881001,,3,
4794025026,경상북도 울릉군 울릉읍 사동리,19881001,,3,
4794025027,경상북도 울릉군 울릉읍 독도리,20000407,,3,
4794031000,서면,19880423,,2,4794000000
4794031024,경상북도 울릉군 서면 남양리,19881001,,3,
4794031025,경상북도 울릉군 서면 남서리,19881001,,3,
4794031026,경상북도 울릉군 서면 태하리,19881001,,3,
4794032000,북면,19880423,,2,4794000000
4794032024,경상북도 울릉군 북면 천부리,19881001,,3,
4794032025,경상북도 울릉군 북면 나리,19881001,,3,
4794032026,경상북도 울릉군 북면 현포리,19881001,,3,
4800000000,경상남도,19880423,,0,
4812000000,창원시,20100701,,1,4800000000
4812100000,창원시 의창구,20100701,,1,4800000000
4812110100,북동,20100701,,2,4812100000
4812110200,중동,20100701,,2,4812100000
4812110300,서상동,20100701,,2,4812100000
4812110400,소답동,20100701,,2,4812100000
4812110500,도계동,20100701,,2,4812100000
4812110600,동정동,20100701,,2,4812100000
4812110700,소계동,20100701,,2,4812100000
4812110800,용동,20100701,,2,4812100000
4812111200,덕정동,20100701,,2,4812100000
4812111300,지귀동,20100701,,2,4812100000
4812111400,서곡동,20100701,,2,4812100000
4812111600,봉림동,20100701,,2,4812100000
4812111700,퇴촌동,20100701,,2,4812100000
4812111800,명곡동,20100701,,2,4812100000
4812111900,반계동,20100701,,2,4812100000
4812112000,사화동,20100701,,2,4812100000
4812112100,차용동,20100701,,2,4812100000
4812112200,내리동,20100701,,2,4812100000
4812112400,명서동,20100701,,2,4812100000
4812112500,사림동,20100701,,2,4812100000
4812112700,봉곡동,20100701,,2,4812100000
4812112900,팔용동,20100701,,2,4812100000
4812125000,동읍,20100701,,2,4812100000
4812125021,경상남도 창원시 의창구 동읍 용강리,20100701,,3,
4812125022,경상남도 창원시 의창구 동읍 용전리,20100701,,3,
4812125023,경상남도 창원시 의창구 동읍 남산리,20100701,,3,
4812125024,경상남도 창원시 의창구 동읍 덕천리,20100701,,3,
4812125025,경상남도 창원시 의창구 동읍 덕산리,20100701,,3,
4812125026,경상남도 창원시 의창구 동읍 봉산리,20100701,,3,
4812125027,경상남도 창원시 의창구 동읍 송정리,20100701,,3,
4812125028,경상남도 창원시 의창구 동읍 용정리,20100701,,3,
4812125029,경상남도 창원시 의창구 동읍 단계리,20100701,,3,
4812125030,경상남도 창원시 의창구 동읍 무성리,20100701,,3,
4812125031,경상남도 창원시 의창구 동읍 무점리,20100701,,3,
4812125032,경상남도 창원시 의창구 동읍 용잠리,20100701,,3,
4812125033,경상남도 창원시 의창구 동읍 신방리,20100701,,3,
4812125034,경상남도 창원시 의창구 동읍 다호리,20100701,,3,
4812125035,경상남도 창원시 의창구 동읍 월잠리,20100701,,3,
4812125036,경상남도 창원시 의창구 동읍 화양리,20100701,,3,
4812125037,경상남도 창원시 의창구 동읍 석산리,20100701,,3,
4812125038,경상남도 창원시 의창구 동읍 금산리,20100701,,3,
4812125039,경상남도 창원시 의창구 동읍 봉곡리,20100701,,3,
4812125040,경상남도 창원시 의창구 동읍 봉강리,20100701,,3,
4812125041,경상남도 창원시 의창구 동읍 본포리,20100701,,3,
4812125042,경상남도 창원시 의창구 동읍 노연리,20100701,,3,
4812125043,경상남도 창원시 의창구 동읍 산남리,20100701,,3,
4812125044,경상남도 창원시 의창구 동읍 죽동리,20100701,,3,
4812131000,북면,20100701,,2,4812100000
4812131021,경상남도 창원시 의창구 북면 지개리,20100701,,3,
4812131022,경상남도 창원시 의창구 북면 고암리,20100701,,3,
4812131023,경상남도 창원시 의창구 북면 대산리,20100701,,3,
4812131024,경상남도 창원시 의창구 북면 월촌리,20100701,,3,
4812131025,경상남도 창원시 의창구 북면 월백리,20100701,,3,
4812131026,경상남도 창원시 의창구 북면 화천리,20100701,,3,
4812131027,경상남도 창원시 의창구 북면 외감리,20100701,,3,
4812131028,경상남도 창원시 의창구 북면 감계리,20100701,,3,
4812131029,경상남도 창원시 의창구 북면 동전리,20100701,,3,
4812131030,경상남도 창원시 의창구 북면 무동리,20100701,,3,
4812131031,경상남도 창원시 의창구 북면 무곡리,20100701,,3,
4812131032,경상남도 창원시 의창구 북면 내곡리,20100701,,3,
4812131033,경상남도 창원시 의창구 북면 상천리,20100701,,3,
4812131034,경상남도 창원시 의창구 북면 하천리,20100701,,3,
4812131035,경상남도 창원시 의창구 북면 외산리,20100701,,3,
4812131036,경상남도 창원시 의창구 북면 신촌리,20100701,,3,
4812131037,경상남도 창원시 의창구 북면 마산리,20100701,,3,
4812131038,경상남도 창원시 의창구 북면 월계리,20100701,,3,
4812132000,대산면,20100701,,2,4812100000
4812132021,경상남도 창원시 의창구 대산면 갈전리,20100701,,3,
4812132022,경상남도 창원시 의창구 대산면 일동리,20100701,,3,
4812132023,경상남도 창원시 의창구 대산면 모산리,20100701,,3,
4812132024,경상남도 창원시 의창구 대산면 가술리,20100701,,3,
4812132025,경상남도 창원시 의창구 대산면 제동리,20100701,,3,
4812132026,경상남도 창원시 의창구 대산면 우암리,20100701,,3,
4812132027,경상남도 창원시 의창구 대산면 북부리,20100701,,3,
4812132028,경상남도 창원시 의창구 대산면 유등리,20100701,,3,
4812132029,경상남도 창원시 의창구 대산면 대방리,20100701,,3,
4812300000,창원시 성산구,20100701,,1,4800000000
4812310100,토월동,20100701,,2,4812300000
4812310200,사파정동,20100701,,2,4812300000
4812310300,가음정동,20100701,,2,4812300000
4812310400,외동,20100701,,2,4812300000
4812310500,대방동,20100701,,2,4812300000
4812310600,남산동,20100701,,2,4812300000
4812310700,삼정자동,20100701,,2,4812300000
4812310800,천선동,20100701,,2,4812300000
4812310900,불모산동,20100701,,2,4812300000
4812311000,안민동,20100701,,2,4812300000
4812311100,내동,20100701,,2,4812300000
4812311200,남지동,20100701,,2,4812300000
4812311300,상복동,20100701,,2,4812300000
4812311400,완암동,20100701,,2,4812300000
4812311500,창곡동,20100701,,2,4812300000
4812311600,월림동,20100701,,2,4812300000
4812311700,적현동,20100701,,2,4812300000
4812311800,양곡동,20100701,,2,4812300000
4812311900,반송동,20100701,,2,4812300000
4812312000,귀산동,20100701,,2,4812300000
4812312100,귀곡동,20100701,,2,4812300000
4812312200,귀현동,20100701,,2,4812300000
4812312300,신촌동,20100701,,2,4812300000
4812312400,반지동,20100701,,2,4812300000
4812312500,중앙동,20100701,,2,4812300000
4812312600,반림동,20100701,,2,4812300000
4812312700,상남동,20100701,,2,4812300000
4812312800,성주동,20100701,,2,4812300000
4812312900,웅남동,20100701,,2,4812300000
4812313000,사파동,20100701,,2,4812300000
4812313100,가음동,20100701,,2,4812300000
4812313200,성산동,20100701,,2,4812300000
4812313300,남양동,20100701,,2,4812300000
4812313400,용지동,20210701,,2,4812300000
4812313500,용호동,20210701,,2,4812300000
4812313600,신월동,20210701,,2,4812300000
4812313700,대원동,20210701,,2,4812300000
4812313800,두대동,20210701,,2,4812300000
4812313900,삼동동,20210701,,2,4812300000
4812314000,덕정동,20210701,,2,4812300000
4812314100,퇴촌동,20210701,,2,4812300000
4812500000,창원시 마산합포구,20100701,,1,4800000000
4812510100,가포동,20100701,,2,4812500000
4812510200,교방동,20100701,,2,4812500000
4812510300,교원동,20100701,,2,4812500000
4812510400,남성동,20100701,,2,4812500000
4812510500,대내동,20100701,,2,4812500000
4812510600,대성동1가,20100701,,2,4812500000
4812510700,대성동2가,20100701,,2,4812500000
4812510800,대외동,20100701,,2,4812500000
4812510900,대창동,20100701,,2,4812500000
4812511000,덕동동,20100701,,2,4812500000
4812511100,동성동,20100701,,2,4812500000
4812511200,두월동1가,20100701,,2,4812500000
4812511300,두월동2가,20100701,,2,4812500000
4812511400,두월동3가,20100701,,2,4812500000
4812511500,문화동,20100701,,2,4812500000
4812511600,반월동,20100701,,2,4812500000
4812511700,부림동,20100701,,2,4812500000
4812511800,산호동,20100701,,2,4812500000
4812511900,상남동,20100701,,2,4812500000
4812512000,서성동,20100701,,2,4812500000
4812512100,성호동,20100701,,2,4812500000
4812512200,수성동,20100701,,2,4812500000
4812512300,신월동,20100701,,2,4812500000
4812512400,신창동,20100701,,2,4812500000
4812512500,신포동1가,20100701,,2,4812500000
4812512600,신포동2가,20100701,,2,4812500000
4812512700,신흥동,20100701,,2,4812500000
4812512800,완월동,20100701,,2,4812500000
4812512900,월남동1가,20100701,,2,4812500000
4812513000,월남동2가,20100701,,2,4812500000
4812513100,월남동3가,20100701,,2,4812500000
4812513200,월남동4가,20100701,,2,4812500000
4812513300,월남동5가,20100701,,2,4812500000
4812513400,월영동,20100701,,2,4812500000
4812513500,월포동,20100701,,2,4812500000
4812513600,예곡동,20100701,,2,4812500000
4812513700,오동동,20100701,,2,4812500000
4812513800,우산동,20100701,,2,4812500000
4812513900,유록동,20100701,,2,4812500000
4812514000,자산동,20100701,,2,4812500000
4812514100,장군동1가,20100701,,2,4812500000
4812514200,장군동2가,20100701,,2,4812500000
4812514300,장군동3가,20100701,,2,4812500000
4812514400,장군동4가,20100701,,2,4812500000
4812514500,장군동5가,20100701,,2,4812500000
4812514600,중성동,20100701,,2,4812500000
4812514700,중앙동1가,20100701,,2,4812500000
4812514800,중앙동2가,20100701,,2,4812500000
4812514900,중앙동3가,20100701,,2,4812500000
4812515000,창동,20100701,,2,4812500000
4812515100,창포동1가,20100701,,2,4812500000
4812515200,창포동2가,20100701,,2,4812500000
4812515300,창포동3가,20100701,,2,4812500000
4812515400,청계동,20100701,,2,4812500000
4812515500,추산동,20100701,,2,4812500000
4812515600,평화동,20100701,,2,4812500000
4812515700,화영동,20100701,,2,4812500000
4812515800,해운동,20100701,,2,4812500000
4812515900,현동,20100701,,2,4812500000
4812516000,홍문동,20100701,,2,4812500000
4812531000,구산면,20100701,,2,4812500000
4812531021,경상남도 창원시 마산합포구 구산면 유산리,20100701,,3,
4812531022,경상남도 창원시 마산합포구 구산면 마전리,20100701,,3,
4812531023,경상남도 창원시 마산합포구 구산면 석곡리,20100701,,3,
4812531024,경상남도 창원시 마산합포구 구산면 수정리,20100701,,3,
4812531025,경상남도 창원시 마산합포구 구산면 내포리,20100701,,3,
4812531026,경상남도 창원시 마산합포구 구산면 옥계리,20100701,,3,
4812531027,경상남도 창원시 마산합포구 구산면 반동리,20100701,,3,
4812531028,경상남도 창원시 마산합포구 구산면 구복리,20100701,,3,
4812531029,경상남도 창원시 마산합포구 구산면 심리,20100701,,3,
4812531030,경상남도 창원시 마산합포구 구산면 난포리,20100701,,3,
4812532000,진동면,20100701,,2,4812500000
4812532021,경상남도 창원시 마산합포구 진동면 고현리,20100701,,3,
4812532022,경상남도 창원시 마산합포구 진동면 신기리,20100701,,3,
4812532023,경상남도 창원시 마산합포구 진동면 사동리,20100701,,3,
4812532024,경상남도 창원시 마산합포구 진동면 진동리,20100701,,3,
4812532025,경상남도 창원시 마산합포구 진동면 요장리,20100701,,3,
4812532026,경상남도 창원시 마산합포구 진동면 다구리,20100701,,3,
4812532027,경상남도 창원시 마산합포구 진동면 교동리,20100701,,3,
4812532028,경상남도 창원시 마산합포구 진동면 인곡리,20100701,,3,
4812532029,경상남도 창원시 마산합포구 진동면 태봉리,20100701,,3,
4812532030,경상남도 창원시 마산합포구 진동면 동전리,20100701,,3,
4812533000,진북면,20100701,,2,4812500000
4812533021,경상남도 창원시 마산합포구 진북면 지산리,20100701,,3,
4812533022,경상남도 창원시 마산합포구 진북면 예곡리,20100701,,3,
4812533023,경상남도 창원시 마산합포구 진북면 인곡리,20100701,,3,
4812533024,경상남도 창원시 마산합포구 진북면 대평리,20100701,,3,
4812533025,경상남도 창원시 마산합포구 진북면 이목리,20100701,,3,
4812533026,경상남도 창원시 마산합포구 진북면 금산리,20100701,,3,
4812533027,경상남도 창원시 마산합포구 진북면 영학리,20100701,,3,
4812533028,경상남도 창원시 마산합포구 진북면 부산리,20100701,,3,
4812533029,경상남도 창원시 마산합포구 진북면 덕곡리,20100701,,3,
4812533030,경상남도 창원시 마산합포구 진북면 신촌리,20100701,,3,
4812533031,경상남도 창원시 마산합포구 진북면 망곡리,20100701,,3,
4812533032,경상남도 창원시 마산합포구 진북면 부평리,20100701,,3,
4812533033,경상남도 창원시 마산합포구 진북면 추곡리,20100701,,3,
4812533034,경상남도 창원시 마산합포구 진북면 대티리,20100701,,3,
4812533035,경상남도 창원시 마산합포구 진북면 정현리,20100701,,3,
4812534000,진전면,20100701,,2,4812500000
4812534021,경상남도 창원시 마산합포구 진전면 율티리,20100701,,3,
4812534022,경상남도 창원시 마산합포구 진전면 근곡리,20100701,,3,
4812534023,경상남도 창원시 마산합포구 진전면 임곡리,20100701,,3,
4812534024,경상남도 창원시 마산합포구 진전면 봉곡리,20100701,,3,
4812534025,경상남도 창원시 마산합포구 진전면 곡안리,20100701,,3,
4812534026,경상남도 창원시 마산합포구 진전면 동산리,20100701,,3,
4812534027,경상남도 창원시 마산합포구 진전면 양촌리,20100701,,3,
4812534028,경상남도 창원시 마산합포구 진전면 봉암리,20100701,,3,
4812534029,경상남도 창원시 마산합포구 진전면 일암리,20100701,,3,
4812534030,경상남도 창원시 마산합포구 진전면 오서리,20100701,,3,
4812534031,경상남도 창원시 마산합포구 진전면 이명리,20100701,,3,
4812534032,경상남도 창원시 마산합포구 진전면 창포리,20100701,,3,
4812534033,경상남도 창원시 마산합포구 진전면 시락리,20100701,,3,
4812534034,경상남도 창원시 마산합포구 진전면 평암리,20100701,,3,
4812534035,경상남도 창원시 마산합포구 진전면 금암리,20100701,,3,
4812534036,경상남도 창원시 마산합포구 진전면 고사리,20100701,,3,
4812534037,경상남도 창원시 마산합포구 진전면 여양리,20100701,,3,
4812700000,창원시 마산회원구,20100701,,1,4800000000
4812710100,구암동,20100701,,2,4812700000
4812710200,두척동,20100701,,2,4812700000
4812710300,봉암동,20100701,,2,4812700000
4812710400,석전동,20100701,,2,4812700000
4812710500,양덕동,20100701,,2,4812700000
4812710600,합성동,20100701,,2,4812700000
4812710700,회성동,20100701,,2,4812700000
4812710800,회원동,20100701,,2,4812700000
4812725000,내서읍,20100701,,2,4812700000
4812725021,경상남도 창원시 마산회원구 내서읍 안성리,20100701,,3,
4812725022,경상남도 창원시 마산회원구 내서읍 평성리,20100701,,3,
4812725023,경상남도 창원시 마산회원구 내서읍 호계리,20100701,,3,
4812725024,경상남도 창원시 마산회원구 내서읍 용담리,20100701,,3,
4812725025,경상남도 창원시 마산회원구 내서읍 중리,20100701,,3,
4812725026,경상남도 창원시 마산회원구 내서읍 상곡리,20100701,,3,
4812725027,경상남도 창원시 마산회원구 내서읍 원계리,20100701,,3,
4812725028,경상남도 창원시 마산회원구 내서읍 삼계리,20100701,,3,
4812725029,경상남도 창원시 마산회원구 내서읍 신감리,20100701,,3,
4812725030,경상남도 창원시 마산회원구 내서읍 감천리,20100701,,3,
4812900000,창원시 진해구,20100701,,1,4800000000
4812910100,동상동,20100701,,2,4812900000
4812910200,도천동,20100701,,2,4812900000
4812910300,도만동,20100701,,2,4812900000
4812910400,신흥동,20100701,,2,4812900000
4812910500,현동,20100701,,2,4812900000
4812910600,비봉동,20100701,,2,4812900000
4812910700,태평동,20100701,,2,4812900000
4812910800,충의동,20100701,,2,4812900000
4812910900,무송동,20100701,,2,4812900000
4812911000,인의동,20100701,,2,4812900000
4812911100,숭인동,20100701,,2,4812900000
4812911200,대영동,20100701,,2,4812900000
4812911300,남빈동,20100701,,2,4812900000
4812911400,앵곡동,20100701,,2,4812900000
4812911500,제황산동,20100701,,2,4812900000
4812911600,속천동,20100701,,2,4812900000
4812911700,대죽동,20100701,,2,4812900000
4812911800,안곡동,20100701,,2,4812900000
4812911900,수송동,20100701,,2,4812900000
4812912000,회현동,20100701,,2,4812900000
4812912100,익선동,20100701,,2,4812900000
4812912200,창선동,20100701,,2,4812900000
4812912300,대천동,20100701,,2,4812900000
4812912400,광화동,20100701,,2,4812900000
4812912500,통신동,20100701,,2,4812900000
4812912600,중앙동,20100701,,2,4812900000
4812912700,부흥동,20100701,,2,4812900000
4812912800,중평동,20100701,,2,4812900000
4812912900,근화동,20100701,,2,4812900000
4812913000,송죽동,20100701,,2,4812900000
4812913100,화천동,20100701,,2,4812900000
4812913200,송학동,20100701,,2,4812900000
4812913300,대흥동,20100701,,2,4812900000
4812913400,평안동,20100701,,2,4812900000
4812913500,충무동,20100701,,2,4812900000
4812913600,인사동,20100701,,2,4812900000
4812913700,여좌동,20100701,,2,4812900000
4812913800,태백동,20100701,,2,4812900000
4812913900,경화동,20100701,,2,4812900000
4812914000,석동,20100701,,2,4812900000
4812914100,이동,20100701,,2,4812900000
4812914200,자은동,20100701,,2,4812900000
4812914300,덕산동,20100701,,2,4812900000
4812914400,풍호동,20100701,,2,4812900000
4812914500,장천동,20100701,,2,4812900000
4812914600,행암동,20100701,,2,4812900000
4812914700,북부동,20100701,,2,4812900000
4812914800,성내동,20100701,,2,4812900000
4812914900,서중동,20100701,,2,4812900000
4812915000,남문동,20100701,,2,4812900000
4812915100,제덕동,20100701,,2,4812900000
4812915200,수도동,20100701,,2,4812900000
4812915300,연도동,20100701,,2,4812900000
4812915400,명동,20100701,,2,4812900000
4812915500,죽곡동,20100701,,2,4812900000
4812915600,원포동,20100701,,2,4812900000
4812915700,남양동,20100701,,2,4812900000
4812915800,마천동,20100701,,2,4812900000
4812915900,소사동,20100701,,2,4812900000
4812916000,대장동,20100701,,2,4812900000
4812916100,두동,20100701,,2,4812900000
4812916200,청안동,20100701,,2,4812900000
4812916300,안골동,20100701,,2,4812900000
4812916400,용원동,20100701,,2,4812900000
4812916500,가주동,20100701,,2,4812900000
4817000000,진주시,19880423,,1,4800000000
4817010100,망경동,19970701,,2,4817000000
4817010200,주약동,19880423,,2,4817000000
4817010300,강남동,19970701,,2,4817000000
4817010400,칠암동,19880423,,2,4817000000
4817010500,본성동,19970701,,2,4817000000
4817010600,동성동,19970701,,2,4817000000
4817010700,남성동,19970701,,2,4817000000
4817010800,인사동,19970701,,2,4817000000
4817010900,대안동,19970701,,2,4817000000
4817011000,평안동,19970701,,2,4817000000
4817011100,중안동,19970701,,2,4817000000
4817011200,계동,19970701,,2,4817000000
4817011300,봉곡동,19970701,,2,4817000000
4817011400,상봉동,19900501,,2,4817000000
4817011500,봉래동,19970701,,2,4817000000
4817011600,수정동,19970701,,2,4817000000
4817011700,장대동,19970701,,2,4817000000
4817011800,옥봉동,19970701,,2,4817000000
4817011900,상대동,19880423,,2,4817000000
4817012000,하대동,19880423,,2,4817000000
4817012100,상평동,19900501,,2,4817000000
4817012200,초전동,19970701,,2,4817000000
4817012300,장재동,19970701,,2,4817000000
4817012400,하촌동,19970701,,2,4817000000
4817012500,신안동,19880423,,2,4817000000
4817012600,평거동,19880423,,2,4817000000
4817012700,이현동,19970701,,2,4817000000
4817012800,유곡동,19880423,,2,4817000000
4817012900,판문동,19970701,,2,4817000000
4817013000,귀곡동,19880423,,2,4817000000
4817013100,가좌동,19880423,,2,4817000000
4817013200,호탄동,19880423,,2,4817000000
4817013700,충무공동,20131218,,2,4817000000
4817025000,문산읍,19950302,,2,4817000000
4817025021,경상남도 진주시 문산읍 상문리,19950302,,3,
4817025022,경상남도 진주시 문산읍 소문리,19950302,,3,
4817025023,경상남도 진주시 문산읍 삼곡리,19950302,,3,
4817025024,경상남도 진주시 문산읍 이곡리,19950302,,3,
4817025026,경상남도 진주시 문산읍 안전리,19950302,,3,
4817025027,경상남도 진주시 문산읍 옥산리,19950302,,3,
4817025029,경상남도 진주시 문산읍 갈곡리,19951101,,3,
4817025030,경상남도 진주시 문산읍 두산리,19951101,,3,
4817031000,내동면,19950101,,2,4817000000
4817031021,경상남도 진주시 내동면 독산리,19950101,,3,
4817031022,경상남도 진주시 내동면 신율리,19950101,,3,
4817031023,경상남도 진주시 내동면 삼계리,19950101,,3,
4817031024,경상남도 진주시 내동면 유수리,19950101,,3,
4817031025,경상남도 진주시 내동면 내평리,19950101,,3,
4817032000,정촌면,19950101,,2,4817000000
4817032021,경상남도 진주시 정촌면 화개리,19950101,,3,
4817032022,경상남도 진주시 정촌면 관봉리,19950101,,3,
4817032023,경상남도 진주시 정촌면 소곡리,19950101,,3,
4817032024,경상남도 진주시 정촌면 예상리,19950101,,3,
4817032025,경상남도 진주시 정촌면 예하리,19950101,,3,
4817032026,경상남도 진주시 정촌면 대축리,19950101,,3,
4817033000,금곡면,19950101,,2,4817000000
4817033021,경상남도 진주시 금곡면 검암리,19950101,,3,
4817033022,경상남도 진주시 금곡면 가봉리,19950101,,3,
4817033023,경상남도 진주시 금곡면 송곡리,19950101,,3,
4817033024,경상남도 진주시 금곡면 정자리,19950101,,3,
4817033025,경상남도 진주시 금곡면 인담리,19950101,,3,
4817033026,경상남도 진주시 금곡면 동례리,19950101,,3,
4817033027,경상남도 진주시 금곡면 두문리,19950101,,3,
4817033028,경상남도 진주시 금곡면 죽곡리,19950101,,3,
4817033029,경상남도 진주시 금곡면 성산리,19950101,,3,
4817035000,진성면,19950101,,2,4817000000
4817035021,경상남도 진주시 진성면 상촌리,19950101,,3,
4817035023,경상남도 진주시 진성면 대사리,19950101,,3,
4817035024,경상남도 진주시 진성면 온수리,19950101,,3,
4817035025,경상남도 진주시 진성면 천곡리,19950101,,3,
4817035027,경상남도 진주시 진성면 가진리,19950101,,3,
4817035028,경상남도 진주시 진성면 구천리,19951101,,3,
4817035029,경상남도 진주시 진성면 동산리,19951101,,3,
4817036000,일반성면,19950101,,2,4817000000
4817036021,경상남도 진주시 일반성면 창촌리,19950101,,3,
4817036022,경상남도 진주시 일반성면 가선리,19950101,,3,
4817036023,경상남도 진주시 일반성면 개암리,19950101,,3,
4817036024,경상남도 진주시 일반성면 답천리,19950101,,3,
4817036025,경상남도 진주시 일반성면 운천리,19950101,,3,
4817036026,경상남도 진주시 일반성면 남산리,19950101,,3,
4817037000,이반성면,19950101,,2,4817000000
4817037021,경상남도 진주시 이반성면 장안리,19950101,,3,
4817037022,경상남도 진주시 이반성면 평촌리,19950101,,3,
4817037023,경상남도 진주시 이반성면 하곡리,19950101,,3,
4817037024,경상남도 진주시 이반성면 용암리,19950101,,3,
4817037025,경상남도 진주시 이반성면 가산리,19950101,,3,
4817037026,경상남도 진주시 이반성면 대천리,19950101,,3,
4817037027,경상남도 진주시 이반성면 길성리,19950101,,3,
4817037028,경상남도 진주시 이반성면 발산리,19950101,,3,
4817038000,사봉면,19950101,,2,4817000000
4817038021,경상남도 진주시 사봉면 마성리,19950101,,3,
4817038022,경상남도 진주시 사봉면 방촌리,19950101,,3,
4817038023,경상남도 진주시 사봉면 무촌리,19950101,,3,
4817038024,경상남도 진주시 사봉면 사곡리,19950101,,3,
4817038025,경상남도 진주시 사봉면 봉곡리,19950101,,3,
4817038026,경상남도 진주시 사봉면 부계리,19950101,,3,
4817039000,지수면,19950101,,2,4817000000
4817039022,경상남도 진주시 지수면 청원리,19950101,,3,
4817039023,경상남도 진주시 지수면 금곡리,19950101,,3,
4817039024,경상남도 진주시 지수면 압사리,19950101,,3,
4817039025,경상남도 진주시 지수면 용봉리,19950101,,3,
4817039026,경상남도 진주시 지수면 청담리,19950101,,3,
4817039027,경상남도 진주시 지수면 승산리,19951101,,3,
4817040000,대곡면,19950101,,2,4817000000
4817040021,경상남도 진주시 대곡면 설매리,19950101,,3,
4817040022,경상남도 진주시 대곡면 광석리,19950101,,3,
4817040023,경상남도 진주시 대곡면 유곡리,19950101,,3,
4817040024,경상남도 진주시 대곡면 단목리,19950101,,3,
4817040025,경상남도 진주시 대곡면 월아리,19950101,,3,
4817040026,경상남도 진주시 대곡면 와룡리,19950101,,3,
4817040027,경상남도 진주시 대곡면 가정리,19950101,,3,
4817040028,경상남도 진주시 대곡면 덕곡리,19950101,,3,
4817040029,경상남도 진주시 대곡면 마진리,19950101,,3,
4817040030,경상남도 진주시 대곡면 대곡리,19950101,,3,
4817040031,경상남도 진주시 대곡면 월암리,19950101,,3,
4817040032,경상남도 진주시 대곡면 용암리,19950101,,3,
4817041000,금산면,19950101,,2,4817000000
4817041021,경상남도 진주시 금산면 가방리,19950101,,3,
4817041022,경상남도 진주시 금산면 용아리,19950101,,3,
4817041023,경상남도 진주시 금산면 갈전리,19950101,,3,
4817041024,경상남도 진주시 금산면 속사리,19950101,,3,
4817041025,경상남도 진주시 금산면 송백리,19950101,,3,
4817041026,경상남도 진주시 금산면 중천리,19950101,,3,
4817041027,경상남도 진주시 금산면 장사리,19950101,,3,
4817042000,집현면,19950101,,2,4817000000
4817042021,경상남도 진주시 집현면 지내리,19950101,,3,
4817042022,경상남도 진주시 집현면 봉강리,19950101,,3,
4817042023,경상남도 진주시 집현면 사촌리,19950101,,3,
4817042024,경상남도 진주시 집현면 대암리,19950101,,3,
4817042025,경상남도 진주시 집현면 정평리,19950101,,3,
4817042026,경상남도 진주시 집현면 정수리,19950101,,3,
4817042027,경상남도 진주시 집현면 냉정리,19950101,,3,
4817042028,경상남도 진주시 집현면 장흥리,19950101,,3,
4817042029,경상남도 진주시 집현면 신당리,19950101,,3,
4817042030,경상남도 진주시 집현면 덕오리,19950101,,3,
4817043000,미천면,19950101,,2,4817000000
4817043021,경상남도 진주시 미천면 오방리,19950101,,3,
4817043022,경상남도 진주시 미천면 향양리,19950101,,3,
4817043023,경상남도 진주시 미천면 반지리,19950101,,3,
4817043024,경상남도 진주시 미천면 벌당리,19950101,,3,
4817043025,경상남도 진주시 미천면 어옥리,19950101,,3,
4817043026,경상남도 진주시 미천면 상미리,19950101,,3,
4817043027,경상남도 진주시 미천면 미곡리,19950101,,3,
4817043028,경상남도 진주시 미천면 안간리,19950101,,3,
4817043029,경상남도 진주시 미천면 효자리,19950101,,3,
4817044000,명석면,19950101,,2,4817000000
4817044021,경상남도 진주시 명석면 관지리,19950101,,3,
4817044022,경상남도 진주시 명석면 왕지리,19950101,,3,
4817044023,경상남도 진주시 명석면 남성리,19950101,,3,
4817044024,경상남도 진주시 명석면 덕곡리,19950101,,3,
4817044025,경상남도 진주시 명석면 계원리,19950101,,3,
4817044026,경상남도 진주시 명석면 신기리,19950101,,3,
4817044027,경상남도 진주시 명석면 외율리,19950101,,3,
4817044028,경상남도 진주시 명석면 오미리,19950101,,3,
4817044029,경상남도 진주시 명석면 가화리,19950101,,3,
4817044030,경상남도 진주시 명석면 용산리,19950101,,3,
4817044031,경상남도 진주시 명석면 우수리,19950101,,3,
4817045000,대평면,19950101,,2,4817000000
4817045021,경상남도 진주시 대평면 대평리,19950101,,3,
4817045022,경상남도 진주시 대평면 상촌리,19950101,,3,
4817045023,경상남도 진주시 대평면 하촌리,19950101,,3,
4817045024,경상남도 진주시 대평면 당촌리,19950101,,3,
4817045025,경상남도 진주시 대평면 신풍리,19950101,,3,
4817045026,경상남도 진주시 대평면 내촌리,19950101,,3,
4817046000,수곡면,19950101,,2,4817000000
4817046021,경상남도 진주시 수곡면 자매리,19950101,,3,
4817046022,경상남도 진주시 수곡면 사곡리,19950101,,3,
4817046023,경상남도 진주시 수곡면 대천리,19950101,,3,
4817046024,경상남도 진주시 수곡면 창촌리,19950101,,3,
4817046025,경상남도 진주시 수곡면 효자리,19950101,,3,
4817046026,경상남도 진주시 수곡면 원내리,19950101,,3,
4817046027,경상남도 진주시 수곡면 원외리,19950101,,3,
4817046028,경상남도 진주시 수곡면 원계리,19950101,,3,
4822000000,통영시,19950101,,1,4800000000
4822010100,도천동,19950101,,2,4822000000
4822010200,서호동,19980101,,2,4822000000
4822010300,명정동,19950101,,2,4822000000
4822010400,항남동,19980101,,2,4822000000
4822010500,중앙동,19980101,,2,4822000000
4822010600,문화동,19980101,,2,4822000000
4822010700,태평동,19980101,,2,4822000000
4822010800,동호동,19980101,,2,4822000000
4822010900,정량동,19950101,,2,4822000000
4822011000,북신동,19950101,,2,4822000000
4822011100,무전동,19950101,,2,4822000000
4822011200,평림동,19980101,,2,4822000000
4822011300,인평동,19950101,,2,4822000000
4822011400,당동,19980101,,2,4822000000
4822011500,미수동,19950101,,2,4822000000
4822011600,봉평동,19950101,,2,4822000000
4822011700,도남동,19950501,,2,4822000000
4822025000,산양읍,19950302,,2,4822000000
4822025021,경상남도 통영시 산양읍 영운리,19950302,,3,
4822025022,경상남도 통영시 산양읍 신전리,19950302,,3,
4822025023,경상남도 통영시 산양읍 미남리,19950302,,3,
4822025024,경상남도 통영시 산양읍 연화리,19950302,,3,
4822025025,경상남도 통영시 산양읍 삼덕리,19950302,,3,
4822025026,경상남도 통영시 산양읍 남평리,19950302,,3,
4822025027,경상남도 통영시 산양읍 풍화리,19950302,,3,
4822025028,경상남도 통영시 산양읍 곤리리,19950302,,3,
4822025029,경상남도 통영시 산양읍 추도리,19950302,,3,
4822025030,경상남도 통영시 산양읍 저림리,19950302,,3,
4822025031,경상남도 통영시 산양읍 연곡리,19950302,,3,
4822031000,용남면,19950101,,2,4822000000
4822031021,경상남도 통영시 용남면 화삼리,19950101,,3,
4822031022,경상남도 통영시 용남면 동달리,19950101,,3,
4822031023,경상남도 통영시 용남면 장문리,19950101,,3,
4822031024,경상남도 통영시 용남면 삼화리,19950101,,3,
4822031025,경상남도 통영시 용남면 원평리,19950101,,3,
4822031026,경상남도 통영시 용남면 장평리,19950101,,3,
4822031027,경상남도 통영시 용남면 지도리,19950101,,3,
4822031028,경상남도 통영시 용남면 어의리,19950101,,3,
4822033000,도산면,19950101,,2,4822000000
4822033021,경상남도 통영시 도산면 원산리,19950101,,3,
4822033022,경상남도 통영시 도산면 도선리,19950101,,3,
4822033023,경상남도 통영시 도산면 법송리,19950101,,3,
4822033024,경상남도 통영시 도산면 관덕리,19950101,,3,
4822033025,경상남도 통영시 도산면 오륜리,19950101,,3,
4822033026,경상남도 통영시 도산면 저산리,19950101,,3,
4822033027,경상남도 통영시 도산면 수월리,19950101,,3,
4822034000,광도면,19950101,,2,4822000000
4822034021,경상남도 통영시 광도면 덕포리,19950101,,3,
4822034022,경상남도 통영시 광도면 우동리,19950101,,3,
4822034023,경상남도 통영시 광도면 노산리,19950101,,3,
4822034024,경상남도 통영시 광도면 죽림리,19950101,,3,
4822034025,경상남도 통영시 광도면 용호리,19950101,,3,
4822034026,경상남도 통영시 광도면 황리,19950101,,3,
4822034027,경상남도 통영시 광도면 안정리,19950101,,3,
4822035000,욕지면,19950101,,2,4822000000
4822035021,경상남도 통영시 욕지면 동항리,19950101,,3,
4822035022,경상남도 통영시 욕지면 서산리,19950101,,3,
4822035023,경상남도 통영시 욕지면 연화리,19950101,,3,
4822035024,경상남도 통영시 욕지면 노대리,19950101,,3,
4822035025,경상남도 통영시 욕지면 두미리,19950101,,3,
4822036000,한산면,19950101,,2,4822000000
4822036021,경상남도 통영시 한산면 두억리,19950101,,3,
4822036022,경상남도 통영시 한산면 염호리,19950101,,3,
4822036023,경상남도 통영시 한산면 창좌리,19950101,,3,
4822036024,경상남도 통영시 한산면 하소리,19950101,,3,
4822036025,경상남도 통영시 한산면 추봉리,19950101,,3,
4822036026,경상남도 통영시 한산면 용호리,19950101,,3,
4822036027,경상남도 통영시 한산면 비진리,19950101,,3,
4822036028,경상남도 통영시 한산면 매죽리,19950101,,3,
4822037000,사량면,19950101,,2,4822000000
4822037021,경상남도 통영시 사량면 금평리,19950101,,3,
4822037022,경상남도 통영시 사량면 돈지리,19950101,,3,
4822037023,경상남도 통영시 사량면 읍덕리,19950101,,3,
4822037024,경상남도 통영시 사량면 양지리,19950101,,3,
4824000000,사천시,19950510,,1,4800000000
4824010100,동동,19950510,,2,4824000000
4824010200,서동,19950510,,2,4824000000
4824010300,선구동,19950510,,2,4824000000
4824010400,동금동,19950510,,2,4824000000
4824010500,서금동,19950510,,2,4824000000
4824010600,동림동,19980912,,2,4824000000
4824010700,좌룡동,19980912,,2,4824000000
4824010800,벌리동,19950510,,2,4824000000
4824010900,용강동,19950510,,2,4824000000
4824011000,와룡동,19950510,,2,4824000000
4824011100,봉남동,19980912,,2,4824000000
4824011200,이금동,19980912,,2,4824000000
4824011300,이홀동,19980912,,2,4824000000
4824011400,궁지동,19980912,,2,4824000000
4824011500,사등동,19950510,,2,4824000000
4824011600,향촌동,19950510,,2,4824000000
4824011700,대방동,19980912,,2,4824000000
4824011800,실안동,19980912,,2,4824000000
4824011900,마도동,19950510,,2,4824000000
4824012000,늑도동,19950510,,2,4824000000
4824012100,신수동,19950510,,2,4824000000
4824012200,백천동,19980912,,2,4824000000
4824012300,신벽동,19980912,,2,4824000000
4824012400,노룡동,19980912,,2,4824000000
4824012500,대포동,19980912,,2,4824000000
4824012600,송포동,19980912,,2,4824000000
4824012700,죽림동,19980912,,2,4824000000
4824025000,사천읍,19950510,,2,4824000000
4824025021,경상남도 사천시 사천읍 선인리,19950510,,3,
4824025022,경상남도 사천시 사천읍 정의리,19950510,,3,
4824025023,경상남도 사천시 사천읍 평화리,19950510,,3,
4824025024,경상남도 사천시 사천읍 수석리,19950510,,3,
4824025025,경상남도 사천시 사천읍 사주리,19950510,,3,
4824025026,경상남도 사천시 사천읍 용당리,19950510,,3,
4824025027,경상남도 사천시 사천읍 중선리,19950510,,3,
4824025028,경상남도 사천시 사천읍 구암리,19950510,,3,
4824025029,경상남도 사천시 사천읍 장전리,19950510,,3,
4824025030,경상남도 사천시 사천읍 금곡리,19950510,,3,
4824025031,경상남도 사천시 사천읍 두량리,19950510,,3,
4824031000,정동면,19950510,,2,4824000000
4824031021,경상남도 사천시 정동면 고읍리,19950510,,3,
4824031022,경상남도 사천시 정동면 예수리,19950510,,3,
4824031023,경상남도 사천시 정동면 화암리,19950510,,3,
4824031024,경상남도 사천시 정동면 풍정리,19950510,,3,
4824031025,경상남도 사천시 정동면 수청리,19950510,,3,
4824031026,경상남도 사천시 정동면 대곡리,19950510,,3,
4824031027,경상남도 사천시 정동면 장산리,19950510,,3,
4824031028,경상남도 사천시 정동면 감곡리,19950510,,3,
4824031029,경상남도 사천시 정동면 학촌리,19950510,,3,
4824031030,경상남도 사천시 정동면 소곡리,19950510,,3,
4824032000,사남면,19950510,,2,4824000000
4824032021,경상남도 사천시 사남면 죽천리,19950510,,3,
4824032022,경상남도 사천시 사남면 초전리,19950510,,3,
4824032023,경상남도 사천시 사남면 방지리,19950510,,3,
4824032024,경상남도 사천시 사남면 유천리,19950510,,3,
4824032025,경상남도 사천시 사남면 월성리,19950510,,3,
4824032026,경상남도 사천시 사남면 화전리,19950510,,3,
4824032027,경상남도 사천시 사남면 우천리,19950510,,3,
4824032028,경상남도 사천시 사남면 종천리,19950510,,3,
4824032029,경상남도 사천시 사남면 사촌리,19950510,,3,
4824032030,경상남도 사천시 사남면 계양리,19950510,,3,
4824032031,경상남도 사천시 사남면 가천리,19950510,,3,
4824033000,용현면,19950510,,2,4824000000
4824033021,경상남도 사천시 용현면 송지리,19950510,,3,
4824033022,경상남도 사천시 용현면 선진리,19950510,,3,
4824033023,경상남도 사천시 용현면 통양리,19950510,,3,
4824033024,경상남도 사천시 용현면 신촌리,19950510,,3,
4824033025,경상남도 사천시 용현면 온정리,19950510,,3,
4824033026,경상남도 사천시 용현면 신복리,19950510,,3,
4824033027,경상남도 사천시 용현면 석계리,19950510,,3,
4824033028,경상남도 사천시 용현면 구월리,19950510,,3,
4824033029,경상남도 사천시 용현면 용치리,19950510,,3,
4824033030,경상남도 사천시 용현면 금문리,19950510,,3,
4824033031,경상남도 사천시 용현면 주문리,19950510,,3,
4824033032,경상남도 사천시 용현면 덕곡리,19950510,,3,
4824034000,축동면,19950510,,2,4824000000
4824034021,경상남도 사천시 축동면 배춘리,19950510,,3,
4824034022,경상남도 사천시 축동면 길평리,19950510,,3,
4824034023,경상남도 사천시 축동면 사다리,19950510,,3,
4824034024,경상남도 사천시 축동면 탑리,19950510,,3,
4824034025,경상남도 사천시 축동면 반용리,19950510,,3,
4824034026,경상남도 사천시 축동면 가산리,19950510,,3,
4824034027,경상남도 사천시 축동면 구호리,19950510,,3,
4824035000,곤양면,19950510,,2,4824000000
4824035021,경상남도 사천시 곤양면 성내리,19950510,,3,
4824035022,경상남도 사천시 곤양면 남문외리,19950510,,3,
4824035023,경상남도 사천시 곤양면 서정리,19950510,,3,
4824035024,경상남도 사천시 곤양면 송전리,19950510,,3,
4824035025,경상남도 사천시 곤양면 대진리,19950510,,3,
4824035026,경상남도 사천시 곤양면 환덕리,19950510,,3,
4824035027,경상남도 사천시 곤양면 묵곡리,19950510,,3,
4824035028,경상남도 사천시 곤양면 흥사리,19950510,,3,
4824035029,경상남도 사천시 곤양면 가화리,19950510,,3,
4824035030,경상남도 사천시 곤양면 검정리,19950510,,3,
4824035031,경상남도 사천시 곤양면 중항리,19950510,,3,
4824035032,경상남도 사천시 곤양면 무고리,19950510,,3,
4824035033,경상남도 사천시 곤양면 맥사리,19950510,,3,
4824036000,곤명면,19950510,,2,4824000000
4824036021,경상남도 사천시 곤명면 추천리,19950510,,3,
4824036022,경상남도 사천시 곤명면 용산리,19950510,,3,
4824036023,경상남도 사천시 곤명면 조장리,19950510,,3,
4824036024,경상남도 사천시 곤명면 봉계리,19950510,,3,
4824036025,경상남도 사천시 곤명면 초량리,19950510,,3,
4824036026,경상남도 사천시 곤명면 삼정리,19950510,,3,
4824036027,경상남도 사천시 곤명면 은사리,19950510,,3,
4824036028,경상남도 사천시 곤명면 마곡리,19950510,,3,
4824036029,경상남도 사천시 곤명면 성방리,19950510,,3,
4824036030,경상남도 사천시 곤명면 작팔리,19950510,,3,
4824036031,경상남도 사천시 곤명면 송림리,19950510,,3,
4824036032,경상남도 사천시 곤명면 정곡리,19950510,,3,
4824036033,경상남도 사천시 곤명면 신흥리,19950510,,3,
4824036034,경상남도 사천시 곤명면 본촌리,19950510,,3,
4824036035,경상남도 사천시 곤명면 금성리,19950510,,3,
4824036036,경상남도 사천시 곤명면 연평리,19950510,,3,
4824037000,서포면,19950510,,2,4824000000
4824037021,경상남도 사천시 서포면 금진리,19950510,,3,
4824037022,경상남도 사천시 서포면 내구리,19950510,,3,
4824037023,경상남도 사천시 서포면 외구리,19950510,,3,
4824037024,경상남도 사천시 서포면 조도리,19950510,,3,
4824037025,경상남도 사천시 서포면 구랑리,19950510,,3,
4824037026,경상남도 사천시 서포면 자혜리,19950510,,3,
4824037027,경상남도 사천시 서포면 구평리,19950510,,3,
4824037028,경상남도 사천시 서포면 다평리,19950510,,3,
4824037029,경상남도 사천시 서포면 선전리,19950510,,3,
4824037030,경상남도 사천시 서포면 비토리,19950510,,3,
4824500000,사천남양출장,19950510,,1,4800000000
4825000000,김해시,19880423,,1,4800000000
4825010100,동상동,19880423,,2,4825000000
4825010200,서상동,19880423,,2,4825000000
4825010300,부원동,19880423,,2,4825000000
4825010400,봉황동,19880423,,2,4825000000
4825010500,대성동,19880423,,2,4825000000
4825010600,구산동,19880423,,2,4825000000
4825010700,삼계동,19880423,,2,4825000000
4825010800,내동,19880423,,2,4825000000
4825010900,외동,19880423,,2,4825000000
4825011000,흥동,19980912,,2,4825000000
4825011100,풍유동,19980912,,2,4825000000
4825011200,명법동,19980912,,2,4825000000
4825011300,이동,19980912,,2,4825000000
4825011400,화목동,19980912,,2,4825000000
4825011500,전하동,19980912,,2,4825000000
4825011600,강동,19980912,,2,4825000000
4825011700,삼정동,19880423,,2,4825000000
4825011800,어방동,19880423,,2,4825000000
4825011900,삼방동,19880423,,2,4825000000
4825012000,안동,19880423,,2,4825000000
4825012100,지내동,19880423,,2,4825000000
4825012200,불암동,19880423,,2,4825000000
4825012300,유하동,20130701,,2,4825000000
4825012400,내덕동,20130701,,2,4825000000
4825012500,부곡동,20130701,,2,4825000000
4825012600,무계동,20130701,,2,4825000000
4825012700,신문동,20130701,,2,4825000000
4825012800,삼문동,20130701,,2,4825000000
4825012900,대청동,20130701,,2,4825000000
4825013000,관동동,20130701,,2,4825000000
4825013100,율하동,20130701,,2,4825000000
4825013200,장유동,20130701,,2,4825000000
4825013300,응달동,20130701,,2,4825000000
4825013400,수가동,20130701,,2,4825000000
4825025000,진영읍,19950510,,2,4825000000
4825025021,경상남도 김해시 진영읍 우동리,19950510,,3,
4825025022,경상남도 김해시 진영읍 하계리,19950510,,3,
4825025023,경상남도 김해시 진영읍 방동리,19950510,,3,
4825025024,경상남도 김해시 진영읍 사산리,19950510,,3,
4825025025,경상남도 김해시 진영읍 좌곤리,19950510,,3,
4825025026,경상남도 김해시 진영읍 진영리,19950510,,3,
4825025027,경상남도 김해시 진영읍 여래리,19950510,,3,
4825025028,경상남도 김해시 진영읍 본산리,19950510,,3,
4825025029,경상남도 김해시 진영읍 신용리,19950510,,3,
4825025030,경상남도 김해시 진영읍 설창리,19950510,,3,
4825025031,경상남도 김해시 진영읍 내룡리,19950510,,3,
4825025032,경상남도 김해시 진영읍 죽곡리,19950510,,3,
4825025033,경상남도 김해시 진영읍 의전리,19950510,,3,
4825032000,주촌면,19950510,,2,4825000000
4825032021,경상남도 김해시 주촌면 선지리,19950510,,3,
4825032022,경상남도 김해시 주촌면 원지리,19950510,,3,
4825032023,경상남도 김해시 주촌면 덕암리,19950510,,3,
4825032024,경상남도 김해시 주촌면 천곡리,19950510,,3,
4825032025,경상남도 김해시 주촌면 내삼리,19950510,,3,
4825032026,경상남도 김해시 주촌면 양동리,19950510,,3,
4825032027,경상남도 김해시 주촌면 망덕리,19950510,,3,
4825032028,경상남도 김해시 주촌면 농소리,19950510,,3,
4825033000,진례면,19950510,,2,4825000000
4825033021,경상남도 김해시 진례면 청천리,19950510,,3,
4825033022,경상남도 김해시 진례면 시례리,19950510,,3,
4825033023,경상남도 김해시 진례면 송정리,19950510,,3,
4825033024,경상남도 김해시 진례면 초전리,19950510,,3,
4825033025,경상남도 김해시 진례면 신안리,19950510,,3,
4825033026,경상남도 김해시 진례면 산본리,19950510,,3,
4825033027,경상남도 김해시 진례면 신월리,19950510,,3,
4825033028,경상남도 김해시 진례면 송현리,19950510,,3,
4825033029,경상남도 김해시 진례면 담안리,19950510,,3,
4825033030,경상남도 김해시 진례면 고모리,19950510,,3,
4825034000,한림면,19950510,,2,4825000000
4825034021,경상남도 김해시 한림면 명동리,19950510,,3,
4825034022,경상남도 김해시 한림면 퇴래리,19950510,,3,
4825034023,경상남도 김해시 한림면 병동리,19950510,,3,
4825034024,경상남도 김해시 한림면 신천리,19950510,,3,
4825034025,경상남도 김해시 한림면 용덕리,19950510,,3,
4825034026,경상남도 김해시 한림면 안곡리,19950510,,3,
4825034027,경상남도 김해시 한림면 안하리,19950510,,3,
4825034028,경상남도 김해시 한림면 장방리,19950510,,3,
4825034029,경상남도 김해시 한림면 시산리,19950510,,3,
4825034030,경상남도 김해시 한림면 가동리,19950510,,3,
4825034031,경상남도 김해시 한림면 가산리,19950510,,3,
4825034032,경상남도 김해시 한림면 금곡리,19950510,,3,
4825035000,생림면,19950510,,2,4825000000
4825035021,경상남도 김해시 생림면 나전리,19950510,,3,
4825035022,경상남도 김해시 생림면 사촌리,19950510,,3,
4825035023,경상남도 김해시 생림면 봉림리,19950510,,3,
4825035024,경상남도 김해시 생림면 생림리,19950510,,3,
4825035025,경상남도 김해시 생림면 마사리,19950510,,3,
4825035026,경상남도 김해시 생림면 생철리,19950510,,3,
4825035027,경상남도 김해시 생림면 안양리,19950510,,3,
4825035028,경상남도 김해시 생림면 도요리,19950510,,3,
4825036000,상동면,19950510,,2,4825000000
4825036021,경상남도 김해시 상동면 대감리,19950510,,3,
4825036022,경상남도 김해시 상동면 매리,19950510,,3,
4825036023,경상남도 김해시 상동면 감노리,19950510,,3,
4825036024,경상남도 김해시 상동면 여차리,19950510,,3,
4825036025,경상남도 김해시 상동면 우계리,19950510,,3,
4825036026,경상남도 김해시 상동면 묵방리,19950510,,3,
4825037000,대동면,19950510,,2,4825000000
4825037021,경상남도 김해시 대동면 수안리,19950510,,3,
4825037022,경상남도 김해시 대동면 주중리,19950510,,3,
4825037023,경상남도 김해시 대동면 주동리,19950510,,3,
4825037024,경상남도 김해시 대동면 예안리,19950510,,3,
4825037025,경상남도 김해시 대동면 초정리,19950510,,3,
4825037026,경상남도 김해시 대동면 괴정리,19950510,,3,
4825037027,경상남도 김해시 대동면 대감리,19950510,,3,
4825037028,경상남도 김해시 대동면 덕산리,19950510,,3,
4825037029,경상남도 김해시 대동면 월촌리,19950510,,3,
4825037030,경상남도 김해시 대동면 조눌리,19950510,,3,
4827000000,밀양시,19890101,,1,4800000000
4827010100,내일동,19890101,,2,4827000000
4827010200,내이동,19890101,,2,4827000000
4827010300,교동,19890101,,2,4827000000
4827010400,삼문동,19890101,,2,4827000000
4827010500,남포동,19890101,,2,4827000000
4827010600,용평동,19980921,,2,4827000000
4827010700,활성동,19980921,,2,4827000000
4827010800,가곡동,19890101,,2,4827000000
4827025000,삼랑진읍,19950101,,2,4827000000
4827025021,경상남도 밀양시 삼랑진읍 송지리,19950101,,3,
4827025022,경상남도 밀양시 삼랑진읍 용전리,19950101,,3,
4827025023,경상남도 밀양시 삼랑진읍 미전리,19950101,,3,
4827025024,경상남도 밀양시 삼랑진읍 삼랑리,19950101,,3,
4827025025,경상남도 밀양시 삼랑진읍 율동리,19950101,,3,
4827025026,경상남도 밀양시 삼랑진읍 우곡리,19950101,,3,
4827025027,경상남도 밀양시 삼랑진읍 검세리,19950101,,3,
4827025028,경상남도 밀양시 삼랑진읍 안태리,19950101,,3,
4827025029,경상남도 밀양시 삼랑진읍 행곡리,19950101,,3,
4827025030,경상남도 밀양시 삼랑진읍 임천리,19950101,,3,
4827025031,경상남도 밀양시 삼랑진읍 숭진리,19950101,,3,
4827025032,경상남도 밀양시 삼랑진읍 청학리,19950101,,3,
4827025033,경상남도 밀양시 삼랑진읍 용성리,19950101,,3,
4827025300,하남읍,19950101,,2,4827000000
4827025321,경상남도 밀양시 하남읍 수산리,19950101,,3,
4827025322,경상남도 밀양시 하남읍 명례리,19950101,,3,
4827025323,경상남도 밀양시 하남읍 백산리,19950101,,3,
4827025324,경상남도 밀양시 하남읍 파서리,19950101,,3,
4827025325,경상남도 밀양시 하남읍 남전리,19950101,,3,
4827025326,경상남도 밀양시 하남읍 대사리,19950101,,3,
4827025327,경상남도 밀양시 하남읍 양동리,19950101,,3,
4827025328,경상남도 밀양시 하남읍 귀명리,19950101,,3,
4827031000,부북면,19950101,,2,4827000000
4827031021,경상남도 밀양시 부북면 운전리,19950101,,3,
4827031022,경상남도 밀양시 부북면 전사포리,19950101,,3,
4827031023,경상남도 밀양시 부북면 후사포리,19950101,,3,
4827031024,경상남도 밀양시 부북면 제대리,19950101,,3,
4827031025,경상남도 밀양시 부북면 감천리,19950101,,3,
4827031026,경상남도 밀양시 부북면 오례리,19950101,,3,
4827031027,경상남도 밀양시 부북면 덕곡리,19950101,,3,
4827031028,경상남도 밀양시 부북면 청운리,19950101,,3,
4827031029,경상남도 밀양시 부북면 가산리,19950101,,3,
4827031030,경상남도 밀양시 부북면 대항리,19950101,,3,
4827031031,경상남도 밀양시 부북면 퇴로리,19950101,,3,
4827031032,경상남도 밀양시 부북면 월산리,19950101,,3,
4827031033,경상남도 밀양시 부북면 위양리,19950101,,3,
4827031034,경상남도 밀양시 부북면 무연리,19950101,,3,
4827031035,경상남도 밀양시 부북면 춘화리,19950101,,3,
4827031036,경상남도 밀양시 부북면 용지리,19950101,,3,
4827032000,상동면,19950101,,2,4827000000
4827032021,경상남도 밀양시 상동면 금산리,19950101,,3,
4827032022,경상남도 밀양시 상동면 가곡리,19950101,,3,
4827032023,경상남도 밀양시 상동면 안인리,19950101,,3,
4827032024,경상남도 밀양시 상동면 옥산리,19950101,,3,
4827032025,경상남도 밀양시 상동면 고정리,19950101,,3,
4827032026,경상남도 밀양시 상동면 도곡리,19950101,,3,
4827032027,경상남도 밀양시 상동면 매화리,19950101,,3,
4827032028,경상남도 밀양시 상동면 신곡리,19950101,,3,
4827033000,산외면,19950101,,2,4827000000
4827033021,경상남도 밀양시 산외면 다죽리,19950101,,3,
4827033022,경상남도 밀양시 산외면 금곡리,19950101,,3,
4827033023,경상남도 밀양시 산외면 희곡리,19950101,,3,
4827033024,경상남도 밀양시 산외면 금천리,19950101,,3,
4827033025,경상남도 밀양시 산외면 남기리,19950101,,3,
4827033026,경상남도 밀양시 산외면 엄광리,19950101,,3,
4827034000,산내면,19950101,,2,4827000000
4827034021,경상남도 밀양시 산내면 송백리,19950101,,3,
4827034022,경상남도 밀양시 산내면 봉의리,19950101,,3,
4827034023,경상남도 밀양시 산내면 용전리,19950101,,3,
4827034024,경상남도 밀양시 산내면 임고리,19950101,,3,
4827034025,경상남도 밀양시 산내면 가인리,19950101,,3,
4827034026,경상남도 밀양시 산내면 원서리,19950101,,3,
4827034027,경상남도 밀양시 산내면 삼양리,19950101,,3,
4827034028,경상남도 밀양시 산내면 남명리,19950101,,3,
4827035000,단장면,19950101,,2,4827000000
4827035021,경상남도 밀양시 단장면 태룡리,19950101,,3,
4827035022,경상남도 밀양시 단장면 단장리,19950101,,3,
4827035023,경상남도 밀양시 단장면 미촌리,19950101,,3,
4827035024,경상남도 밀양시 단장면 안법리,19950101,,3,
4827035025,경상남도 밀양시 단장면 법흥리,19950101,,3,
4827035026,경상남도 밀양시 단장면 감물리,19950101,,3,
4827035027,경상남도 밀양시 단장면 국전리,19950101,,3,
4827035028,경상남도 밀양시 단장면 무릉리,19950101,,3,
4827035029,경상남도 밀양시 단장면 사연리,19950101,,3,
4827035030,경상남도 밀양시 단장면 범도리,19950101,,3,
4827035031,경상남도 밀양시 단장면 고례리,19950101,,3,
4827035032,경상남도 밀양시 단장면 구천리,19950101,,3,
4827036000,상남면,19950101,,2,4827000000
4827036021,경상남도 밀양시 상남면 기산리,19950101,,3,
4827036022,경상남도 밀양시 상남면 예림리,19950101,,3,
4827036023,경상남도 밀양시 상남면 연금리,19950101,,3,
4827036024,경상남도 밀양시 상남면 평촌리,19950101,,3,
4827036025,경상남도 밀양시 상남면 마산리,19950101,,3,
4827036026,경상남도 밀양시 상남면 동산리,19950101,,3,
4827036027,경상남도 밀양시 상남면 조음리,19950101,,3,
4827036028,경상남도 밀양시 상남면 남산리,19950101,,3,
4827036029,경상남도 밀양시 상남면 외산리,19950101,,3,
4827037000,초동면,19950101,,2,4827000000
4827037021,경상남도 밀양시 초동면 오방리,19950101,,3,
4827037022,경상남도 밀양시 초동면 범평리,19950101,,3,
4827037023,경상남도 밀양시 초동면 명성리,19950101,,3,
4827037024,경상남도 밀양시 초동면 대곡리,19950101,,3,
4827037025,경상남도 밀양시 초동면 반월리,19950101,,3,
4827037026,경상남도 밀양시 초동면 검암리,19950101,,3,
4827037027,경상남도 밀양시 초동면 금포리,19950101,,3,
4827037028,경상남도 밀양시 초동면 성만리,19950101,,3,
4827037029,경상남도 밀양시 초동면 신호리,19950101,,3,
4827037030,경상남도 밀양시 초동면 신월리,19950101,,3,
4827037031,경상남도 밀양시 초동면 덕산리,19950101,,3,
4827037032,경상남도 밀양시 초동면 봉황리,19950101,,3,
4827038000,무안면,19950101,,2,4827000000
4827038021,경상남도 밀양시 무안면 무안리,19950101,,3,
4827038022,경상남도 밀양시 무안면 신법리,19950101,,3,
4827038023,경상남도 밀양시 무안면 삼태리,19950101,,3,
4827038024,경상남도 밀양시 무안면 화봉리,19950101,,3,
4827038025,경상남도 밀양시 무안면 죽월리,19950101,,3,
4827038026,경상남도 밀양시 무안면 양효리,19950101,,3,
4827038027,경상남도 밀양시 무안면 내진리,19950101,,3,
4827038028,경상남도 밀양시 무안면 동산리,19950101,,3,
4827038029,경상남도 밀양시 무안면 판곡리,19950101,,3,
4827038030,경상남도 밀양시 무안면 운정리,19950101,,3,
4827038031,경상남도 밀양시 무안면 마흘리,19950101,,3,
4827038032,경상남도 밀양시 무안면 정곡리,19950101,,3,
4827038033,경상남도 밀양시 무안면 연상리,19950101,,3,
4827038034,경상남도 밀양시 무안면 성덕리,19950101,,3,
4827038035,경상남도 밀양시 무안면 모로리,19950101,,3,
4827038036,경상남도 밀양시 무안면 덕암리,19950101,,3,
4827038037,경상남도 밀양시 무안면 중산리,19950101,,3,
4827038038,경상남도 밀양시 무안면 웅동리,19950101,,3,
4827038039,경상남도 밀양시 무안면 가례리,19950101,,3,
4827038040,경상남도 밀양시 무안면 고라리,19950101,,3,
4827039000,청도면,19950101,,2,4827000000
4827039021,경상남도 밀양시 청도면 구기리,19950101,,3,
4827039022,경상남도 밀양시 청도면 소태리,19950101,,3,
4827039023,경상남도 밀양시 청도면 두곡리,19950101,,3,
4827039024,경상남도 밀양시 청도면 조천리,19950101,,3,
4827039025,경상남도 밀양시 청도면 인산리,19950101,,3,
4827039026,경상남도 밀양시 청도면 고법리,19950101,,3,
4827039027,경상남도 밀양시 청도면 요고리,19950101,,3,
4831000000,거제시,19950101,,1,4800000000
4831010100,능포동,19950101,,2,4831000000
4831010200,장승포동,19950101,,2,4831000000
4831010300,두모동,19950101,,2,4831000000
4831010400,아양동,19950101,,2,4831000000
4831010500,아주동,19950101,,2,4831000000
4831010600,옥포동,19950101,,2,4831000000
4831010700,덕포동,19950101,,2,4831000000
4831010800,장평동,20080701,,2,4831000000
4831010900,고현동,20080701,,2,4831000000
4831011000,상동동,20080701,,2,4831000000
4831011100,문동동,20080701,,2,4831000000
4831011200,삼거동,20080701,,2,4831000000
4831011300,양정동,20080701,,2,4831000000
4831011400,수월동,20080701,,2,4831000000
4831031000,일운면,19950101,,2,4831000000
4831031021,경상남도 거제시 일운면 망치리,19950101,,3,
4831031022,경상남도 거제시 일운면 구조라리,19950101,,3,
4831031023,경상남도 거제시 일운면 와현리,19950101,,3,
4831031024,경상남도 거제시 일운면 지세포리,19950101,,3,
4831031025,경상남도 거제시 일운면 소동리,19950101,,3,
4831031026,경상남도 거제시 일운면 옥림리,19950101,,3,
4831032000,동부면,19950101,,2,4831000000
4831032021,경상남도 거제시 동부면 산촌리,19950101,,3,
4831032022,경상남도 거제시 동부면 산양리,19950101,,3,
4831032023,경상남도 거제시 동부면 구천리,19950101,,3,
4831032024,경상남도 거제시 동부면 부춘리,19950101,,3,
4831032025,경상남도 거제시 동부면 오송리,19950101,,3,
4831032026,경상남도 거제시 동부면 가배리,19950101,,3,
4831032027,경상남도 거제시 동부면 율포리,19950101,,3,
4831032028,경상남도 거제시 동부면 학동리,19950101,,3,
4831033000,남부면,19950101,,2,4831000000
4831033021,경상남도 거제시 남부면 탑포리,19950101,,3,
4831033022,경상남도 거제시 남부면 저구리,19950101,,3,
4831033023,경상남도 거제시 남부면 다포리,19950101,,3,
4831033024,경상남도 거제시 남부면 다대리,19950101,,3,
4831033025,경상남도 거제시 남부면 갈곶리,19950101,,3,
4831034000,거제면,19950101,,2,4831000000
4831034021,경상남도 거제시 거제면 법동리,19950101,,3,
4831034023,경상남도 거제시 거제면 내간리,19950101,,3,
4831034024,경상남도 거제시 거제면 외간리,19950101,,3,
4831034025,경상남도 거제시 거제면 옥산리,19950101,,3,
4831034026,경상남도 거제시 거제면 서정리,19950101,,3,
4831034027,경상남도 거제시 거제면 서상리,19950101,,3,
4831034028,경상남도 거제시 거제면 남동리,19950101,,3,
4831034029,경상남도 거제시 거제면 동상리,19950101,,3,
4831034030,경상남도 거제시 거제면 오수리,19950101,,3,
4831034031,경상남도 거제시 거제면 명진리,19950101,,3,
4831034032,경상남도 거제시 거제면 소랑리,19950101,,3,
4831035000,둔덕면,19950101,,2,4831000000
4831035021,경상남도 거제시 둔덕면 상둔리,19950101,,3,
4831035022,경상남도 거제시 둔덕면 시목리,19950101,,3,
4831035023,경상남도 거제시 둔덕면 거림리,19950101,,3,
4831035024,경상남도 거제시 둔덕면 산방리,19950101,,3,
4831035025,경상남도 거제시 둔덕면 방하리,19950101,,3,
4831035026,경상남도 거제시 둔덕면 하둔리,19950101,,3,
4831035027,경상남도 거제시 둔덕면 어구리,19950101,,3,
4831035028,경상남도 거제시 둔덕면 술역리,19950101,,3,
4831035029,경상남도 거제시 둔덕면 학산리,19950101,,3,
4831036000,사등면,19950101,,2,4831000000
4831036021,경상남도 거제시 사등면 사곡리,19950101,,3,
4831036022,경상남도 거제시 사등면 사등리,19950101,,3,
4831036023,경상남도 거제시 사등면 성포리,19950101,,3,
4831036024,경상남도 거제시 사등면 지석리,19950101,,3,
4831036025,경상남도 거제시 사등면 청곡리,19950101,,3,
4831036026,경상남도 거제시 사등면 오량리,19950101,,3,
4831036027,경상남도 거제시 사등면 덕호리,19950101,,3,
4831036028,경상남도 거제시 사등면 창호리,19950101,,3,
4831037000,연초면,19950101,,2,4831000000
4831037021,경상남도 거제시 연초면 한내리,19950101,,3,
4831037022,경상남도 거제시 연초면 오비리,19950101,,3,
4831037023,경상남도 거제시 연초면 연사리,19950101,,3,
4831037024,경상남도 거제시 연초면 죽토리,19950101,,3,
4831037025,경상남도 거제시 연초면 다공리,19950101,,3,
4831037026,경상남도 거제시 연초면 덕치리,19950101,,3,
4831037027,경상남도 거제시 연초면 명동리,19950101,,3,
4831037028,경상남도 거제시 연초면 이목리,19950101,,3,
4831037029,경상남도 거제시 연초면 천곡리,19950101,,3,
4831037030,경상남도 거제시 연초면 송정리,19950101,,3,
4831038000,하청면,19950101,,2,4831000000
4831038021,경상남도 거제시 하청면 석포리,19950101,,3,
4831038022,경상남도 거제시 하청면 덕곡리,19950101,,3,
4831038023,경상남도 거제시 하청면 유계리,19950101,,3,
4831038024,경상남도 거제시 하청면 하청리,19950101,,3,
4831038025,경상남도 거제시 하청면 실전리,19950101,,3,
4831038026,경상남도 거제시 하청면 어온리,19950101,,3,
4831038027,경상남도 거제시 하청면 대곡리,19950101,,3,
4831038028,경상남도 거제시 하청면 연구리,19950101,,3,
4831039000,장목면,19950101,,2,4831000000
4831039021,경상남도 거제시 장목면 구영리,19950101,,3,
4831039022,경상남도 거제시 장목면 유호리,19950101,,3,
4831039023,경상남도 거제시 장목면 농소리,19950101,,3,
4831039024,경상남도 거제시 장목면 송진포리,19950101,,3,
4831039025,경상남도 거제시 장목면 관포리,19950101,,3,
4831039026,경상남도 거제시 장목면 장목리,19950101,,3,
4831039027,경상남도 거제시 장목면 율천리,19950101,,3,
4831039028,경상남도 거제시 장목면 대금리,19950101,,3,
4831039029,경상남도 거제시 장목면 외포리,19950101,,3,
4831039030,경상남도 거제시 장목면 시방리,19950101,,3,
4833000000,양산시,19960301,,1,4800000000
4833010100,다방동,19960301,,2,4833000000
4833010200,남부동,19960301,,2,4833000000
4833010300,중부동,19960301,,2,4833000000
4833010400,북부동,19960301,,2,4833000000
4833010500,명곡동,19960301,,2,4833000000
4833010600,신기동,19960301,,2,4833000000
4833010700,북정동,19960301,,2,4833000000
4833010800,산막동,19960301,,2,4833000000
4833010900,호계동,19960301,,2,4833000000
4833011000,교동,19960301,,2,4833000000
4833011100,유산동,19960301,,2,4833000000
4833011200,어곡동,19960301,,2,4833000000
4833011300,용당동,20070401,,2,4833000000
4833011400,삼호동,20070401,,2,4833000000
4833011500,명동,20070401,,2,4833000000
4833011600,주남동,20070401,,2,4833000000
4833011700,소주동,20070401,,2,4833000000
4833011800,주진동,20070401,,2,4833000000
4833011900,평산동,20070401,,2,4833000000
4833012000,덕계동,20070401,,2,4833000000
4833012100,매곡동,20070401,,2,4833000000
4833025300,물금읍,19960301,,2,4833000000
4833025321,경상남도 양산시 물금읍 물금리,19960301,,3,
4833025322,경상남도 양산시 물금읍 증산리,19960301,,3,
4833025323,경상남도 양산시 물금읍 가촌리,19960301,,3,
4833025324,경상남도 양산시 물금읍 범어리,19960301,,3,
4833031000,동면,19960301,,2,4833000000
4833031021,경상남도 양산시 동면 개곡리,19960301,,3,
4833031022,경상남도 양산시 동면 법기리,19960301,,3,
4833031023,경상남도 양산시 동면 여락리,19960301,,3,
4833031024,경상남도 양산시 동면 사송리,19960301,,3,
4833031025,경상남도 양산시 동면 내송리,19960301,,3,
4833031026,경상남도 양산시 동면 석산리,19960301,,3,
4833031027,경상남도 양산시 동면 금산리,19960301,,3,
4833031028,경상남도 양산시 동면 가산리,19960301,,3,
4833032000,원동면,19960301,,2,4833000000
4833032021,경상남도 양산시 원동면 원리,19960301,,3,
4833032022,경상남도 양산시 원동면 용당리,19960301,,3,
4833032023,경상남도 양산시 원동면 내포리,19960301,,3,
4833032024,경상남도 양산시 원동면 영포리,19960301,,3,
4833032025,경상남도 양산시 원동면 대리,19960301,,3,
4833032026,경상남도 양산시 원동면 선리,19960301,,3,
4833032027,경상남도 양산시 원동면 서룡리,19960301,,3,
4833032028,경상남도 양산시 원동면 화제리,19960301,,3,
4833033000,상북면,19960301,,2,4833000000
4833033021,경상남도 양산시 상북면 석계리,19960301,,3,
4833033022,경상남도 양산시 상북면 대석리,19960301,,3,
4833033023,경상남도 양산시 상북면 소토리,19960301,,3,
4833033024,경상남도 양산시 상북면 소석리,19960301,,3,
4833033025,경상남도 양산시 상북면 상삼리,19960301,,3,
4833033026,경상남도 양산시 상북면 좌삼리,19960301,,3,
4833033027,경상남도 양산시 상북면 내석리,19960301,,3,
4833033028,경상남도 양산시 상북면 외석리,19960301,,3,
4833033029,경상남도 양산시 상북면 신전리,19960301,,3,
4833034000,하북면,19960301,,2,4833000000
4833034021,경상남도 양산시 하북면 순지리,19960301,,3,
4833034022,경상남도 양산시 하북면 지산리,19960301,,3,
4833034023,경상남도 양산시 하북면 초산리,19960301,,3,
4833034024,경상남도 양산시 하북면 답곡리,19960301,,3,
4833034025,경상남도 양산시 하북면 삼수리,19960301,,3,
4833034026,경상남도 양산시 하북면 백록리,19960301,,3,
4833034027,경상남도 양산시 하북면 삼감리,19960301,,3,
4833034028,경상남도 양산시 하북면 용연리,19960301,,3,
4872000000,의령군,19880423,,1,4800000000
4872025000,의령읍,19880423,,2,4872000000
4872025021,경상남도 의령군 의령읍 서동리,19881001,,3,
4872025022,경상남도 의령군 의령읍 중동리,19881001,,3,
4872025023,경상남도 의령군 의령읍 동동리,19881001,,3,
4872025024,경상남도 의령군 의령읍 무전리,19880423,,3,
4872025025,경상남도 의령군 의령읍 정암리,19880423,,3,
4872025026,경상남도 의령군 의령읍 만천리,19880423,,3,
4872025027,경상남도 의령군 의령읍 대산리,19880423,,3,
4872025028,경상남도 의령군 의령읍 상리,19880423,,3,
4872025029,경상남도 의령군 의령읍 중리,19880423,,3,
4872025030,경상남도 의령군 의령읍 하리,19880423,,3,
4872031000,가례면,19880423,,2,4872000000
4872031021,경상남도 의령군 가례면 갑을리,19880423,,3,
4872031022,경상남도 의령군 가례면 양성리,19880423,,3,
4872031023,경상남도 의령군 가례면 개승리,19880423,,3,
4872031024,경상남도 의령군 가례면 괴진리,19880423,,3,
4872031025,경상남도 의령군 가례면 수성리,19880423,,3,
4872031026,경상남도 의령군 가례면 가례리,19880423,,3,
4872031027,경상남도 의령군 가례면 운암리,19880423,,3,
4872031028,경상남도 의령군 가례면 대천리,19880423,,3,
4872031029,경상남도 의령군 가례면 봉두리,19880423,,3,
4872032000,칠곡면,19880423,,2,4872000000
4872032021,경상남도 의령군 칠곡면 외조리,19880423,,3,
4872032022,경상남도 의령군 칠곡면 내조리,19880423,,3,
4872032023,경상남도 의령군 칠곡면 신포리,19880423,,3,
4872032024,경상남도 의령군 칠곡면 도산리,19880423,,3,
4872032025,경상남도 의령군 칠곡면 산남리,19880423,,3,
4872032026,경상남도 의령군 칠곡면 산북리,19880423,,3,
4872033000,대의면,19880423,,2,4872000000
4872033021,경상남도 의령군 대의면 신전리,19880423,,3,
4872033022,경상남도 의령군 대의면 행정리,19880423,,3,
4872033023,경상남도 의령군 대의면 중촌리,19880423,,3,
4872033024,경상남도 의령군 대의면 하촌리,19880423,,3,
4872033025,경상남도 의령군 대의면 다사리,19880423,,3,
4872033026,경상남도 의령군 대의면 마쌍리,19880423,,3,
4872033027,경상남도 의령군 대의면 추산리,19880423,,3,
4872033028,경상남도 의령군 대의면 심지리,19880423,,3,
4872033029,경상남도 의령군 대의면 천곡리,19880423,,3,
4872034000,화정면,19880423,,2,4872000000
4872034021,경상남도 의령군 화정면 가수리,19880423,,3,
4872034022,경상남도 의령군 화정면 덕교리,19880423,,3,
4872034023,경상남도 의령군 화정면 석천리,19880423,,3,
4872034024,경상남도 의령군 화정면 상정리,19880423,,3,
4872034025,경상남도 의령군 화정면 상일리,19880423,,3,
4872034026,경상남도 의령군 화정면 상이리,19880423,,3,
4872034027,경상남도 의령군 화정면 화양리,19880423,,3,
4872035000,용덕면,19880423,,2,4872000000
4872035021,경상남도 의령군 용덕면 이목리,19880423,,3,
4872035022,경상남도 의령군 용덕면 가미리,19880423,,3,
4872035023,경상남도 의령군 용덕면 와요리,19880423,,3,
4872035024,경상남도 의령군 용덕면 가락리,19880423,,3,
4872035025,경상남도 의령군 용덕면 죽전리,19880423,,3,
4872035026,경상남도 의령군 용덕면 신촌리,19880423,,3,
4872035027,경상남도 의령군 용덕면 교암리,19880423,,3,
4872035028,경상남도 의령군 용덕면 소상리,19880423,,3,
4872035029,경상남도 의령군 용덕면 정동리,19880423,,3,
4872035030,경상남도 의령군 용덕면 운곡리,19880423,,3,
4872035031,경상남도 의령군 용덕면 연리,19880423,,3,
4872035032,경상남도 의령군 용덕면 용소리,19880423,,3,
4872036000,정곡면,19880423,,2,4872000000
4872036021,경상남도 의령군 정곡면 중교리,19880423,,3,
4872036022,경상남도 의령군 정곡면 죽전리,19880423,,3,
4872036023,경상남도 의령군 정곡면 석곡리,19880423,,3,
4872036024,경상남도 의령군 정곡면 오방리,19880423,,3,
4872036025,경상남도 의령군 정곡면 상촌리,19880423,,3,
4872036026,경상남도 의령군 정곡면 성황리,19880423,,3,
4872036027,경상남도 의령군 정곡면 예둔리,19880423,,3,
4872036028,경상남도 의령군 정곡면 가현리,19880423,,3,
4872036029,경상남도 의령군 정곡면 백곡리,19880423,,3,
4872036030,경상남도 의령군 정곡면 적곡리,19880423,,3,
4872037000,지정면,19880423,,2,4872000000
4872037021,경상남도 의령군 지정면 봉곡리,19880423,,3,
4872037022,경상남도 의령군 지정면 오천리,19880423,,3,
4872037023,경상남도 의령군 지정면 두곡리,19880423,,3,
4872037024,경상남도 의령군 지정면 성산리,19880423,,3,
4872037025,경상남도 의령군 지정면 유곡리,19880423,,3,
4872037026,경상남도 의령군 지정면 태부리,19880423,,3,
4872037027,경상남도 의령군 지정면 득소리,19880423,,3,
4872037028,경상남도 의령군 지정면 백야리,19880423,,3,
4872037029,경상남도 의령군 지정면 성당리,19880423,,3,
4872037030,경상남도 의령군 지정면 마산리,19880423,,3,
4872038000,낙서면,19880423,,2,4872000000
4872038021,경상남도 의령군 낙서면 전화리,19880423,,3,
4872038022,경상남도 의령군 낙서면 율산리,19880423,,3,
4872038023,경상남도 의령군 낙서면 정곡리,19880423,,3,
4872038024,경상남도 의령군 낙서면 여의리,19880423,,3,
4872038025,경상남도 의령군 낙서면 내제리,19880423,,3,
4872038026,경상남도 의령군 낙서면 아근리,19880423,,3,
4872039000,부림면,19880423,,2,4872000000
4872039021,경상남도 의령군 부림면 신반리,19880423,,3,
4872039022,경상남도 의령군 부림면 막곡리,19880423,,3,
4872039023,경상남도 의령군 부림면 입산리,19880423,,3,
4872039024,경상남도 의령군 부림면 경산리,19880423,,3,
4872039025,경상남도 의령군 부림면 손오리,19880423,,3,
4872039026,경상남도 의령군 부림면 단원리,19880423,,3,
4872039027,경상남도 의령군 부림면 대곡리,19880423,,3,
4872039028,경상남도 의령군 부림면 여배리,19880423,,3,
4872039029,경상남도 의령군 부림면 익구리,19880423,,3,
4872039030,경상남도 의령군 부림면 감암리,19880423,,3,
4872039031,경상남도 의령군 부림면 권혜리,19880423,,3,
4872039032,경상남도 의령군 부림면 묵방리,19880423,,3,
4872040000,봉수면,19880423,,2,4872000000
4872040021,경상남도 의령군 봉수면 청계리,19880423,,3,
4872040022,경상남도 의령군 봉수면 서암리,19880423,,3,
4872040023,경상남도 의령군 봉수면 신현리,19880423,,3,
4872040024,경상남도 의령군 봉수면 죽전리,19880423,,3,
4872040025,경상남도 의령군 봉수면 삼가리,19880423,,3,
4872040026,경상남도 의령군 봉수면 서득리,19880423,,3,
4872040027,경상남도 의령군 봉수면 천락리,19880423,,3,
4872041500,궁류면,20030716,,2,4872000000
4872041521,경상남도 의령군 궁류면 평촌리,20030716,,3,
4872041522,경상남도 의령군 궁류면 벽계리,20030716,,3,
4872041523,경상남도 의령군 궁류면 운계리,20030716,,3,
4872041524,경상남도 의령군 궁류면 압곡리,20030716,,3,
4872041525,경상남도 의령군 궁류면 토곡리,20030716,,3,
4872041526,경상남도 의령군 궁류면 계현리,20030716,,3,
4872041527,경상남도 의령군 궁류면 다현리,20030716,,3,
4872042000,유곡면,19880423,,2,4872000000
4872042021,경상남도 의령군 유곡면 상촌리,19880423,,3,
4872042022,경상남도 의령군 유곡면 상곡리,19880423,,3,
4872042023,경상남도 의령군 유곡면 오목리,19880423,,3,
4872042024,경상남도 의령군 유곡면 신촌리,19880423,,3,
4872042025,경상남도 의령군 유곡면 송산리,19880423,,3,
4872042026,경상남도 의령군 유곡면 마두리,19880423,,3,
4872042027,경상남도 의령군 유곡면 칠곡리,19880423,,3,
4872042028,경상남도 의령군 유곡면 마장리,19880423,,3,
4872042029,경상남도 의령군 유곡면 당동리,19880423,,3,
4872042030,경상남도 의령군 유곡면 덕천리,19880423,,3,
4872042031,경상남도 의령군 유곡면 세간리,19880423,,3,
4873000000,함안군,19880423,,1,4800000000
4873025000,가야읍,19880423,,2,4873000000
4873025021,경상남도 함안군 가야읍 말산리,19880423,,3,
4873025022,경상남도 함안군 가야읍 검암리,19880423,,3,
4873025023,경상남도 함안군 가야읍 광정리,19880423,,3,
4873025024,경상남도 함안군 가야읍 도항리,19880423,,3,
4873025025,경상남도 함안군 가야읍 신음리,19880423,,3,
4873025026,경상남도 함안군 가야읍 혈곡리,19880423,,3,
4873025027,경상남도 함안군 가야읍 춘곡리,19880423,,3,
4873025028,경상남도 함안군 가야읍 사내리,19880423,,3,
4873025029,경상남도 함안군 가야읍 가야리,19880423,,3,
4873025030,경상남도 함안군 가야읍 묘사리,19880423,,3,
4873025031,경상남도 함안군 가야읍 산서리,19880423,,3,
4873025300,칠원읍,20150101,,2,4873000000
4873025321,경상남도 함안군 칠원읍 구성리,20150101,,3,
4873025322,경상남도 함안군 칠원읍 용산리,20150101,,3,
4873025323,경상남도 함안군 칠원읍 유원리,20150101,,3,
4873025324,경상남도 함안군 칠원읍 장암리,20150101,,3,
4873025325,경상남도 함안군 칠원읍 오곡리,20150101,,3,
4873025326,경상남도 함안군 칠원읍 예곡리,20150101,,3,
4873025327,경상남도 함안군 칠원읍 용정리,20150101,,3,
4873025328,경상남도 함안군 칠원읍 무기리,20150101,,3,
4873025329,경상남도 함안군 칠원읍 운서리,20150101,,3,
4873025330,경상남도 함안군 칠원읍 운곡리,20150101,,3,
4873031000,함안면,19880423,,2,4873000000
4873031021,경상남도 함안군 함안면 봉성리,19881001,,3,
4873031022,경상남도 함안군 함안면 북촌리,19881001,,3,
4873031023,경상남도 함안군 함안면 괴산리,19880423,,3,
4873031024,경상남도 함안군 함안면 대산리,19880423,,3,
4873031025,경상남도 함안군 함안면 강명리,19880423,,3,
4873031026,경상남도 함안군 함안면 파수리,19880423,,3,
4873032000,군북면,19880423,,2,4873000000
4873032021,경상남도 함안군 군북면 덕대리,19880423,,3,
4873032022,경상남도 함안군 군북면 중암리,19880423,,3,
4873032023,경상남도 함안군 군북면 소포리,19880423,,3,
4873032024,경상남도 함안군 군북면 동촌리,19880423,,3,
4873032025,경상남도 함안군 군북면 사촌리,19880423,,3,
4873032026,경상남도 함안군 군북면 오곡리,19880423,,3,
4873032027,경상남도 함안군 군북면 명관리,19880423,,3,
4873032028,경상남도 함안군 군북면 모로리,19880423,,3,
4873032029,경상남도 함안군 군북면 사도리,19880423,,3,
4873032030,경상남도 함안군 군북면 장지리,19880423,,3,
4873032031,경상남도 함안군 군북면 유현리,19880423,,3,
4873032032,경상남도 함안군 군북면 월촌리,19880423,,3,
4873032033,경상남도 함안군 군북면 박곡리,19880423,,3,
4873032034,경상남도 함안군 군북면 수곡리,19880423,,3,
4873032035,경상남도 함안군 군북면 영운리,19880423,,3,
4873032036,경상남도 함안군 군북면 하림리,19880423,,3,
4873032037,경상남도 함안군 군북면 원북리,19880423,,3,
4873033000,법수면,19880423,,2,4873000000
4873033021,경상남도 함안군 법수면 강주리,19880423,,3,
4873033022,경상남도 함안군 법수면 우거리,19880423,,3,
4873033023,경상남도 함안군 법수면 윤내리,19880423,,3,
4873033024,경상남도 함안군 법수면 윤외리,19880423,,3,
4873033025,경상남도 함안군 법수면 주물리,19880423,,3,
4873033026,경상남도 함안군 법수면 대송리,19880423,,3,
4873033027,경상남도 함안군 법수면 백산리,19880423,,3,
4873033028,경상남도 함안군 법수면 사정리,19880423,,3,
4873033029,경상남도 함안군 법수면 황사리,19880423,,3,
4873034000,대산면,19880423,,2,4873000000
4873034021,경상남도 함안군 대산면 부목리,19880423,,3,
4873034022,경상남도 함안군 대산면 대사리,19880423,,3,
4873034023,경상남도 함안군 대산면 평림리,19880423,,3,
4873034024,경상남도 함안군 대산면 옥렬리,19880423,,3,
4873034025,경상남도 함안군 대산면 하기리,19880423,,3,
4873034026,경상남도 함안군 대산면 서촌리,19880423,,3,
4873034027,경상남도 함안군 대산면 구혜리,19880423,,3,
4873034028,경상남도 함안군 대산면 장암리,19880423,,3,
4873035000,칠서면,19880423,,2,4873000000
4873035021,경상남도 함안군 칠서면 회산리,19880423,,3,
4873035022,경상남도 함안군 칠서면 무릉리,19880423,,3,
4873035023,경상남도 함안군 칠서면 구포리,19880423,,3,
4873035025,경상남도 함안군 칠서면 태곡리,19880423,,3,
4873035026,경상남도 함안군 칠서면 대치리,19880423,,3,
4873035027,경상남도 함안군 칠서면 계내리,19880423,,3,
4873035028,경상남도 함안군 칠서면 용성리,19880423,,3,
4873035029,경상남도 함안군 칠서면 이룡리,19880423,,3,
4873035030,경상남도 함안군 칠서면 청계리,20070426,,3,
4873036000,칠북면,19880423,,2,4873000000
4873036021,경상남도 함안군 칠북면 화천리,19880423,,3,
4873036022,경상남도 함안군 칠북면 덕남리,19880423,,3,
4873036023,경상남도 함안군 칠북면 이령리,19880423,,3,
4873036024,경상남도 함안군 칠북면 봉촌리,19880423,,3,
4873036025,경상남도 함안군 칠북면 검단리,19880423,,3,
4873036026,경상남도 함안군 칠북면 가연리,19880423,,3,
4873036027,경상남도 함안군 칠북면 영동리,19880423,,3,
4873038000,산인면,19880423,,2,4873000000
4873038021,경상남도 함안군 산인면 입곡리,19880423,,3,
4873038022,경상남도 함안군 산인면 신산리,19880423,,3,
4873038023,경상남도 함안군 산인면 모곡리,19880423,,3,
4873038024,경상남도 함안군 산인면 송정리,19880423,,3,
4873038025,경상남도 함안군 산인면 내인리,19880423,,3,
4873038026,경상남도 함안군 산인면 부봉리,19880423,,3,
4873038027,경상남도 함안군 산인면 운곡리,19880423,,3,
4873039000,여항면,19880423,,2,4873000000
4873039021,경상남도 함안군 여항면 외암리,19880423,,3,
4873039022,경상남도 함안군 여항면 내곡리,19880423,,3,
4873039023,경상남도 함안군 여항면 주서리,19880423,,3,
4873039024,경상남도 함안군 여항면 주동리,19880423,,3,
4874000000,창녕군,19880423,,1,4800000000
4874025000,창녕읍,19880423,,2,4874000000
4874025021,경상남도 창녕군 창녕읍 송현리,19881001,,3,
4874025022,경상남도 창녕군 창녕읍 교리,19881001,,3,
4874025023,경상남도 창녕군 창녕읍 말흘리,19880423,,3,
4874025024,경상남도 창녕군 창녕읍 교상리,19881001,,3,
4874025025,경상남도 창녕군 창녕읍 술정리,19880423,,3,
4874025026,경상남도 창녕군 창녕읍 직교리,19880423,,3,
4874025027,경상남도 창녕군 창녕읍 조산리,19880423,,3,
4874025028,경상남도 창녕군 창녕읍 도야리,19880423,,3,
4874025029,경상남도 창녕군 창녕읍 하리,19880423,,3,
4874025030,경상남도 창녕군 창녕읍 퇴천리,19880423,,3,
4874025031,경상남도 창녕군 창녕읍 탐하리,19880423,,3,
4874025032,경상남도 창녕군 창녕읍 신촌리,19880423,,3,
4874025033,경상남도 창녕군 창녕읍 용석리,19880423,,3,
4874025034,경상남도 창녕군 창녕읍 외부리,19880423,,3,
4874025035,경상남도 창녕군 창녕읍 옥천리,19880423,,3,
4874025036,경상남도 창녕군 창녕읍 여초리,19880423,,3,
4874025037,경상남도 창녕군 창녕읍 교하리,19880423,,3,
4874025300,남지읍,19880423,,2,4874000000
4874025321,경상남도 창녕군 남지읍 남지리,19880423,,3,
4874025322,경상남도 창녕군 남지읍 마산리,19880423,,3,
4874025323,경상남도 창녕군 남지읍 학계리,19880423,,3,
4874025324,경상남도 창녕군 남지읍 용산리,19880423,,3,
4874025325,경상남도 창녕군 남지읍 신전리,19880423,,3,
4874025326,경상남도 창녕군 남지읍 성사리,19880423,,3,
4874025327,경상남도 창녕군 남지읍 아지리,19880423,,3,
4874025328,경상남도 창녕군 남지읍 고곡리,19880423,,3,
4874025329,경상남도 창녕군 남지읍 수개리,19880423,,3,
4874025330,경상남도 창녕군 남지읍 시남리,19880423,,3,
4874025331,경상남도 창녕군 남지읍 칠현리,19880423,,3,
4874025332,경상남도 창녕군 남지읍 반포리,19880423,,3,
4874025333,경상남도 창녕군 남지읍 대곡리,19880423,,3,
4874025334,경상남도 창녕군 남지읍 월하리,19880423,,3,
4874031000,고암면,19880423,,2,4874000000
4874031021,경상남도 창녕군 고암면 중대리,19880423,,3,
4874031022,경상남도 창녕군 고암면 억만리,19880423,,3,
4874031023,경상남도 창녕군 고암면 원촌리,19880423,,3,
4874031024,경상남도 창녕군 고암면 대암리,19880423,,3,
4874031025,경상남도 창녕군 고암면 간상리,19880423,,3,
4874031026,경상남도 창녕군 고암면 우천리,19880423,,3,
4874031027,경상남도 창녕군 고암면 계상리,19880423,,3,
4874031028,경상남도 창녕군 고암면 감리,19880423,,3,
4874032000,성산면,19880423,,2,4874000000
4874032021,경상남도 창녕군 성산면 냉천리,19880423,,3,
4874032022,경상남도 창녕군 성산면 정녕리,19880423,,3,
4874032023,경상남도 창녕군 성산면 대견리,19880423,,3,
4874032024,경상남도 창녕군 성산면 후천리,19880423,,3,
4874032025,경상남도 창녕군 성산면 대산리,19880423,,3,
4874032026,경상남도 창녕군 성산면 연당리,19880423,,3,
4874032027,경상남도 창녕군 성산면 운봉리,19880423,,3,
4874032028,경상남도 창녕군 성산면 방리,19880423,,3,
4874032029,경상남도 창녕군 성산면 가복리,19880423,,3,
4874033000,대합면,19880423,,2,4874000000
4874033021,경상남도 창녕군 대합면 십이리,19880423,,3,
4874033022,경상남도 창녕군 대합면 등지리,19880423,,3,
4874033023,경상남도 창녕군 대합면 장기리,19880423,,3,
4874033024,경상남도 창녕군 대합면 모전리,19880423,,3,
4874033025,경상남도 창녕군 대합면 소야리,19880423,,3,
4874033026,경상남도 창녕군 대합면 주매리,19880423,,3,
4874033027,경상남도 창녕군 대합면 퇴산리,19880423,,3,
4874033028,경상남도 창녕군 대합면 신당리,19880423,,3,
4874033029,경상남도 창녕군 대합면 평지리,19880423,,3,
4874033030,경상남도 창녕군 대합면 도개리,19880423,,3,
4874033031,경상남도 창녕군 대합면 내울리,19880423,,3,
4874033032,경상남도 창녕군 대합면 목단리,19880423,,3,
4874033033,경상남도 창녕군 대합면 이방리,19880423,,3,
4874033034,경상남도 창녕군 대합면 대곡리,19880423,,3,
4874033035,경상남도 창녕군 대합면 대동리,19880423,,3,
4874033036,경상남도 창녕군 대합면 합리,19880423,,3,
4874034000,이방면,19880423,,2,4874000000
4874034021,경상남도 창녕군 이방면 안리,19880423,,3,
4874034022,경상남도 창녕군 이방면 동산리,19880423,,3,
4874034023,경상남도 창녕군 이방면 석리,19880423,,3,
4874034024,경상남도 창녕군 이방면 현창리,19880423,,3,
4874034025,경상남도 창녕군 이방면 성산리,19880423,,3,
4874034026,경상남도 창녕군 이방면 상리,19880423,,3,
4874034027,경상남도 창녕군 이방면 모곡리,19880423,,3,
4874034028,경상남도 창녕군 이방면 옥천리,19880423,,3,
4874034029,경상남도 창녕군 이방면 초곡리,19880423,,3,
4874034030,경상남도 창녕군 이방면 거남리,19880423,,3,
4874034031,경상남도 창녕군 이방면 송곡리,19880423,,3,
4874034032,경상남도 창녕군 이방면 장천리,19880423,,3,
4874034033,경상남도 창녕군 이방면 등림리,19880423,,3,
4874035000,유어면,19880423,,2,4874000000
4874035021,경상남도 창녕군 유어면 부곡리,19880423,,3,
4874035022,경상남도 창녕군 유어면 미구리,19880423,,3,
4874035023,경상남도 창녕군 유어면 가항리,19880423,,3,
4874035024,경상남도 창녕군 유어면 세진리,19880423,,3,
4874035025,경상남도 창녕군 유어면 대대리,19880423,,3,
4874035026,경상남도 창녕군 유어면 선소리,19880423,,3,
4874035027,경상남도 창녕군 유어면 진창리,19880423,,3,
4874035028,경상남도 창녕군 유어면 광산리,19880423,,3,
4874035029,경상남도 창녕군 유어면 풍조리,19880423,,3,
4874036000,대지면,19880423,,2,4874000000
4874036021,경상남도 창녕군 대지면 모산리,19880423,,3,
4874036022,경상남도 창녕군 대지면 왕산리,19880423,,3,
4874036023,경상남도 창녕군 대지면 석리,19880423,,3,
4874036024,경상남도 창녕군 대지면 창산리,19880423,,3,
4874036025,경상남도 창녕군 대지면 효정리,19880423,,3,
4874036026,경상남도 창녕군 대지면 본초리,19880423,,3,
4874036027,경상남도 창녕군 대지면 구미리,19880423,,3,
4874036028,경상남도 창녕군 대지면 용소리,19880423,,3,
4874037000,계성면,19880423,,2,4874000000
4874037021,경상남도 창녕군 계성면 명리,19880423,,3,
4874037022,경상남도 창녕군 계성면 사리,19880423,,3,
4874037023,경상남도 창녕군 계성면 신당리,19880423,,3,
4874037024,경상남도 창녕군 계성면 계성리,19880423,,3,
4874037025,경상남도 창녕군 계성면 광계리,19880423,,3,
4874037026,경상남도 창녕군 계성면 봉산리,19880423,,3,
4874038000,영산면,19880423,,2,4874000000
4874038021,경상남도 창녕군 영산면 서리,19880423,,3,
4874038022,경상남도 창녕군 영산면 구계리,19880423,,3,
4874038023,경상남도 창녕군 영산면 교리,19880423,,3,
4874038024,경상남도 창녕군 영산면 성내리,19880423,,3,
4874038025,경상남도 창녕군 영산면 동리,19880423,,3,
4874038026,경상남도 창녕군 영산면 죽사리,19880423,,3,
4874038027,경상남도 창녕군 영산면 신제리,19880423,,3,
4874038028,경상남도 창녕군 영산면 월령리,19880423,,3,
4874038029,경상남도 창녕군 영산면 봉암리,19880423,,3,
4874039000,장마면,19880423,,2,4874000000
4874039021,경상남도 창녕군 장마면 강리,19880423,,3,
4874039022,경상남도 창녕군 장마면 유리,19880423,,3,
4874039023,경상남도 창녕군 장마면 장가리,19880423,,3,
4874039024,경상남도 창녕군 장마면 초곡리,19880423,,3,
4874039025,경상남도 창녕군 장마면 산지리,19880423,,3,
4874039026,경상남도 창녕군 장마면 신구리,19880423,,3,
4874039027,경상남도 창녕군 장마면 동정리,19880423,,3,
4874039028,경상남도 창녕군 장마면 대봉리,19880423,,3,
4874040000,도천면,19880423,,2,4874000000
4874040021,경상남도 창녕군 도천면 도천리,19880423,,3,
4874040022,경상남도 창녕군 도천면 일리,19880423,,3,
4874040023,경상남도 창녕군 도천면 덕곡리,19880423,,3,
4874040024,경상남도 창녕군 도천면 예리,19880423,,3,
4874040025,경상남도 창녕군 도천면 어만리,19880423,,3,
4874040026,경상남도 창녕군 도천면 논리,19880423,,3,
4874040027,경상남도 창녕군 도천면 우강리,19880423,,3,
4874040028,경상남도 창녕군 도천면 송진리,19880423,,3,
4874041000,길곡면,19880423,,2,4874000000
4874041021,경상남도 창녕군 길곡면 증산리,19880423,,3,
4874041022,경상남도 창녕군 길곡면 오호리,19880423,,3,
4874041023,경상남도 창녕군 길곡면 길곡리,19880423,,3,
4874041024,경상남도 창녕군 길곡면 마천리,19880423,,3,
4874042000,부곡면,19880423,,2,4874000000
4874042021,경상남도 창녕군 부곡면 부곡리,19880423,,3,
4874042022,경상남도 창녕군 부곡면 거문리,19880423,,3,
4874042023,경상남도 창녕군 부곡면 사창리,19880423,,3,
4874042024,경상남도 창녕군 부곡면 온정리,19880423,,3,
4874042025,경상남도 창녕군 부곡면 청암리,19880423,,3,
4874042026,경상남도 창녕군 부곡면 노리,19880423,,3,
4874042027,경상남도 창녕군 부곡면 학포리,19880423,,3,
4874042028,경상남도 창녕군 부곡면 구산리,19880423,,3,
4874042029,경상남도 창녕군 부곡면 비봉리,19880423,,3,
4874042030,경상남도 창녕군 부곡면 수다리,19880423,,3,
4882000000,고성군,19880423,,1,4800000000
4882025000,고성읍,19880423,,2,4882000000
4882025021,경상남도 고성군 고성읍 성내리,19881001,,3,
4882025022,경상남도 고성군 고성읍 서외리,19881001,,3,
4882025023,경상남도 고성군 고성읍 수남리,19881001,,3,
4882025024,경상남도 고성군 고성읍 동외리,19881001,,3,
4882025025,경상남도 고성군 고성읍 송학리,19881001,,3,
4882025026,경상남도 고성군 고성읍 기월리,19880423,,3,
4882025027,경상남도 고성군 고성읍 교사리,19880423,,3,
4882025028,경상남도 고성군 고성읍 무량리,19880423,,3,
4882025029,경상남도 고성군 고성읍 덕선리,19880423,,3,
4882025030,경상남도 고성군 고성읍 대평리,19880423,,3,
4882025031,경상남도 고성군 고성읍 우산리,19880423,,3,
4882025032,경상남도 고성군 고성읍 죽계리,19880423,,3,
4882025033,경상남도 고성군 고성읍 율대리,19880423,,3,
4882025034,경상남도 고성군 고성읍 월평리,19880423,,3,
4882025035,경상남도 고성군 고성읍 신월리,19880423,,3,
4882025036,경상남도 고성군 고성읍 이당리,19880423,,3,
4882025037,경상남도 고성군 고성읍 대독리,19880423,,3,
4882031000,삼산면,19880423,,2,4882000000
4882031021,경상남도 고성군 삼산면 병산리,19880423,,3,
4882031022,경상남도 고성군 삼산면 두포리,19880423,,3,
4882031023,경상남도 고성군 삼산면 미룡리,19880423,,3,
4882031024,경상남도 고성군 삼산면 삼봉리,19880423,,3,
4882031025,경상남도 고성군 삼산면 장치리,19880423,,3,
4882031026,경상남도 고성군 삼산면 판곡리,19880423,,3,
4882032000,하일면,19880423,,2,4882000000
4882032021,경상남도 고성군 하일면 학림리,19880423,,3,
4882032022,경상남도 고성군 하일면 수양리,19880423,,3,
4882032023,경상남도 고성군 하일면 용태리,19880423,,3,
4882032024,경상남도 고성군 하일면 송천리,19880423,,3,
4882032025,경상남도 고성군 하일면 오방리,19880423,,3,
4882032026,경상남도 고성군 하일면 춘암리,19880423,,3,
4882032027,경상남도 고성군 하일면 동화리,19880423,,3,
4882033000,하이면,19880423,,2,4882000000
4882033021,경상남도 고성군 하이면 덕호리,19880423,,3,
4882033022,경상남도 고성군 하이면 덕명리,19880423,,3,
4882033023,경상남도 고성군 하이면 월흥리,19880423,,3,
4882033024,경상남도 고성군 하이면 사곡리,19880423,,3,
4882033025,경상남도 고성군 하이면 석지리,19880423,,3,
4882033026,경상남도 고성군 하이면 와룡리,19880423,,3,
4882033027,경상남도 고성군 하이면 봉현리,19880423,,3,
4882033028,경상남도 고성군 하이면 봉원리,19880423,,3,
4882034000,상리면,19880423,,2,4882000000
4882034021,경상남도 고성군 상리면 척번정리,19880423,,3,
4882034022,경상남도 고성군 상리면 고봉리,19880423,,3,
4882034023,경상남도 고성군 상리면 신촌리,19880423,,3,
4882034024,경상남도 고성군 상리면 오산리,19880423,,3,
4882034025,경상남도 고성군 상리면 동산리,19880423,,3,
4882034026,경상남도 고성군 상리면 망림리,19880423,,3,
4882034027,경상남도 고성군 상리면 무선리,19880423,,3,
4882034028,경상남도 고성군 상리면 자은리,19880423,,3,
4882034029,경상남도 고성군 상리면 부포리,19880423,,3,
4882035000,대가면,19880423,,2,4882000000
4882035021,경상남도 고성군 대가면 척정리,19880423,,3,
4882035022,경상남도 고성군 대가면 금산리,19880423,,3,
4882035023,경상남도 고성군 대가면 암전리,19880423,,3,
4882035024,경상남도 고성군 대가면 유흥리,19880423,,3,
4882035025,경상남도 고성군 대가면 양화리,19880423,,3,
4882035026,경상남도 고성군 대가면 연지리,19880423,,3,
4882035027,경상남도 고성군 대가면 송계리,19880423,,3,
4882035028,경상남도 고성군 대가면 갈천리,19880423,,3,
4882035029,경상남도 고성군 대가면 신전리,19880423,,3,
4882036000,영현면,19880423,,2,4882000000
4882036021,경상남도 고성군 영현면 침점리,19880423,,3,
4882036022,경상남도 고성군 영현면 추계리,19880423,,3,
4882036023,경상남도 고성군 영현면 봉발리,19880423,,3,
4882036024,경상남도 고성군 영현면 대법리,19880423,,3,
4882036025,경상남도 고성군 영현면 영부리,19880423,,3,
4882036026,경상남도 고성군 영현면 봉림리,19880423,,3,
4882036027,경상남도 고성군 영현면 신분리,19880423,,3,
4882036028,경상남도 고성군 영현면 연화리,19880423,,3,
4882037000,영오면,19880423,,2,4882000000
4882037021,경상남도 고성군 영오면 영대리,19880423,,3,
4882037022,경상남도 고성군 영오면 오서리,19880423,,3,
4882037023,경상남도 고성군 영오면 오동리,19880423,,3,
4882037024,경상남도 고성군 영오면 영산리,19880423,,3,
4882037025,경상남도 고성군 영오면 성곡리,19880423,,3,
4882037026,경상남도 고성군 영오면 연당리,19880423,,3,
4882037027,경상남도 고성군 영오면 양산리,19880423,,3,
4882038000,개천면,19880423,,2,4882000000
4882038021,경상남도 고성군 개천면 청광리,19880423,,3,
4882038022,경상남도 고성군 개천면 나선리,19880423,,3,
4882038023,경상남도 고성군 개천면 가천리,19880423,,3,
4882038024,경상남도 고성군 개천면 봉치리,19880423,,3,
4882038025,경상남도 고성군 개천면 용안리,19880423,,3,
4882038026,경상남도 고성군 개천면 북평리,19880423,,3,
4882038027,경상남도 고성군 개천면 명성리,19880423,,3,
4882038028,경상남도 고성군 개천면 예성리,19880423,,3,
4882038029,경상남도 고성군 개천면 좌연리,19880423,,3,
4882039000,구만면,19880423,,2,4882000000
4882039021,경상남도 고성군 구만면 효락리,19880423,,3,
4882039022,경상남도 고성군 구만면 주평리,19880423,,3,
4882039023,경상남도 고성군 구만면 화림리,19880423,,3,
4882039024,경상남도 고성군 구만면 저연리,19880423,,3,
4882039025,경상남도 고성군 구만면 용와리,19880423,,3,
4882039026,경상남도 고성군 구만면 광덕리,19880423,,3,
4882040000,회화면,19880423,,2,4882000000
4882040021,경상남도 고성군 회화면 배둔리,19880423,,3,
4882040022,경상남도 고성군 회화면 당항리,19880423,,3,
4882040023,경상남도 고성군 회화면 봉동리,19880423,,3,
4882040024,경상남도 고성군 회화면 어신리,19880423,,3,
4882040025,경상남도 고성군 회화면 삼덕리,19880423,,3,
4882040026,경상남도 고성군 회화면 녹명리,19880423,,3,
4882041000,마암면,19880423,,2,4882000000
4882041021,경상남도 고성군 마암면 두호리,19880423,,3,
4882041022,경상남도 고성군 마암면 삼락리,19880423,,3,
4882041023,경상남도 고성군 마암면 보전리,19880423,,3,
4882041024,경상남도 고성군 마암면 화산리,19880423,,3,
4882041025,경상남도 고성군 마암면 도전리,19880423,,3,
4882041026,경상남도 고성군 마암면 장산리,19880423,,3,
4882041027,경상남도 고성군 마암면 성전리,19880423,,3,
4882041028,경상남도 고성군 마암면 신리,19880423,,3,
4882041029,경상남도 고성군 마암면 석마리,19880423,,3,
4882042000,동해면,19880423,,2,4882000000
4882042021,경상남도 고성군 동해면 장기리,19880423,,3,
4882042022,경상남도 고성군 동해면 양촌리,19880423,,3,
4882042023,경상남도 고성군 동해면 외산리,19880423,,3,
4882042024,경상남도 고성군 동해면 내산리,19880423,,3,
4882042025,경상남도 고성군 동해면 용정리,19880423,,3,
4882042026,경상남도 고성군 동해면 장좌리,19880423,,3,
4882042027,경상남도 고성군 동해면 봉암리,19880423,,3,
4882042028,경상남도 고성군 동해면 외곡리,19880423,,3,
4882042029,경상남도 고성군 동해면 내곡리,19880423,,3,
4882043000,거류면,19880423,,2,4882000000
4882043021,경상남도 고성군 거류면 당동리,19880423,,3,
4882043022,경상남도 고성군 거류면 신용리,19880423,,3,
4882043023,경상남도 고성군 거류면 화당리,19880423,,3,
4882043024,경상남도 고성군 거류면 거산리,19880423,,3,
4882043025,경상남도 고성군 거류면 가려리,19880423,,3,
4882043026,경상남도 고성군 거류면 송산리,19880423,,3,
4882043027,경상남도 고성군 거류면 은월리,19880423,,3,
4882043028,경상남도 고성군 거류면 용산리,19880423,,3,
4882043029,경상남도 고성군 거류면 감서리,19880423,,3,
4884000000,남해군,19880423,,1,4800000000
4884025000,남해읍,19880423,,2,4884000000
4884025021,경상남도 남해군 남해읍 북변리,19881001,,3,
4884025022,경상남도 남해군 남해읍 서변리,19881001,,3,
4884025023,경상남도 남해군 남해읍 남변리,19881001,,3,
4884025024,경상남도 남해군 남해읍 차산리,19880423,,3,
4884025025,경상남도 남해군 남해읍 선소리,19880423,,3,
4884025026,경상남도 남해군 남해읍 심천리,19880423,,3,
4884025027,경상남도 남해군 남해읍 아산리,19880423,,3,
4884025028,경상남도 남해군 남해읍 평현리,19880423,,3,
4884025029,경상남도 남해군 남해읍 평리,19880423,,3,
4884025030,경상남도 남해군 남해읍 입현리,19880423,,3,
4884031000,이동면,19880423,,2,4884000000
4884031021,경상남도 남해군 이동면 다정리,19880423,,3,
4884031022,경상남도 남해군 이동면 초음리,19880423,,3,
4884031023,경상남도 남해군 이동면 석평리,19880423,,3,
4884031024,경상남도 남해군 이동면 무림리,19880423,,3,
4884031025,경상남도 남해군 이동면 신전리,19880423,,3,
4884031026,경상남도 남해군 이동면 화계리,19880423,,3,
4884031027,경상남도 남해군 이동면 용소리,19880423,,3,
4884031028,경상남도 남해군 이동면 난음리,19880423,,3,
4884032000,상주면,19880423,,2,4884000000
4884032021,경상남도 남해군 상주면 양아리,19880423,,3,
4884032022,경상남도 남해군 상주면 상주리,19880423,,3,
4884033000,삼동면,19880423,,2,4884000000
4884033021,경상남도 남해군 삼동면 영지리,19880423,,3,
4884033022,경상남도 남해군 삼동면 지족리,19880423,,3,
4884033023,경상남도 남해군 삼동면 금송리,19880423,,3,
4884033024,경상남도 남해군 삼동면 동천리,19880423,,3,
4884033025,경상남도 남해군 삼동면 봉화리,19880423,,3,
4884033026,경상남도 남해군 삼동면 물건리,19880423,,3,
4884034000,미조면,19880423,,2,4884000000
4884034021,경상남도 남해군 미조면 송정리,19880423,,3,
4884034022,경상남도 남해군 미조면 미조리,19880423,,3,
4884035000,남면,19880423,,2,4884000000
4884035021,경상남도 남해군 남면 당항리,19880423,,3,
4884035022,경상남도 남해군 남면 석교리,19880423,,3,
4884035023,경상남도 남해군 남면 홍현리,19880423,,3,
4884035024,경상남도 남해군 남면 선구리,19880423,,3,
4884035025,경상남도 남해군 남면 임포리,19880423,,3,
4884035026,경상남도 남해군 남면 평산리,19880423,,3,
4884035027,경상남도 남해군 남면 덕월리,19880423,,3,
4884035028,경상남도 남해군 남면 상가리,19880423,,3,
4884035029,경상남도 남해군 남면 죽전리,19880423,,3,
4884036000,서면,19880423,,2,4884000000
4884036021,경상남도 남해군 서면 연죽리,19880423,,3,
4884036022,경상남도 남해군 서면 대정리,19880423,,3,
4884036023,경상남도 남해군 서면 서호리,19880423,,3,
4884036024,경상남도 남해군 서면 서상리,19880423,,3,
4884036025,경상남도 남해군 서면 작장리,19880423,,3,
4884036026,경상남도 남해군 서면 남상리,19880423,,3,
4884036027,경상남도 남해군 서면 노구리,19880423,,3,
4884036028,경상남도 남해군 서면 중현리,19880423,,3,
4884036029,경상남도 남해군 서면 정포리,19880423,,3,
4884037000,고현면,19880423,,2,4884000000
4884037021,경상남도 남해군 고현면 이어리,19880423,,3,
4884037022,경상남도 남해군 고현면 대곡리,19880423,,3,
4884037023,경상남도 남해군 고현면 도마리,19880423,,3,
4884037024,경상남도 남해군 고현면 오곡리,19880423,,3,
4884037025,경상남도 남해군 고현면 포상리,19880423,,3,
4884037026,경상남도 남해군 고현면 남치리,19880423,,3,
4884037027,경상남도 남해군 고현면 대사리,19880423,,3,
4884037028,경상남도 남해군 고현면 차면리,19880423,,3,
4884037029,경상남도 남해군 고현면 갈화리,19880423,,3,
4884038000,설천면,19880423,,2,4884000000
4884038021,경상남도 남해군 설천면 비란리,19880423,,3,
4884038022,경상남도 남해군 설천면 진목리,19880423,,3,
4884038023,경상남도 남해군 설천면 문항리,19880423,,3,
4884038024,경상남도 남해군 설천면 금음리,19880423,,3,
4884038025,경상남도 남해군 설천면 남양리,19880423,,3,
4884038026,경상남도 남해군 설천면 문의리,19880423,,3,
4884038027,경상남도 남해군 설천면 노량리,19880423,,3,
4884038028,경상남도 남해군 설천면 덕신리,19880423,,3,
4884039000,창선면,19880423,,2,4884000000
4884039021,경상남도 남해군 창선면 상신리,19880423,,3,
4884039022,경상남도 남해군 창선면 동대리,19880423,,3,
4884039023,경상남도 남해군 창선면 당항리,19880423,,3,
4884039024,경상남도 남해군 창선면 대벽리,19880423,,3,
4884039025,경상남도 남해군 창선면 율도리,19880423,,3,
4884039026,경상남도 남해군 창선면 서대리,19880423,,3,
4884039027,경상남도 남해군 창선면 광천리,19880423,,3,
4884039028,경상남도 남해군 창선면 지족리,19880423,,3,
4884039029,경상남도 남해군 창선면 옥천리,19880423,,3,
4884039030,경상남도 남해군 창선면 당저리,19880423,,3,
4884039031,경상남도 남해군 창선면 상죽리,19880423,,3,
4884039032,경상남도 남해군 창선면 수산리,19880423,,3,
4884039033,경상남도 남해군 창선면 부윤리,19880423,,3,
4884039034,경상남도 남해군 창선면 오용리,19880423,,3,
4884039035,경상남도 남해군 창선면 가인리,19880423,,3,
4884039036,경상남도 남해군 창선면 진동리,19880423,,3,
4885000000,하동군,19880423,,1,4800000000
4885025000,하동읍,19880423,,2,4885000000
4885025021,경상남도 하동군 하동읍 읍내리,19881001,,3,
4885025022,경상남도 하동군 하동읍 광평리,19880423,,3,
4885025023,경상남도 하동군 하동읍 비파리,19880423,,3,
4885025024,경상남도 하동군 하동읍 신기리,19880423,,3,
4885025025,경상남도 하동군 하동읍 목도리,19880423,,3,
4885025026,경상남도 하동군 하동읍 흥룡리,19880423,,3,
4885025027,경상남도 하동군 하동읍 화심리,19880423,,3,
4885025028,경상남도 하동군 하동읍 두곡리,19880423,,3,
4885031000,화개면,19880423,,2,4885000000
4885031021,경상남도 하동군 화개면 부춘리,19880423,,3,
4885031022,경상남도 하동군 화개면 덕은리,19880423,,3,
4885031023,경상남도 하동군 화개면 탑리,19880423,,3,
4885031024,경상남도 하동군 화개면 삼신리,19880423,,3,
4885031025,경상남도 하동군 화개면 정금리,19880423,,3,
4885031026,경상남도 하동군 화개면 운수리,19880423,,3,
4885031027,경상남도 하동군 화개면 용강리,19880423,,3,
4885031028,경상남도 하동군 화개면 범왕리,19880423,,3,
4885031029,경상남도 하동군 화개면 대성리,19880423,,3,
4885032000,악양면,19880423,,2,4885000000
4885032021,경상남도 하동군 악양면 미점리,19880423,,3,
4885032022,경상남도 하동군 악양면 축지리,19880423,,3,
4885032023,경상남도 하동군 악양면 신대리,19880423,,3,
4885032024,경상남도 하동군 악양면 신성리,19880423,,3,
4885032025,경상남도 하동군 악양면 신흥리,19880423,,3,
4885032026,경상남도 하동군 악양면 중대리,19880423,,3,
4885032027,경상남도 하동군 악양면 동매리,19880423,,3,
4885032028,경상남도 하동군 악양면 등촌리,19880423,,3,
4885032029,경상남도 하동군 악양면 매계리,19880423,,3,
4885032030,경상남도 하동군 악양면 정동리,19880423,,3,
4885032031,경상남도 하동군 악양면 정서리,19880423,,3,
4885032032,경상남도 하동군 악양면 입석리,19880423,,3,
4885032033,경상남도 하동군 악양면 봉대리,19880423,,3,
4885032034,경상남도 하동군 악양면 평사리,19880423,,3,
4885033000,적량면,19880423,,2,4885000000
4885033021,경상남도 하동군 적량면 관리,19880423,,3,
4885033022,경상남도 하동군 적량면 우계리,19880423,,3,
4885033023,경상남도 하동군 적량면 동리,19880423,,3,
4885033024,경상남도 하동군 적량면 서리,19880423,,3,
4885033025,경상남도 하동군 적량면 동산리,19880423,,3,
4885033026,경상남도 하동군 적량면 고절리,19880423,,3,
4885034000,횡천면,19880423,,2,4885000000
4885034021,경상남도 하동군 횡천면 전대리,19880423,,3,
4885034022,경상남도 하동군 횡천면 애치리,19880423,,3,
4885034023,경상남도 하동군 횡천면 여의리,19880423,,3,
4885034024,경상남도 하동군 횡천면 횡천리,19880423,,3,
4885034025,경상남도 하동군 횡천면 월평리,19880423,,3,
4885034026,경상남도 하동군 횡천면 남산리,19880423,,3,
4885034027,경상남도 하동군 횡천면 학리,19880423,,3,
4885035000,고전면,19880423,,2,4885000000
4885035021,경상남도 하동군 고전면 범아리,19880423,,3,
4885035022,경상남도 하동군 고전면 성천리,19880423,,3,
4885035023,경상남도 하동군 고전면 신월리,19880423,,3,
4885035024,경상남도 하동군 고전면 전도리,19880423,,3,
4885035025,경상남도 하동군 고전면 대덕리,19880423,,3,
4885035026,경상남도 하동군 고전면 고하리,19880423,,3,
4885035027,경상남도 하동군 고전면 성평리,19880423,,3,
4885035028,경상남도 하동군 고전면 명교리,19880423,,3,
4885036000,금남면,19880423,,2,4885000000
4885036022,경상남도 하동군 금남면 중평리,19880423,,3,
4885036023,경상남도 하동군 금남면 대치리,19880423,,3,
4885036024,경상남도 하동군 금남면 노량리,19880423,,3,
4885036025,경상남도 하동군 금남면 송문리,19880423,,3,
4885036026,경상남도 하동군 금남면 대송리,19880423,,3,
4885036027,경상남도 하동군 금남면 덕천리,19880423,,3,
4885036028,경상남도 하동군 금남면 진정리,19880423,,3,
4885036030,경상남도 하동군 금남면 계천리,19880423,,3,
4885036034,경상남도 하동군 금남면 대도리,19880423,,3,
4885037000,진교면,19880423,,2,4885000000
4885037021,경상남도 하동군 진교면 진교리,19880423,,3,
4885037022,경상남도 하동군 진교면 백련리,19880423,,3,
4885037023,경상남도 하동군 진교면 안심리,19880423,,3,
4885037024,경상남도 하동군 진교면 고룡리,19880423,,3,
4885037025,경상남도 하동군 진교면 양포리,19880423,,3,
4885037026,경상남도 하동군 진교면 관곡리,19880423,,3,
4885037027,경상남도 하동군 진교면 월운리,19880423,,3,
4885037028,경상남도 하동군 진교면 송원리,19880423,,3,
4885037029,경상남도 하동군 진교면 고이리,19880423,,3,
4885037030,경상남도 하동군 진교면 술상리,19890101,,3,
4885038000,양보면,19880423,,2,4885000000
4885038021,경상남도 하동군 양보면 운암리,19880423,,3,
4885038022,경상남도 하동군 양보면 장암리,19880423,,3,
4885038023,경상남도 하동군 양보면 감당리,19880423,,3,
4885038024,경상남도 하동군 양보면 우복리,19880423,,3,
4885038025,경상남도 하동군 양보면 통정리,19880423,,3,
4885038026,경상남도 하동군 양보면 박달리,19880423,,3,
4885038027,경상남도 하동군 양보면 지례리,19880423,,3,
4885039000,북천면,19880423,,2,4885000000
4885039021,경상남도 하동군 북천면 방화리,19880423,,3,
4885039022,경상남도 하동군 북천면 사평리,19880423,,3,
4885039023,경상남도 하동군 북천면 직전리,19880423,,3,
4885039024,경상남도 하동군 북천면 옥정리,19880423,,3,
4885039025,경상남도 하동군 북천면 서황리,19880423,,3,
4885039026,경상남도 하동군 북천면 화정리,19880423,,3,
4885040000,청암면,19880423,,2,4885000000
4885040021,경상남도 하동군 청암면 평촌리,19880423,,3,
4885040022,경상남도 하동군 청암면 명호리,19880423,,3,
4885040023,경상남도 하동군 청암면 중이리,19880423,,3,
4885040024,경상남도 하동군 청암면 상이리,19880423,,3,
4885040025,경상남도 하동군 청암면 묵계리,19880423,,3,
4885041000,옥종면,19880423,,2,4885000000
4885041021,경상남도 하동군 옥종면 청룡리,19880423,,3,
4885041022,경상남도 하동군 옥종면 월횡리,19880423,,3,
4885041023,경상남도 하동군 옥종면 두양리,19880423,,3,
4885041024,경상남도 하동군 옥종면 종화리,19880423,,3,
4885041025,경상남도 하동군 옥종면 문암리,19880423,,3,
4885041026,경상남도 하동군 옥종면 안계리,19880423,,3,
4885041027,경상남도 하동군 옥종면 병천리,19880423,,3,
4885041028,경상남도 하동군 옥종면 법대리,19880423,,3,
4885041029,경상남도 하동군 옥종면 대곡리,19880423,,3,
4885041030,경상남도 하동군 옥종면 북방리,19880423,,3,
4885041031,경상남도 하동군 옥종면 정수리,19880423,,3,
4885041032,경상남도 하동군 옥종면 양구리,19880423,,3,
4885041033,경상남도 하동군 옥종면 궁항리,20030101,,3,
4885041034,경상남도 하동군 옥종면 위태리,20030101,,3,
4885041035,경상남도 하동군 옥종면 회신리,20030101,,3,
4885042000,금성면,19890401,,2,4885000000
4885042021,경상남도 하동군 금성면 가덕리,19890401,,3,
4885042022,경상남도 하동군 금성면 궁항리,19890401,,3,
4885042023,경상남도 하동군 금성면 고포리,19890401,,3,
4885042024,경상남도 하동군 금성면 갈사리,19890401,,3,
4886000000,산청군,19880423,,1,4800000000
4886025000,산청읍,19880423,,2,4886000000
4886025021,경상남도 산청군 산청읍 산청리,20010217,,3,
4886025022,경상남도 산청군 산청읍 옥산리,20010217,,3,
4886025023,경상남도 산청군 산청읍 지리,19880423,,3,
4886025024,경상남도 산청군 산청읍 모고리,19880423,,3,
4886025025,경상남도 산청군 산청읍 송경리,19880423,,3,
4886025026,경상남도 산청군 산청읍 차탄리,19880423,,3,
4886025027,경상남도 산청군 산청읍 부리,19880423,,3,
4886025028,경상남도 산청군 산청읍 병정리,19880423,,3,
4886025029,경상남도 산청군 산청읍 내수리,19880423,,3,
4886025030,경상남도 산청군 산청읍 정곡리,19880423,,3,
4886025031,경상남도 산청군 산청읍 척지리,19880423,,3,
4886025032,경상남도 산청군 산청읍 범학리,19880423,,3,
4886025033,경상남도 산청군 산청읍 묵곡리,19880423,,3,
4886025034,경상남도 산청군 산청읍 내리,19880423,,3,
4886031000,차황면,19880423,,2,4886000000
4886031021,경상남도 산청군 차황면 장위리,19880423,,3,
4886031022,경상남도 산청군 차황면 양곡리,19880423,,3,
4886031023,경상남도 산청군 차황면 상중리,19880423,,3,
4886031024,경상남도 산청군 차황면 실매리,19880423,,3,
4886031025,경상남도 산청군 차황면 장박리,19880423,,3,
4886031026,경상남도 산청군 차황면 법평리,19880423,,3,
4886031027,경상남도 산청군 차황면 신기리,19880423,,3,
4886031028,경상남도 산청군 차황면 부리,19880423,,3,
4886031029,경상남도 산청군 차황면 우사리,19880423,,3,
4886031030,경상남도 산청군 차황면 철수리,19880423,,3,
4886031031,경상남도 산청군 차황면 상법리,19880423,,3,
4886032000,오부면,19880423,,2,4886000000
4886032021,경상남도 산청군 오부면 양촌리,19880423,,3,
4886032022,경상남도 산청군 오부면 방곡리,19880423,,3,
4886032023,경상남도 산청군 오부면 내곡리,19880423,,3,
4886032024,경상남도 산청군 오부면 일물리,19880423,,3,
4886032025,경상남도 산청군 오부면 오전리,19880423,,3,
4886032026,경상남도 산청군 오부면 중촌리,19880423,,3,
4886032027,경상남도 산청군 오부면 왕촌리,19880423,,3,
4886032028,경상남도 산청군 오부면 대현리,19880423,,3,
4886033000,생초면,19880423,,2,4886000000
4886033021,경상남도 산청군 생초면 어서리,19880423,,3,
4886033022,경상남도 산청군 생초면 노은리,19880423,,3,
4886033023,경상남도 산청군 생초면 구평리,19880423,,3,
4886033024,경상남도 산청군 생초면 향양리,19880423,,3,
4886033025,경상남도 산청군 생초면 월곡리,19880423,,3,
4886033026,경상남도 산청군 생초면 신연리,19880423,,3,
4886033027,경상남도 산청군 생초면 대포리,19880423,,3,
4886033028,경상남도 산청군 생초면 갈전리,19880423,,3,
4886033029,경상남도 산청군 생초면 평촌리,19880423,,3,
4886033030,경상남도 산청군 생초면 하촌리,19880423,,3,
4886033031,경상남도 산청군 생초면 상촌리,19880423,,3,
4886033032,경상남도 산청군 생초면 계남리,19880423,,3,
4886034000,금서면,19880423,,2,4886000000
4886034021,경상남도 산청군 금서면 매촌리,19880423,,3,
4886034022,경상남도 산청군 금서면 평촌리,19880423,,3,
4886034023,경상남도 산청군 금서면 향양리,19880423,,3,
4886034024,경상남도 산청군 금서면 수철리,19880423,,3,
4886034025,경상남도 산청군 금서면 지막리,19880423,,3,
4886034026,경상남도 산청군 금서면 특리,19880423,,3,
4886034027,경상남도 산청군 금서면 신아리,19880423,,3,
4886034028,경상남도 산청군 금서면 주상리,19880423,,3,
4886034029,경상남도 산청군 금서면 화계리,19880423,,3,
4886034030,경상남도 산청군 금서면 자혜리,19880423,,3,
4886034031,경상남도 산청군 금서면 방곡리,19880423,,3,
4886034032,경상남도 산청군 금서면 오봉리,19880423,,3,
4886035000,삼장면,19880423,,2,4886000000
4886035021,경상남도 산청군 삼장면 석남리,19880423,,3,
4886035022,경상남도 산청군 삼장면 홍계리,19880423,,3,
4886035023,경상남도 산청군 삼장면 평촌리,19880423,,3,
4886035024,경상남도 산청군 삼장면 유평리,19880423,,3,
4886035025,경상남도 산청군 삼장면 덕교리,19880423,,3,
4886035026,경상남도 산청군 삼장면 대포리,19880423,,3,
4886035027,경상남도 산청군 삼장면 내원리,19880423,,3,
4886035028,경상남도 산청군 삼장면 대하리,19880423,,3,
4886036000,시천면,19880423,,2,4886000000
4886036021,경상남도 산청군 시천면 중산리,19880423,,3,
4886036022,경상남도 산청군 시천면 사리,19880423,,3,
4886036023,경상남도 산청군 시천면 내대리,19880423,,3,
4886036024,경상남도 산청군 시천면 외공리,19880423,,3,
4886036025,경상남도 산청군 시천면 반천리,19880423,,3,
4886036026,경상남도 산청군 시천면 원리,19880423,,3,
4886036027,경상남도 산청군 시천면 내공리,19880423,,3,
4886036028,경상남도 산청군 시천면 천평리,19880423,,3,
4886036029,경상남도 산청군 시천면 동당리,19880423,,3,
4886036030,경상남도 산청군 시천면 신천리,19880423,,3,
4886036031,경상남도 산청군 시천면 중태리,19880423,,3,
4886037000,단성면,19880423,,2,4886000000
4886037021,경상남도 산청군 단성면 성내리,19880423,,3,
4886037022,경상남도 산청군 단성면 강누리,19880423,,3,
4886037023,경상남도 산청군 단성면 방목리,19880423,,3,
4886037024,경상남도 산청군 단성면 청계리,19880423,,3,
4886037025,경상남도 산청군 단성면 운리,19880423,,3,
4886037026,경상남도 산청군 단성면 입석리,19880423,,3,
4886037027,경상남도 산청군 단성면 길리,19880423,,3,
4886037028,경상남도 산청군 단성면 남사리,19880423,,3,
4886037029,경상남도 산청군 단성면 사월리,19880423,,3,
4886037030,경상남도 산청군 단성면 묵곡리,19880423,,3,
4886037031,경상남도 산청군 단성면 소남리,19880423,,3,
4886037032,경상남도 산청군 단성면 관정리,19880423,,3,
4886037033,경상남도 산청군 단성면 호리,19880423,,3,
4886037034,경상남도 산청군 단성면 당산리,19880423,,3,
4886037035,경상남도 산청군 단성면 창촌리,19880423,,3,
4886037036,경상남도 산청군 단성면 백운리,19880423,,3,
4886037037,경상남도 산청군 단성면 자양리,19880423,,3,
4886038000,신안면,19880423,,2,4886000000
4886038021,경상남도 산청군 신안면 하정리,19880423,,3,
4886038022,경상남도 산청군 신안면 신기리,19880423,,3,
4886038023,경상남도 산청군 신안면 청현리,19880423,,3,
4886038024,경상남도 산청군 신안면 문대리,19880423,,3,
4886038025,경상남도 산청군 신안면 장죽리,19880423,,3,
4886038026,경상남도 산청군 신안면 소이리,19880423,,3,
4886038027,경상남도 산청군 신안면 외고리,19880423,,3,
4886038028,경상남도 산청군 신안면 갈전리,19880423,,3,
4886038029,경상남도 산청군 신안면 안봉리,19880423,,3,
4886038030,경상남도 산청군 신안면 외송리,19880423,,3,
4886038031,경상남도 산청군 신안면 신안리,19880423,,3,
4886038032,경상남도 산청군 신안면 중촌리,19880423,,3,
4886039000,생비량면,19880423,,2,4886000000
4886039021,경상남도 산청군 생비량면 도전리,19880423,,3,
4886039022,경상남도 산청군 생비량면 도리,19880423,,3,
4886039023,경상남도 산청군 생비량면 화현리,19880423,,3,
4886039024,경상남도 산청군 생비량면 가계리,19880423,,3,
4886039025,경상남도 산청군 생비량면 제보리,19880423,,3,
4886040000,신등면,19880423,,2,4886000000
4886040021,경상남도 산청군 신등면 단계리,19880423,,3,
4886040022,경상남도 산청군 신등면 양전리,19880423,,3,
4886040023,경상남도 산청군 신등면 가술리,19880423,,3,
4886040024,경상남도 산청군 신등면 간공리,19880423,,3,
4886040025,경상남도 산청군 신등면 사정리,19880423,,3,
4886040026,경상남도 산청군 신등면 평지리,19880423,,3,
4886040027,경상남도 산청군 신등면 율현리,19880423,,3,
4886040028,경상남도 산청군 신등면 모례리,19880423,,3,
4886040029,경상남도 산청군 신등면 장천리,19880423,,3,
4887000000,함양군,19880423,,1,4800000000
4887025000,함양읍,19880423,,2,4887000000
4887025021,경상남도 함양군 함양읍 운림리,19881001,,3,
4887025022,경상남도 함양군 함양읍 용평리,19881001,,3,
4887025023,경상남도 함양군 함양읍 대덕리,19880423,,3,
4887025024,경상남도 함양군 함양읍 교산리,19880423,,3,
4887025025,경상남도 함양군 함양읍 신천리,19880423,,3,
4887025026,경상남도 함양군 함양읍 신관리,19880423,,3,
4887025027,경상남도 함양군 함양읍 백천리,19880423,,3,
4887025028,경상남도 함양군 함양읍 백연리,19880423,,3,
4887025029,경상남도 함양군 함양읍 이은리,19880423,,3,
4887025030,경상남도 함양군 함양읍 난평리,19880423,,3,
4887025031,경상남도 함양군 함양읍 삼산리,19880423,,3,
4887025032,경상남도 함양군 함양읍 죽곡리,19880423,,3,
4887025033,경상남도 함양군 함양읍 웅곡리,19880423,,3,
4887025034,경상남도 함양군 함양읍 구룡리,19880423,,3,
4887025035,경상남도 함양군 함양읍 죽림리,19880423,,3,
4887031000,마천면,19880423,,2,4887000000
4887031021,경상남도 함양군 마천면 가흥리,19880423,,3,
4887031022,경상남도 함양군 마천면 군자리,19880423,,3,
4887031023,경상남도 함양군 마천면 덕전리,19880423,,3,
4887031024,경상남도 함양군 마천면 삼정리,19880423,,3,
4887031025,경상남도 함양군 마천면 강청리,19880423,,3,
4887031026,경상남도 함양군 마천면 추성리,19880423,,3,
4887031027,경상남도 함양군 마천면 의탄리,19880423,,3,
4887031028,경상남도 함양군 마천면 창원리,19880423,,3,
4887031029,경상남도 함양군 마천면 구양리,19880423,,3,
4887032000,휴천면,19880423,,2,4887000000
4887032021,경상남도 함양군 휴천면 월평리,19880423,,3,
4887032022,경상남도 함양군 휴천면 금반리,19880423,,3,
4887032023,경상남도 함양군 휴천면 태관리,19880423,,3,
4887032024,경상남도 함양군 휴천면 목현리,19880423,,3,
4887032025,경상남도 함양군 휴천면 호산리,19880423,,3,
4887032026,경상남도 함양군 휴천면 대천리,19880423,,3,
4887032027,경상남도 함양군 휴천면 남호리,19880423,,3,
4887032028,경상남도 함양군 휴천면 동강리,19880423,,3,
4887032029,경상남도 함양군 휴천면 운서리,19880423,,3,
4887032030,경상남도 함양군 휴천면 송전리,19880423,,3,
4887032031,경상남도 함양군 휴천면 문정리,19880423,,3,
4887033000,유림면,19880423,,2,4887000000
4887033021,경상남도 함양군 유림면 손곡리,19880423,,3,
4887033022,경상남도 함양군 유림면 유평리,19880423,,3,
4887033023,경상남도 함양군 유림면 서주리,19880423,,3,
4887033024,경상남도 함양군 유림면 화촌리,19880423,,3,
4887033025,경상남도 함양군 유림면 장항리,19880423,,3,
4887033026,경상남도 함양군 유림면 국계리,19880423,,3,
4887033027,경상남도 함양군 유림면 대궁리,19880423,,3,
4887033028,경상남도 함양군 유림면 웅평리,19880423,,3,
4887033029,경상남도 함양군 유림면 옥매리,19880423,,3,
4887034000,수동면,19880423,,2,4887000000
4887034021,경상남도 함양군 수동면 화산리,19880423,,3,
4887034022,경상남도 함양군 수동면 죽산리,19880423,,3,
4887034023,경상남도 함양군 수동면 하교리,19880423,,3,
4887034024,경상남도 함양군 수동면 도북리,19880423,,3,
4887034025,경상남도 함양군 수동면 상백리,19880423,,3,
4887034026,경상남도 함양군 수동면 내백리,19880423,,3,
4887034027,경상남도 함양군 수동면 우명리,19880423,,3,
4887034028,경상남도 함양군 수동면 원평리,19880423,,3,
4887035000,지곡면,19880423,,2,4887000000
4887035021,경상남도 함양군 지곡면 개평리,19880423,,3,
4887035022,경상남도 함양군 지곡면 평촌리,19880423,,3,
4887035023,경상남도 함양군 지곡면 덕암리,19880423,,3,
4887035024,경상남도 함양군 지곡면 마산리,19880423,,3,
4887035025,경상남도 함양군 지곡면 시목리,19880423,,3,
4887035026,경상남도 함양군 지곡면 남효리,19880423,,3,
4887035027,경상남도 함양군 지곡면 창평리,19880423,,3,
4887035028,경상남도 함양군 지곡면 도촌리,19880423,,3,
4887035029,경상남도 함양군 지곡면 공배리,19880423,,3,
4887035030,경상남도 함양군 지곡면 보산리,19880423,,3,
4887036000,안의면,19880423,,2,4887000000
4887036021,경상남도 함양군 안의면 금천리,19880423,,3,
4887036022,경상남도 함양군 안의면 당본리,19880423,,3,
4887036023,경상남도 함양군 안의면 이전리,19880423,,3,
4887036024,경상남도 함양군 안의면 석천리,19880423,,3,
4887036025,경상남도 함양군 안의면 황곡리,19880423,,3,
4887036026,경상남도 함양군 안의면 도림리,19880423,,3,
4887036027,경상남도 함양군 안의면 초동리,19880423,,3,
4887036028,경상남도 함양군 안의면 봉산리,19880423,,3,
4887036029,경상남도 함양군 안의면 귀곡리,19880423,,3,
4887036030,경상남도 함양군 안의면 대대리,19880423,,3,
4887036031,경상남도 함양군 안의면 신안리,19880423,,3,
4887036032,경상남도 함양군 안의면 하원리,19880423,,3,
4887036033,경상남도 함양군 안의면 상원리,19880423,,3,
4887036034,경상남도 함양군 안의면 교북리,19880423,,3,
4887036035,경상남도 함양군 안의면 월림리,19880423,,3,
4887037000,서하면,19880423,,2,4887000000
4887037021,경상남도 함양군 서하면 송계리,19880423,,3,
4887037022,경상남도 함양군 서하면 운곡리,19880423,,3,
4887037023,경상남도 함양군 서하면 다곡리,19880423,,3,
4887037024,경상남도 함양군 서하면 황산리,19880423,,3,
4887037025,경상남도 함양군 서하면 봉전리,19880423,,3,
4887038000,서상면,19880423,,2,4887000000
4887038021,경상남도 함양군 서상면 대남리,19880423,,3,
4887038022,경상남도 함양군 서상면 도천리,19880423,,3,
4887038023,경상남도 함양군 서상면 옥산리,19880423,,3,
4887038024,경상남도 함양군 서상면 금당리,19880423,,3,
4887038025,경상남도 함양군 서상면 중남리,19880423,,3,
4887038026,경상남도 함양군 서상면 상남리,19880423,,3,
4887039000,백전면,19880423,,2,4887000000
4887039021,경상남도 함양군 백전면 평정리,19880423,,3,
4887039022,경상남도 함양군 백전면 양백리,19880423,,3,
4887039023,경상남도 함양군 백전면 백운리,19880423,,3,
4887039024,경상남도 함양군 백전면 운산리,19880423,,3,
4887039025,경상남도 함양군 백전면 대안리,19880423,,3,
4887039026,경상남도 함양군 백전면 구산리,19880423,,3,
4887039027,경상남도 함양군 백전면 오천리,19880423,,3,
4887039028,경상남도 함양군 백전면 경백리,19880423,,3,
4887040000,병곡면,19880423,,2,4887000000
4887040021,경상남도 함양군 병곡면 옥계리,19880423,,3,
4887040022,경상남도 함양군 병곡면 연덕리,19880423,,3,
4887040023,경상남도 함양군 병곡면 송평리,19880423,,3,
4887040024,경상남도 함양군 병곡면 도천리,19880423,,3,
4887040025,경상남도 함양군 병곡면 월암리,19880423,,3,
4887040026,경상남도 함양군 병곡면 광평리,19880423,,3,
4887040027,경상남도 함양군 병곡면 원산리,19880423,,3,
4888000000,거창군,19880423,,1,4800000000
4888025000,거창읍,19880423,,2,4888000000
4888025021,경상남도 거창군 거창읍 상림리,19881001,,3,
4888025022,경상남도 거창군 거창읍 중앙리,19881001,,3,
4888025023,경상남도 거창군 거창읍 대동리,19881001,,3,
4888025024,경상남도 거창군 거창읍 대평리,19881001,,3,
4888025025,경상남도 거창군 거창읍 김천리,19881001,,3,
4888025026,경상남도 거창군 거창읍 송정리,19880423,,3,
4888025027,경상남도 거창군 거창읍 장팔리,19880423,,3,
4888025028,경상남도 거창군 거창읍 정장리,19880423,,3,
4888025029,경상남도 거창군 거창읍 동변리,19880423,,3,
4888025030,경상남도 거창군 거창읍 서변리,19880423,,3,
4888025031,경상남도 거창군 거창읍 가지리,19880423,,3,
4888025032,경상남도 거창군 거창읍 양평리,19880423,,3,
4888025033,경상남도 거창군 거창읍 학리,19880423,,3,
4888031000,주상면,19880423,,2,4888000000
4888031021,경상남도 거창군 주상면 성기리,19880423,,3,
4888031022,경상남도 거창군 주상면 남산리,19880423,,3,
4888031023,경상남도 거창군 주상면 거기리,19880423,,3,
4888031024,경상남도 거창군 주상면 도평리,19880423,,3,
4888031025,경상남도 거창군 주상면 연교리,19880423,,3,
4888031026,경상남도 거창군 주상면 완대리,19880423,,3,
4888031027,경상남도 거창군 주상면 내오리,19880423,,3,
4888032000,웅양면,19880423,,2,4888000000
4888032021,경상남도 거창군 웅양면 신촌리,19880423,,3,
4888032022,경상남도 거창군 웅양면 한기리,19880423,,3,
4888032023,경상남도 거창군 웅양면 죽림리,19880423,,3,
4888032024,경상남도 거창군 웅양면 군암리,19880423,,3,
4888032025,경상남도 거창군 웅양면 동호리,19880423,,3,
4888032026,경상남도 거창군 웅양면 산포리,19880423,,3,
4888032027,경상남도 거창군 웅양면 노현리,19880423,,3,
4888033000,고제면,19880423,,2,4888000000
4888033021,경상남도 거창군 고제면 개명리,19880423,,3,
4888033022,경상남도 거창군 고제면 봉산리,19880423,,3,
4888033023,경상남도 거창군 고제면 봉계리,19880423,,3,
4888033024,경상남도 거창군 고제면 농산리,19880423,,3,
4888033025,경상남도 거창군 고제면 궁항리,19880423,,3,
4888034000,북상면,19880423,,2,4888000000
4888034021,경상남도 거창군 북상면 병곡리,19880423,,3,
4888034022,경상남도 거창군 북상면 갈계리,19880423,,3,
4888034023,경상남도 거창군 북상면 농산리,19880423,,3,
4888034024,경상남도 거창군 북상면 월성리,19880423,,3,
4888034025,경상남도 거창군 북상면 소정리,19880423,,3,
4888034026,경상남도 거창군 북상면 산수리,19880423,,3,
4888034027,경상남도 거창군 북상면 창선리,19880423,,3,
4888035000,위천면,19880423,,2,4888000000
4888035021,경상남도 거창군 위천면 장기리,19880423,,3,
4888035022,경상남도 거창군 위천면 남산리,19880423,,3,
4888035023,경상남도 거창군 위천면 상천리,19880423,,3,
4888035024,경상남도 거창군 위천면 당산리,19880423,,3,
4888035025,경상남도 거창군 위천면 강천리,19880423,,3,
4888035026,경상남도 거창군 위천면 모동리,19880423,,3,
4888035028,경상남도 거창군 위천면 황산리,19950818,,3,
4888036000,마리면,19880423,,2,4888000000
4888036021,경상남도 거창군 마리면 말흘리,19880423,,3,
4888036022,경상남도 거창군 마리면 영승리,19880423,,3,
4888036023,경상남도 거창군 마리면 고학리,19880423,,3,
4888036024,경상남도 거창군 마리면 율리,19880423,,3,
4888036025,경상남도 거창군 마리면 대동리,19880423,,3,
4888036026,경상남도 거창군 마리면 하고리,19880423,,3,
4888036027,경상남도 거창군 마리면 월계리,19880423,,3,
4888037000,남상면,19880423,,2,4888000000
4888037021,경상남도 거창군 남상면 무촌리,19880423,,3,
4888037022,경상남도 거창군 남상면 대산리,19880423,,3,
4888037023,경상남도 거창군 남상면 둔동리,19880423,,3,
4888037024,경상남도 거창군 남상면 월평리,19880423,,3,
4888037025,경상남도 거창군 남상면 송변리,19880423,,3,
4888037026,경상남도 거창군 남상면 전척리,19880423,,3,
4888037027,경상남도 거창군 남상면 오계리,19880423,,3,
4888037028,경상남도 거창군 남상면 임불리,19880423,,3,
4888037029,경상남도 거창군 남상면 춘전리,19880423,,3,
4888037030,경상남도 거창군 남상면 진목리,19880423,,3,
4888038000,남하면,19880423,,2,4888000000
4888038021,경상남도 거창군 남하면 무릉리,19880423,,3,
4888038022,경상남도 거창군 남하면 양항리,19880423,,3,
4888038023,경상남도 거창군 남하면 둔마리,19880423,,3,
4888038024,경상남도 거창군 남하면 지산리,19880423,,3,
4888038025,경상남도 거창군 남하면 대야리,19880423,,3,
4888039000,신원면,19880423,,2,4888000000
4888039021,경상남도 거창군 신원면 수원리,19880423,,3,
4888039022,경상남도 거창군 신원면 와룡리,19880423,,3,
4888039023,경상남도 거창군 신원면 청수리,19880423,,3,
4888039024,경상남도 거창군 신원면 대현리,19880423,,3,
4888039025,경상남도 거창군 신원면 구사리,19880423,,3,
4888039026,경상남도 거창군 신원면 과정리,19880423,,3,
4888039027,경상남도 거창군 신원면 양지리,19880423,,3,
4888039028,경상남도 거창군 신원면 덕산리,19880423,,3,
4888039029,경상남도 거창군 신원면 중유리,19880423,,3,
4888040000,가조면,19880423,,2,4888000000
4888040021,경상남도 거창군 가조면 대초리,19880423,,3,
4888040022,경상남도 거창군 가조면 기리,19880423,,3,
4888040023,경상남도 거창군 가조면 석강리,19880423,,3,
4888040024,경상남도 거창군 가조면 사병리,19880423,,3,
4888040025,경상남도 거창군 가조면 일부리,19880423,,3,
4888040026,경상남도 거창군 가조면 도리,19880423,,3,
4888040027,경상남도 거창군 가조면 장기리,19880423,,3,
4888040028,경상남도 거창군 가조면 마상리,19880423,,3,
4888040029,경상남도 거창군 가조면 수월리,19880423,,3,
4888040030,경상남도 거창군 가조면 동례리,19880423,,3,
4888041000,가북면,19880423,,2,4888000000
4888041021,경상남도 거창군 가북면 용산리,19880423,,3,
4888041022,경상남도 거창군 가북면 우혜리,19880423,,3,
4888041023,경상남도 거창군 가북면 중촌리,19880423,,3,
4888041024,경상남도 거창군 가북면 해평리,19880423,,3,
4888041025,경상남도 거창군 가북면 용암리,19880423,,3,
4888041026,경상남도 거창군 가북면 몽석리,19880423,,3,
4888041027,경상남도 거창군 가북면 박암리,19880423,,3,
4889000000,합천군,19880423,,1,4800000000
4889025000,합천읍,19880423,,2,4889000000
4889025021,경상남도 합천군 합천읍 합천리,19880423,,3,
4889025022,경상남도 합천군 합천읍 금양리,19880423,,3,
4889025023,경상남도 합천군 합천읍 영창리,19880423,,3,
4889025024,경상남도 합천군 합천읍 내곡리,19880423,,3,
4889025025,경상남도 합천군 합천읍 서산리,19880423,,3,
4889025026,경상남도 합천군 합천읍 용계리,19880423,,3,
4889025027,경상남도 합천군 합천읍 외곡리,19880423,,3,
4889025028,경상남도 합천군 합천읍 장계리,19880423,,3,
4889025029,경상남도 합천군 합천읍 인곡리,19880423,,3,
4889031000,봉산면,19880423,,2,4889000000
4889031021,경상남도 합천군 봉산면 압곡리,19880423,,3,
4889031022,경상남도 합천군 봉산면 권빈리,19880423,,3,
4889031023,경상남도 합천군 봉산면 상현리,19880423,,3,
4889031025,경상남도 합천군 봉산면 김봉리,19880423,,3,
4889031026,경상남도 합천군 봉산면 봉계리,19880423,,3,
4889031027,경상남도 합천군 봉산면 송림리,19880423,,3,
4889031028,경상남도 합천군 봉산면 계산리,19880423,,3,
4889031029,경상남도 합천군 봉산면 고삼리,19880423,,3,
4889031030,경상남도 합천군 봉산면 양지리,19880423,,3,
4889031031,경상남도 합천군 봉산면 노곡리,19880423,,3,
4889031032,경상남도 합천군 봉산면 술곡리,19880423,,3,
4889031033,경상남도 합천군 봉산면 도곡리,20141209,,3,
4889032000,묘산면,19880423,,2,4889000000
4889032021,경상남도 합천군 묘산면 반포리,19880423,,3,
4889032022,경상남도 합천군 묘산면 팔심리,19880423,,3,
4889032023,경상남도 합천군 묘산면 안성리,19880423,,3,
4889032025,경상남도 합천군 묘산면 관기리,19880423,,3,
4889032026,경상남도 합천군 묘산면 광산리,19880423,,3,
4889032027,경상남도 합천군 묘산면 도옥리,19880423,,3,
4889032028,경상남도 합천군 묘산면 산제리,19880423,,3,
4889032029,경상남도 합천군 묘산면 가산리,19880423,,3,
4889032030,경상남도 합천군 묘산면 화양리,19880423,,3,
4889032031,경상남도 합천군 묘산면 거산리,19880423,,3,
4889032032,경상남도 합천군 묘산면 봉곡리,20120725,,3,
4889033000,가야면,19880423,,2,4889000000
4889033021,경상남도 합천군 가야면 죽전리,19880423,,3,
4889033022,경상남도 합천군 가야면 대전리,19880423,,3,
4889033023,경상남도 합천군 가야면 가천리,19880423,,3,
4889033024,경상남도 합천군 가야면 구미리,19880423,,3,
4889033025,경상남도 합천군 가야면 성기리,19880423,,3,
4889033026,경상남도 합천군 가야면 매안리,19880423,,3,
4889033027,경상남도 합천군 가야면 매화리,19880423,,3,
4889033028,경상남도 합천군 가야면 청현리,19880423,,3,
4889033029,경상남도 합천군 가야면 이천리,19880423,,3,
4889033030,경상남도 합천군 가야면 사촌리,19880423,,3,
4889033031,경상남도 합천군 가야면 황산리,19880423,,3,
4889033032,경상남도 합천군 가야면 야천리,19880423,,3,
4889033033,경상남도 합천군 가야면 구원리,19880423,,3,
4889033034,경상남도 합천군 가야면 치인리,19880423,,3,
4889034000,야로면,19880423,,2,4889000000
4889034021,경상남도 합천군 야로면 덕암리,19880423,,3,
4889034022,경상남도 합천군 야로면 청계리,19880423,,3,
4889034023,경상남도 합천군 야로면 정대리,19880423,,3,
4889034024,경상남도 합천군 야로면 월광리,19880423,,3,
4889034025,경상남도 합천군 야로면 묵촌리,19880423,,3,
4889034026,경상남도 합천군 야로면 구정리,19880423,,3,
4889034027,경상남도 합천군 야로면 금평리,19880423,,3,
4889034028,경상남도 합천군 야로면 하빈리,19880423,,3,
4889034029,경상남도 합천군 야로면 매촌리,19880423,,3,
4889034030,경상남도 합천군 야로면 야로리,19880423,,3,
4889034031,경상남도 합천군 야로면 하림리,19880423,,3,
4889034032,경상남도 합천군 야로면 나대리,19880423,,3,
4889035000,율곡면,19880423,,2,4889000000
4889035021,경상남도 합천군 율곡면 기리,19880423,,3,
4889035022,경상남도 합천군 율곡면 내천리,19880423,,3,
4889035023,경상남도 합천군 율곡면 두사리,19880423,,3,
4889035024,경상남도 합천군 율곡면 갑산리,19880423,,3,
4889035025,경상남도 합천군 율곡면 낙민리,19880423,,3,
4889035026,경상남도 합천군 율곡면 노양리,19880423,,3,
4889035027,경상남도 합천군 율곡면 와리,19880423,,3,
4889035028,경상남도 합천군 율곡면 율진리,19880423,,3,
4889035029,경상남도 합천군 율곡면 항곡리,19880423,,3,
4889035030,경상남도 합천군 율곡면 문림리,19880423,,3,
4889035031,경상남도 합천군 율곡면 본천리,19880423,,3,
4889035032,경상남도 합천군 율곡면 영전리,19880423,,3,
4889035033,경상남도 합천군 율곡면 제내리,19880423,,3,
4889035034,경상남도 합천군 율곡면 임북리,19880423,,3,
4889036000,초계면,19880423,,2,4889000000
4889036021,경상남도 합천군 초계면 아막리,19880423,,3,
4889036022,경상남도 합천군 초계면 초계리,19880423,,3,
4889036023,경상남도 합천군 초계면 중리,19880423,,3,
4889036024,경상남도 합천군 초계면 대동리,19880423,,3,
4889036025,경상남도 합천군 초계면 상대리,19880423,,3,
4889036026,경상남도 합천군 초계면 택리,19880423,,3,
4889036027,경상남도 합천군 초계면 원당리,19880423,,3,
4889036028,경상남도 합천군 초계면 관평리,19880423,,3,
4889036029,경상남도 합천군 초계면 대평리,19880423,,3,
4889036030,경상남도 합천군 초계면 유하리,19880423,,3,
4889036031,경상남도 합천군 초계면 신촌리,19880423,,3,
4889037000,쌍책면,19880423,,2,4889000000
4889037021,경상남도 합천군 쌍책면 상신리,19880423,,3,
4889037022,경상남도 합천군 쌍책면 하신리,19880423,,3,
4889037023,경상남도 합천군 쌍책면 건태리,19880423,,3,
4889037024,경상남도 합천군 쌍책면 사양리,19880423,,3,
4889037025,경상남도 합천군 쌍책면 덕봉리,19880423,,3,
4889037026,경상남도 합천군 쌍책면 상포리,19880423,,3,
4889037027,경상남도 합천군 쌍책면 성산리,19880423,,3,
4889037028,경상남도 합천군 쌍책면 진정리,19880423,,3,
4889037029,경상남도 합천군 쌍책면 다라리,19880423,,3,
4889037030,경상남도 합천군 쌍책면 오서리,19880423,,3,
4889038000,덕곡면,19880423,,2,4889000000
4889038021,경상남도 합천군 덕곡면 포두리,19880423,,3,
4889038022,경상남도 합천군 덕곡면 장리,19880423,,3,
4889038023,경상남도 합천군 덕곡면 병배리,19880423,,3,
4889038024,경상남도 합천군 덕곡면 학리,19880423,,3,
4889038025,경상남도 합천군 덕곡면 율지리,19880423,,3,
4889038026,경상남도 합천군 덕곡면 율원리,19880423,,3,
4889038027,경상남도 합천군 덕곡면 본곡리,19880423,,3,
4889039000,청덕면,19880423,,2,4889000000
4889039022,경상남도 합천군 청덕면 적포리,19880423,,3,
4889039023,경상남도 합천군 청덕면 두곡리,19880423,,3,
4889039024,경상남도 합천군 청덕면 대부리,19880423,,3,
4889039025,경상남도 합천군 청덕면 앙진리,19880423,,3,
4889039026,경상남도 합천군 청덕면 모리,19880423,,3,
4889039027,경상남도 합천군 청덕면 미곡리,19880423,,3,
4889039028,경상남도 합천군 청덕면 성태리,19880423,,3,
4889039029,경상남도 합천군 청덕면 삼학리,19880423,,3,
4889039030,경상남도 합천군 청덕면 소례리,19880423,,3,
4889039031,경상남도 합천군 청덕면 운봉리,19880423,,3,
4889039032,경상남도 합천군 청덕면 초곡리,19880423,,3,
4889039033,경상남도 합천군 청덕면 가현리,19951207,,3,
4889040000,적중면,19880423,,2,4889000000
4889040021,경상남도 합천군 적중면 죽고리,19880423,,3,
4889040022,경상남도 합천군 적중면 황정리,19880423,,3,
4889040023,경상남도 합천군 적중면 정토리,19880423,,3,
4889040024,경상남도 합천군 적중면 옥두리,19880423,,3,
4889040026,경상남도 합천군 적중면 부수리,19880423,,3,
4889040027,경상남도 합천군 적중면 누하리,19880423,,3,
4889040028,경상남도 합천군 적중면 상부리,19880423,,3,
4889040029,경상남도 합천군 적중면 양림리,19880423,,3,
4889040030,경상남도 합천군 적중면 두방리,19951207,,3,
4889041000,대양면,19880423,,2,4889000000
4889041021,경상남도 합천군 대양면 정양리,19880423,,3,
4889041022,경상남도 합천군 대양면 아천리,19880423,,3,
4889041023,경상남도 합천군 대양면 대목리,19880423,,3,
4889041024,경상남도 합천군 대양면 무곡리,19880423,,3,
4889041025,경상남도 합천군 대양면 덕정리,19880423,,3,
4889041026,경상남도 합천군 대양면 도리,19880423,,3,
4889041027,경상남도 합천군 대양면 함지리,19880423,,3,
4889041028,경상남도 합천군 대양면 양산리,19880423,,3,
4889041029,경상남도 합천군 대양면 안금리,19880423,,3,
4889041030,경상남도 합천군 대양면 백암리,19880423,,3,
4889041031,경상남도 합천군 대양면 오산리,19880423,,3,
4889042000,쌍백면,19880423,,2,4889000000
4889042021,경상남도 합천군 쌍백면 대곡리,19880423,,3,
4889042022,경상남도 합천군 쌍백면 육리,19880423,,3,
4889042023,경상남도 합천군 쌍백면 평구리,19880423,,3,
4889042024,경상남도 합천군 쌍백면 평지리,19880423,,3,
4889042025,경상남도 합천군 쌍백면 안계리,19880423,,3,
4889042026,경상남도 합천군 쌍백면 대현리,19880423,,3,
4889042027,경상남도 합천군 쌍백면 외초리,19880423,,3,
4889042028,경상남도 합천군 쌍백면 장전리,19880423,,3,
4889042029,경상남도 합천군 쌍백면 운곡리,19880423,,3,
4889042030,경상남도 합천군 쌍백면 백역리,19880423,,3,
4889042031,경상남도 합천군 쌍백면 하신리,19880423,,3,
4889042032,경상남도 합천군 쌍백면 삼리,19880423,,3,
4889042033,경상남도 합천군 쌍백면 죽전리,19880423,,3,
4889043000,삼가면,19880423,,2,4889000000
4889043021,경상남도 합천군 삼가면 동리,19880423,,3,
4889043022,경상남도 합천군 삼가면 용흥리,19880423,,3,
4889043023,경상남도 합천군 삼가면 외토리,19880423,,3,
4889043024,경상남도 합천군 삼가면 일부리,19880423,,3,
4889043025,경상남도 합천군 삼가면 어전리,19880423,,3,
4889043026,경상남도 합천군 삼가면 양전리,19880423,,3,
4889043027,경상남도 합천군 삼가면 금리,19880423,,3,
4889043028,경상남도 합천군 삼가면 두모리,19880423,,3,
4889043029,경상남도 합천군 삼가면 소오리,19880423,,3,
4889043030,경상남도 합천군 삼가면 하판리,19880423,,3,
4889043031,경상남도 합천군 삼가면 문송리,19880423,,3,
4889043032,경상남도 합천군 삼가면 덕진리,19880423,,3,
4889043033,경상남도 합천군 삼가면 학리,19880423,,3,
4889044000,가회면,19880423,,2,4889000000
4889044021,경상남도 합천군 가회면 월계리,19880423,,3,
4889044022,경상남도 합천군 가회면 도탄리,19880423,,3,
4889044023,경상남도 합천군 가회면 오도리,19880423,,3,
4889044024,경상남도 합천군 가회면 둔내리,19880423,,3,
4889044025,경상남도 합천군 가회면 중촌리,19880423,,3,
4889044026,경상남도 합천군 가회면 덕촌리,19880423,,3,
4889044027,경상남도 합천군 가회면 함방리,19880423,,3,
4889044028,경상남도 합천군 가회면 장대리,19880423,,3,
4889044029,경상남도 합천군 가회면 외사리,19880423,,3,
4889045000,대병면,19880423,,2,4889000000
4889045021,경상남도 합천군 대병면 상천리,19880423,,3,
4889045022,경상남도 합천군 대병면 역평리,19880423,,3,
4889045023,경상남도 합천군 대병면 회양리,19880423,,3,
4889045024,경상남도 합천군 대병면 유전리,19880423,,3,
4889045025,경상남도 합천군 대병면 양리,19880423,,3,
4889045026,경상남도 합천군 대병면 하금리,19880423,,3,
4889045027,경상남도 합천군 대병면 장단리,19880423,,3,
4889045028,경상남도 합천군 대병면 대지리,19880423,,3,
4889045029,경상남도 합천군 대병면 성리,19880423,,3,
4889046000,용주면,19880423,,2,4889000000
4889046021,경상남도 합천군 용주면 공암리,19880423,,3,
4889046022,경상남도 합천군 용주면 황계리,19880423,,3,
4889046023,경상남도 합천군 용주면 장전리,19880423,,3,
4889046024,경상남도 합천군 용주면 노리,19880423,,3,
4889046025,경상남도 합천군 용주면 평산리,19880423,,3,
4889046026,경상남도 합천군 용주면 손목리,19880423,,3,
4889046027,경상남도 합천군 용주면 팔산리,19880423,,3,
4889046028,경상남도 합천군 용주면 용지리,19880423,,3,
4889046029,경상남도 합천군 용주면 성산리,19880423,,3,
4889046030,경상남도 합천군 용주면 월평리,19880423,,3,
4889046031,경상남도 합천군 용주면 방곡리,19880423,,3,
4889046032,경상남도 합천군 용주면 고품리,19880423,,3,
4889046033,경상남도 합천군 용주면 봉기리,19880423,,3,
4889046035,경상남도 합천군 용주면 우곡리,19880423,,3,
4889046036,경상남도 합천군 용주면 죽죽리,19880423,,3,
4889046037,경상남도 합천군 용주면 가호리,19951207,,3,
5000000000,제주특별자치도,20060701,,0,
5011000000,제주시,20060701,,1,5000000000
5011010100,일도일동,20060701,,2,5011000000
5011010200,일도이동,20060701,,2,5011000000
5011010300,이도일동,20060701,,2,5011000000
5011010400,이도이동,20060701,,2,5011000000
5011010500,삼도일동,20060701,,2,5011000000
5011010600,삼도이동,20060701,,2,5011000000
5011010700,건입동,20060701,,2,5011000000
5011010800,용담일동,20060701,,2,5011000000
5011010900,용담이동,20060701,,2,5011000000
5011011000,용담삼동,20060701,,2,5011000000
5011011100,화북일동,20060701,,2,5011000000
5011011200,화북이동,20060701,,2,5011000000
5011011300,삼양일동,20060701,,2,5011000000
5011011400,삼양이동,20060701,,2,5011000000
5011011500,삼양삼동,20060701,,2,5011000000
5011011600,봉개동,20060701,,2,5011000000
5011011700,아라일동,20060701,,2,5011000000
5011011800,아라이동,20060701,,2,5011000000
5011011900,오라일동,20060701,,2,5011000000
5011012000,오라이동,20060701,,2,5011000000
5011012100,오라삼동,20060701,,2,5011000000
5011012200,노형동,20060701,,2,5011000000
5011012300,외도일동,20060701,,2,5011000000
5011012400,외도이동,20060701,,2,5011000000
5011012500,이호일동,20060701,,2,5011000000
5011012600,이호이동,20060701,,2,5011000000
5011012700,도두일동,20060701,,2,5011000000
5011012800,도두이동,20060701,,2,5011000000
5011012900,도남동,20060701,,2,5011000000
5011013000,도련일동,20060701,,2,5011000000
5011013100,도련이동,20060701,,2,5011000000
5011013200,용강동,20060701,,2,5011000000
5011013300,회천동,20060701,,2,5011000000
5011013400,오등동,20060701,,2,5011000000
5011013500,월평동,20060701,,2,5011000000
5011013600,영평동,20060701,,2,5011000000
5011013700,연동,20060701,,2,5011000000
5011013800,도평동,20060701,,2,5011000000
5011013900,해안동,20060701,,2,5011000000
5011014000,내도동,20060701,,2,5011000000
5011025000,한림읍,20060701,,2,5011000000
5011025021,제주특별자치도 제주시 한림읍 귀덕리,20060701,,3,
5011025022,제주특별자치도 제주시 한림읍 수원리,20060701,,3,
5011025023,제주특별자치도 제주시 한림읍 대림리,20060701,,3,
5011025024,제주특별자치도 제주시 한림읍 한림리,20060701,,3,
5011025025,제주특별자치도 제주시 한림읍 금악리,20060701,,3,
5011025026,제주특별자치도 제주시 한림읍 동명리,20060701,,3,
5011025027,제주특별자치도 제주시 한림읍 명월리,20060701,,3,
5011025028,제주특별자치도 제주시 한림읍 옹포리,20060701,,3,
5011025029,제주특별자치도 제주시 한림읍 상대리,20060701,,3,
5011025030,제주특별자치도 제주시 한림읍 상명리,20060701,,3,
5011025031,제주특별자치도 제주시 한림읍 협재리,20060701,,3,
5011025032,제주특별자치도 제주시 한림읍 월령리,20060701,,3,
5011025033,제주특별자치도 제주시 한림읍 금능리,20060701,,3,
5011025034,제주특별자치도 제주시 한림읍 월림리,20060701,,3,
5011025035,제주특별자치도 제주시 한림읍 한수리,20060701,,3,
5011025300,애월읍,20060701,,2,5011000000
5011025301,제주특별자치도 제주시 애월읍 용흥리,20060701,,3,
5011025302,제주특별자치도 제주시 애월읍 중엄리,20060701,,3,
5011025303,제주특별자치도 제주시 애월읍 어음1리,20060701,,3,
5011025304,제주특별자치도 제주시 애월읍 어음2리,20060701,,3,
5011025305,제주특별자치도 제주시 애월읍 귀일리,20060701,,3,
5011025306,제주특별자치도 제주시 애월읍 어도리,20060701,,3,
5011025307,제주특별자치도 제주시 애월읍 동귀리,20060701,,3,
5011025321,제주특별자치도 제주시 애월읍 광령리,20060701,,3,
5011025323,제주특별자치도 제주시 애월읍 상귀리,20060701,,3,
5011025324,제주특별자치도 제주시 애월읍 구엄리,20060701,,3,
5011025325,제주특별자치도 제주시 애월읍 수산리,20060701,,3,
5011025326,제주특별자치도 제주시 애월읍 신엄리,20060701,,3,
5011025327,제주특별자치도 제주시 애월읍 장전리,20060701,,3,
5011025328,제주특별자치도 제주시 애월읍 소길리,20060701,,3,
5011025329,제주특별자치도 제주시 애월읍 고성리,20060701,,3,
5011025330,제주특별자치도 제주시 애월읍 하가리,20060701,,3,
5011025331,제주특별자치도 제주시 애월읍 상가리,20060701,,3,
5011025333,제주특별자치도 제주시 애월읍 고내리,20060701,,3,
5011025334,제주특별자치도 제주시 애월읍 애월리,20060701,,3,
5011025335,제주특별자치도 제주시 애월읍 납읍리,20060701,,3,
5011025336,제주특별자치도 제주시 애월읍 어음리,20060701,,3,
5011025337,제주특별자치도 제주시 애월읍 곽지리,20060701,,3,
5011025338,제주특별자치도 제주시 애월읍 금성리,20060701,,3,
5011025339,제주특별자치도 제주시 애월읍 봉성리,20060701,,3,
5011025340,제주특별자치도 제주시 애월읍 하귀1리,20060701,,3,
5011025341,제주특별자치도 제주시 애월읍 하귀2리,20060701,,3,
5011025342,제주특별자치도 제주시 애월읍 유수암리,20060701,,3,
5011025391,제주특별자치도 제주시 애월읍 광령1리,20060701,,3,
5011025392,제주특별자치도 제주시 애월읍 광령2리,20060701,,3,
5011025393,제주특별자치도 제주시 애월읍 광령3리,20060701,,3,
5011025600,구좌읍,20060701,,2,5011000000
5011025621,제주특별자치도 제주시 구좌읍 동복리,20060701,,3,
5011025624,제주특별자치도 제주시 구좌읍 덕천리,20060701,,3,
5011025625,제주특별자치도 제주시 구좌읍 송당리,20060701,,3,
5011025626,제주특별자치도 제주시 구좌읍 월정리,20060701,,3,
5011025627,제주특별자치도 제주시 구좌읍 행원리,20060701,,3,
5011025628,제주특별자치도 제주시 구좌읍 세화리,20060701,,3,
5011025629,제주특별자치도 제주시 구좌읍 상도리,20060701,,3,
5011025630,제주특별자치도 제주시 구좌읍 한동리,20060701,,3,
5011025631,제주특별자치도 제주시 구좌읍 하도리,20060701,,3,
5011025632,제주특별자치도 제주시 구좌읍 종달리,20060701,,3,
5011025633,제주특별자치도 제주시 구좌읍 평대리,20060701,,3,
5011025634,제주특별자치도 제주시 구좌읍 김녕리,20060701,,3,
5011025900,조천읍,20060701,,2,5011000000
5011025921,제주특별자치도 제주시 조천읍 신촌리,20060701,,3,
5011025922,제주특별자치도 제주시 조천읍 와흘리,20060701,,3,
5011025923,제주특별자치도 제주시 조천읍 조천리,20060701,,3,
5011025924,제주특별자치도 제주시 조천읍 함덕리,20060701,,3,
5011025925,제주특별자치도 제주시 조천읍 신흥리,20060701,,3,
5011025926,제주특별자치도 제주시 조천읍 대흘리,20060701,,3,
5011025927,제주특별자치도 제주시 조천읍 북촌리,20060701,,3,
5011025928,제주특별자치도 제주시 조천읍 와산리,20060701,,3,
5011025929,제주특별자치도 제주시 조천읍 교래리,20060701,,3,
5011025930,제주특별자치도 제주시 조천읍 선흘리,20060701,,3,
5011031000,한경면,20060701,,2,5011000000
5011031021,제주특별자치도 제주시 한경면 청수리,20060701,,3,
5011031022,제주특별자치도 제주시 한경면 용수리,20060701,,3,
5011031023,제주특별자치도 제주시 한경면 고산리,20060701,,3,
5011031024,제주특별자치도 제주시 한경면 판포리,20060701,,3,
5011031025,제주특별자치도 제주시 한경면 금등리,20060701,,3,
5011031026,제주특별자치도 제주시 한경면 조수리,20060701,,3,
5011031027,제주특별자치도 제주시 한경면 두모리,20060701,,3,
5011031028,제주특별자치도 제주시 한경면 신창리,20060701,,3,
5011031029,제주특별자치도 제주시 한경면 낙천리,20060701,,3,
5011031030,제주특별자치도 제주시 한경면 저지리,20060701,,3,
5011031031,제주특별자치도 제주시 한경면 산양리,20060701,,3,
5011031032,제주특별자치도 제주시 한경면 한원리,20060701,,3,
5011031033,제주특별자치도 제주시 한경면 용당리,20060701,,3,
5011032000,추자면,20060701,,2,5011000000
5011032021,제주특별자치도 제주시 추자면 대서리,20060701,,3,
5011032022,제주특별자치도 제주시 추자면 영흥리,20060701,,3,
5011032023,제주특별자치도 제주시 추자면 묵리,20060701,,3,
5011032024,제주특별자치도 제주시 추자면 예초리,20060701,,3,
5011032025,제주특별자치도 제주시 추자면 신양리,20060701,,3,
5011033000,우도면,20060701,,2,5011000000
5011033021,제주특별자치도 제주시 우도면 연평리,20060701,,3,
5011033022,제주특별자치도 제주시 우도면 서광리,20060701,,3,
5011033023,제주특별자치도 제주시 우도면 천진리,20060701,,3,
5011033024,제주특별자치도 제주시 우도면 조일리,20060701,,3,
5011033025,제주특별자치도 제주시 우도면 오봉리,20060701,,3,
5013000000,서귀포시,20060701,,1,5000000000
5013010100,서귀동,20060701,,2,5013000000
5013010200,법환동,20060701,,2,5013000000
5013010300,서호동,20060701,,2,5013000000
5013010400,호근동,20060701,,2,5013000000
5013010500,동홍동,20060701,,2,5013000000
5013010600,서홍동,20060701,,2,5013000000
5013010700,상효동,20060701,,2,5013000000
5013010800,하효동,20060701,,2,5013000000
5013010900,신효동,20060701,,2,5013000000
5013011000,보목동,20060701,,2,5013000000
5013011100,토평동,20060701,,2,5013000000
5013011200,중문동,20060701,,2,5013000000
5013011300,회수동,20060701,,2,5013000000
5013011400,대포동,20060701,,2,5013000000
5013011500,월평동,20060701,,2,5013000000
5013011600,강정동,20060701,,2,5013000000
5013011700,도순동,20060701,,2,5013000000
5013011800,하원동,20060701,,2,5013000000
5013011900,색달동,20060701,,2,5013000000
5013012000,상예동,20060701,,2,5013000000
5013012100,하예동,20060701,,2,5013000000
5013012200,영남동,20060701,,2,5013000000
5013025000,대정읍,20060701,,2,5013000000
5013025021,제주특별자치도 서귀포시 대정읍 상모리,20060701,,3,
5013025022,제주특별자치도 서귀포시 대정읍 하모리,20060701,,3,
5013025023,제주특별자치도 서귀포시 대정읍 안성리,20060701,,3,
5013025024,제주특별자치도 서귀포시 대정읍 인성리,20060701,,3,
5013025025,제주특별자치도 서귀포시 대정읍 일과리,20060701,,3,
5013025026,제주특별자치도 서귀포시 대정읍 가파리,20060701,,3,
5013025027,제주특별자치도 서귀포시 대정읍 신평리,20060701,,3,
5013025028,제주특별자치도 서귀포시 대정읍 동일리,20060701,,3,
5013025029,제주특별자치도 서귀포시 대정읍 보성리,20060701,,3,
5013025030,제주특별자치도 서귀포시 대정읍 구억리,20060701,,3,
5013025031,제주특별자치도 서귀포시 대정읍 무릉리,20060701,,3,
5013025032,제주특별자치도 서귀포시 대정읍 영락리,20060701,,3,
5013025033,제주특별자치도 서귀포시 대정읍 신도리,20060701,,3,
5013025300,남원읍,20060701,,2,5013000000
5013025321,제주특별자치도 서귀포시 남원읍 남원리,20060701,,3,
5013025322,제주특별자치도 서귀포시 남원읍 태흥리,20060701,,3,
5013025323,제주특별자치도 서귀포시 남원읍 한남리,20060701,,3,
5013025324,제주특별자치도 서귀포시 남원읍 수망리,20060701,,3,
5013025325,제주특별자치도 서귀포시 남원읍 의귀리,20060701,,3,
5013025326,제주특별자치도 서귀포시 남원읍 신흥리,20060701,,3,
5013025327,제주특별자치도 서귀포시 남원읍 위미리,20060701,,3,
5013025328,제주특별자치도 서귀포시 남원읍 하례리,20060701,,3,
5013025329,제주특별자치도 서귀포시 남원읍 신례리,20060701,,3,
5013025900,성산읍,20060701,,2,5013000000
5013025901,제주특별자치도 서귀포시 성산읍 신양리,20060701,,3,
5013025921,제주특별자치도 서귀포시 성산읍 성산리,20060701,,3,
5013025922,제주특별자치도 서귀포시 성산읍 오조리,20060701,,3,
5013025923,제주특별자치도 서귀포시 성산읍 시흥리,20060701,,3,
5013025924,제주특별자치도 서귀포시 성산읍 고성리,20060701,,3,
5013025925,제주특별자치도 서귀포시 성산읍 수산리,20060701,,3,
5013025926,제주특별자치도 서귀포시 성산읍 온평리,20060701,,3,
5013025927,제주특별자치도 서귀포시 성산읍 신산리,20060701,,3,
5013025928,제주특별자치도 서귀포시 성산읍 삼달리,20060701,,3,
5013025929,제주특별자치도 서귀포시 성산읍 신풍리,20060701,,3,
5013025930,제주특별자치도 서귀포시 성산읍 신천리,20060701,,3,
5013025931,제주특별자치도 서귀포시 성산읍 난산리,20060701,,3,
5013031000,안덕면,20060701,,2,5013000000
5013031001,제주특별자치도 서귀포시 안덕면 대평리,20060701,,3,
5013031021,제주특별자치도 서귀포시 안덕면 화순리,20060701,,3,
5013031022,제주특별자치도 서귀포시 안덕면 창천리,20060701,,3,
5013031023,제주특별자치도 서귀포시 안덕면 감산리,20060701,,3,
5013031024,제주특별자치도 서귀포시 안덕면 상창리,20060701,,3,
5013031025,제주특별자치도 서귀포시 안덕면 사계리,20060701,,3,
5013031026,제주특별자치도 서귀포시 안덕면 덕수리,20060701,,3,
5013031027,제주특별자치도 서귀포시 안덕면 서광리,20060701,,3,
5013031028,제주특별자치도 서귀포시 안덕면 동광리,20060701,,3,
5013031029,제주특별자치도 서귀포시 안덕면 광평리,20060701,,3,
5013031030,제주특별자치도 서귀포시 안덕면 상천리,20060701,,3,
5013032000,표선면,20060701,,2,5013000000
5013032021,제주특별자치도 서귀포시 표선면 표선리,20060701,,3,
5013032022,제주특별자치도 서귀포시 표선면 하천리,20060701,,3,
5013032023,제주특별자치도 서귀포시 표선면 성읍리,20060701,,3,
5013032024,제주특별자치도 서귀포시 표선면 가시리,20060701,,3,
5013032025,제주특별자치도 서귀포시 표선면 세화리,20060701,,3,
5013032026,제주특별자치도 서귀포시 표선면 토산리,20060701,,3,
5100000000,강원특별자치도,20230611,,0,
5110500000,동해출장소,20230611,,0,
5111000000,춘천시,20230611,,1,5100000000
5111010100,봉의동,20230611,,2,5111000000
5111010200,요선동,20230611,,2,5111000000
5111010300,낙원동,20230611,,2,5111000000
5111010400,중앙로1가,20230611,,2,5111000000
5111010500,중앙로2가,20230611,,2,5111000000
5111010600,중앙로3가,20230611,,2,5111000000
5111010700,옥천동,20230611,,2,5111000000
5111010800,조양동,20230611,,2,5111000000
5111010900,죽림동,20230611,,2,5111000000
5111011000,운교동,20230611,,2,5111000000
5111011100,약사동,20230611,,2,5111000000
5111011200,효자동,20230611,,2,5111000000
5111011300,소양로1가,20230611,,2,5111000000
5111011400,소양로2가,20230611,,2,5111000000
5111011500,소양로3가,20230611,,2,5111000000
5111011600,소양로4가,20230611,,2,5111000000
5111011700,근화동,20230611,,2,5111000000
5111011800,우두동,20230611,,2,5111000000
5111011900,사농동,20230611,,2,5111000000
5111012000,후평동,20230611,,2,5111000000
5111012100,온의동,20230611,,2,5111000000
5111012200,교동,20230611,,2,5111000000
5111012300,퇴계동,20230611,,2,5111000000
5111012400,석사동,20230611,,2,5111000000
5111012500,삼천동,20230611,,2,5111000000
5111012600,칠전동,20230611,,2,5111000000
5111012700,송암동,20230611,,2,5111000000
5111012800,신동,20230611,,2,5111000000
5111012900,중도동,20230611,,2,5111000000
5111025000,신북읍,20230611,,2,5111000000
5111025021,강원특별자치도 춘천시 신북읍 율문리,20230611,,3,
5111025022,강원특별자치도 춘천시 신북읍 천전리,20230611,,3,
5111025023,강원특별자치도 춘천시 신북읍 유포리,20230611,,3,
5111025024,강원특별자치도 춘천시 신북읍 산천리,20230611,,3,
5111025025,강원특별자치도 춘천시 신북읍 발산리,20230611,,3,
5111025026,강원특별자치도 춘천시 신북읍 지내리,20230611,,3,
5111025027,강원특별자치도 춘천시 신북읍 용산리,20230611,,3,
5111031000,동면,20230611,,2,5111000000
5111031021,강원특별자치도 춘천시 동면 지내리,20230611,,3,
5111031022,강원특별자치도 춘천시 동면 만천리,20230611,,3,
5111031023,강원특별자치도 춘천시 동면 장학리,20230611,,3,
5111031024,강원특별자치도 춘천시 동면 감정리,20230611,,3,
5111031025,강원특별자치도 춘천시 동면 월곡리,20230611,,3,
5111031026,강원특별자치도 춘천시 동면 품안리,20230611,,3,
5111031027,강원특별자치도 춘천시 동면 품걸리,20230611,,3,
5111031028,강원특별자치도 춘천시 동면 신이리,20230611,,3,
5111031029,강원특별자치도 춘천시 동면 평촌리,20230611,,3,
5111031030,강원특별자치도 춘천시 동면 상걸리,20230611,,3,
5111032000,동산면,20230611,,2,5111000000
5111032021,강원특별자치도 춘천시 동산면 조양리,20230611,,3,
5111032022,강원특별자치도 춘천시 동산면 봉명리,20230611,,3,
5111032023,강원특별자치도 춘천시 동산면 원창리,20230611,,3,
5111032024,강원특별자치도 춘천시 동산면 군자리,20230611,,3,
5111033000,신동면,20230611,,2,5111000000
5111033021,강원특별자치도 춘천시 신동면 의암리,20230611,,3,
5111033022,강원특별자치도 춘천시 신동면 팔미리,20230611,,3,
5111033023,강원특별자치도 춘천시 신동면 혈동리,20230611,,3,
5111033024,강원특별자치도 춘천시 신동면 증리,20230611,,3,
5111033025,강원특별자치도 춘천시 신동면 정족리,20230611,,3,
5111034000,남면,20230611,,2,5111000000
5111034021,강원특별자치도 춘천시 남면 관천리,20230611,,3,
5111034022,강원특별자치도 춘천시 남면 박암리,20230611,,3,
5111034023,강원특별자치도 춘천시 남면 가정리,20230611,,3,
5111034024,강원특별자치도 춘천시 남면 발산리,20230611,,3,
5111034025,강원특별자치도 춘천시 남면 후동리,20230611,,3,
5111034026,강원특별자치도 춘천시 남면 추곡리,20230611,,3,
5111034027,강원특별자치도 춘천시 남면 한덕리,20230611,,3,
5111035000,서면,20230611,,2,5111000000
5111035021,강원특별자치도 춘천시 서면 현암리,20230611,,3,
5111035022,강원특별자치도 춘천시 서면 금산리,20230611,,3,
5111035023,강원특별자치도 춘천시 서면 신매리,20230611,,3,
5111035024,강원특별자치도 춘천시 서면 서상리,20230611,,3,
5111035025,강원특별자치도 춘천시 서면 오월리,20230611,,3,
5111035026,강원특별자치도 춘천시 서면 월송리,20230611,,3,
5111035027,강원특별자치도 춘천시 서면 방동리,20230611,,3,
5111035028,강원특별자치도 춘천시 서면 덕두원리,20230611,,3,
5111035029,강원특별자치도 춘천시 서면 당림리,20230611,,3,
5111035030,강원특별자치도 춘천시 서면 안보리,20230611,,3,
5111036000,사북면,20230611,,2,5111000000
5111036021,강원특별자치도 춘천시 사북면 신포리,20230611,,3,
5111036022,강원특별자치도 춘천시 사북면 지촌리,20230611,,3,
5111036023,강원특별자치도 춘천시 사북면 오탄리,20230611,,3,
5111036024,강원특별자치도 춘천시 사북면 가일리,20230611,,3,
5111036025,강원특별자치도 춘천시 사북면 원평리,20230611,,3,
5111036026,강원특별자치도 춘천시 사북면 지암리,20230611,,3,
5111036027,강원특별자치도 춘천시 사북면 고탄리,20230611,,3,
5111036028,강원특별자치도 춘천시 사북면 고성리,20230611,,3,
5111036029,강원특별자치도 춘천시 사북면 송암리,20230611,,3,
5111036030,강원특별자치도 춘천시 사북면 인람리,20230611,,3,
5111038000,북산면,20230611,,2,5111000000
5111038021,강원특별자치도 춘천시 북산면 내평리,20230611,,3,
5111038022,강원특별자치도 춘천시 북산면 청평리,20230611,,3,
5111038023,강원특별자치도 춘천시 북산면 부귀리,20230611,,3,
5111038024,강원특별자치도 춘천시 북산면 추곡리,20230611,,3,
5111038025,강원특별자치도 춘천시 북산면 오항리,20230611,,3,
5111038026,강원특별자치도 춘천시 북산면 물로리,20230611,,3,
5111038027,강원특별자치도 춘천시 북산면 조교리,20230611,,3,
5111038028,강원특별자치도 춘천시 북산면 대동리,20230611,,3,
5111038029,강원특별자치도 춘천시 북산면 대곡리,20230611,,3,
5111038030,강원특별자치도 춘천시 북산면 추전리,20230611,,3,
5111039000,동내면,20230611,,2,5111000000
5111039021,강원특별자치도 춘천시 동내면 거두리,20230611,,3,
5111039022,강원특별자치도 춘천시 동내면 신촌리,20230611,,3,
5111039023,강원특별자치도 춘천시 동내면 고은리,20230611,,3,
5111039024,강원특별자치도 춘천시 동내면 사암리,20230611,,3,
5111039025,강원특별자치도 춘천시 동내면 학곡리,20230611,,3,
5111040000,남산면,20230611,,2,5111000000
5111040022,강원특별자치도 춘천시 남산면 광판리,20230611,,3,
5111040023,강원특별자치도 춘천시 남산면 행촌리,20230611,,3,
5111040024,강원특별자치도 춘천시 남산면 수동리,20230611,,3,
5111040025,강원특별자치도 춘천시 남산면 창촌리,20230611,,3,
5111040026,강원특별자치도 춘천시 남산면 방곡리,20230611,,3,
5111040027,강원특별자치도 춘천시 남산면 강촌리,20230611,,3,
5111040028,강원특별자치도 춘천시 남산면 서천리,20230611,,3,
5111040029,강원특별자치도 춘천시 남산면 백양리,20230611,,3,
5111040030,강원특별자치도 춘천시 남산면 방하리,20230611,,3,
5111040031,강원특별자치도 춘천시 남산면 산수리,20230611,,3,
5113000000,원주시,20230611,,1,5100000000
5113010100,중앙동,20230611,,2,5113000000
5113010200,평원동,20230611,,2,5113000000
5113010300,원동,20230611,,2,5113000000
5113010400,인동,20230611,,2,5113000000
5113010500,개운동,20230611,,2,5113000000
5113010600,명륜동,20230611,,2,5113000000
5113010700,단구동,20230611,,2,5113000000
5113010800,일산동,20230611,,2,5113000000
5113010900,학성동,20230611,,2,5113000000
5113011000,단계동,20230611,,2,5113000000
5113011100,우산동,20230611,,2,5113000000
5113011200,태장동,20230611,,2,5113000000
5113011300,봉산동,20230611,,2,5113000000
5113011400,행구동,20230611,,2,5113000000
5113011500,무실동,20230611,,2,5113000000
5113011600,관설동,20230611,,2,5113000000
5113011700,반곡동,20230611,,2,5113000000
5113011800,가현동,20230611,,2,5113000000
5113025000,문막읍,20230611,,2,5113000000
5113025021,강원특별자치도 원주시 문막읍 문막리,20230611,,3,
5113025022,강원특별자치도 원주시 문막읍 동화리,20230611,,3,
5113025023,강원특별자치도 원주시 문막읍 비두리,20230611,,3,
5113025024,강원특별자치도 원주시 문막읍 취병리,20230611,,3,
5113025025,강원특별자치도 원주시 문막읍 궁촌리,20230611,,3,
5113025026,강원특별자치도 원주시 문막읍 건등리,20230611,,3,
5113025027,강원특별자치도 원주시 문막읍 후용리,20230611,,3,
5113025028,강원특별자치도 원주시 문막읍 포진리,20230611,,3,
5113025029,강원특별자치도 원주시 문막읍 반계리,20230611,,3,
5113025030,강원특별자치도 원주시 문막읍 대둔리,20230611,,3,
5113031000,소초면,20230611,,2,5113000000
5113031021,강원특별자치도 원주시 소초면 평장리,20230611,,3,
5113031022,강원특별자치도 원주시 소초면 의관리,20230611,,3,
5113031023,강원특별자치도 원주시 소초면 장양리,20230611,,3,
5113031024,강원특별자치도 원주시 소초면 흥양리,20230611,,3,
5113031025,강원특별자치도 원주시 소초면 수암리,20230611,,3,
5113031026,강원특별자치도 원주시 소초면 교항리,20230611,,3,
5113031027,강원특별자치도 원주시 소초면 둔둔리,20230611,,3,
5113031028,강원특별자치도 원주시 소초면 학곡리,20230611,,3,
5113032000,호저면,20230611,,2,5113000000
5113032021,강원특별자치도 원주시 호저면 주산리,20230611,,3,
5113032022,강원특별자치도 원주시 호저면 고산리,20230611,,3,
5113032023,강원특별자치도 원주시 호저면 대덕리,20230611,,3,
5113032024,강원특별자치도 원주시 호저면 광격리,20230611,,3,
5113032025,강원특별자치도 원주시 호저면 만종리,20230611,,3,
5113032026,강원특별자치도 원주시 호저면 옥산리,20230611,,3,
5113032027,강원특별자치도 원주시 호저면 무장리,20230611,,3,
5113032028,강원특별자치도 원주시 호저면 용곡리,20230611,,3,
5113032029,강원특별자치도 원주시 호저면 산현리,20230611,,3,
5113032030,강원특별자치도 원주시 호저면 매호리,20230611,,3,
5113033000,지정면,20230611,,2,5113000000
5113033021,강원특별자치도 원주시 지정면 간현리,20230611,,3,
5113033022,강원특별자치도 원주시 지정면 안창리,20230611,,3,
5113033023,강원특별자치도 원주시 지정면 가곡리,20230611,,3,
5113033024,강원특별자치도 원주시 지정면 판대리,20230611,,3,
5113033025,강원특별자치도 원주시 지정면 신평리,20230611,,3,
5113033026,강원특별자치도 원주시 지정면 월송리,20230611,,3,
5113033027,강원특별자치도 원주시 지정면 보통리,20230611,,3,
5113035000,부론면,20230611,,2,5113000000
5113035021,강원특별자치도 원주시 부론면 법천리,20230611,,3,
5113035022,강원특별자치도 원주시 부론면 손곡리,20230611,,3,
5113035023,강원특별자치도 원주시 부론면 정산리,20230611,,3,
5113035024,강원특별자치도 원주시 부론면 흥호리,20230611,,3,
5113035025,강원특별자치도 원주시 부론면 노림리,20230611,,3,
5113035026,강원특별자치도 원주시 부론면 단강리,20230611,,3,
5113036000,귀래면,20230611,,2,5113000000
5113036021,강원특별자치도 원주시 귀래면 운남리,20230611,,3,
5113036022,강원특별자치도 원주시 귀래면 귀래리,20230611,,3,
5113036023,강원특별자치도 원주시 귀래면 운계리,20230611,,3,
5113036024,강원특별자치도 원주시 귀래면 주포리,20230611,,3,
5113036025,강원특별자치도 원주시 귀래면 용암리,20230611,,3,
5113037000,흥업면,20230611,,2,5113000000
5113037021,강원특별자치도 원주시 흥업면 흥업리,20230611,,3,
5113037022,강원특별자치도 원주시 흥업면 매지리,20230611,,3,
5113037023,강원특별자치도 원주시 흥업면 사제리,20230611,,3,
5113037024,강원특별자치도 원주시 흥업면 대안리,20230611,,3,
5113038000,판부면,20230611,,2,5113000000
5113038021,강원특별자치도 원주시 판부면 금대리,20230611,,3,
5113038022,강원특별자치도 원주시 판부면 서곡리,20230611,,3,
5113038023,강원특별자치도 원주시 판부면 신촌리,20230611,,3,
5113039000,신림면,20230611,,2,5113000000
5113039021,강원특별자치도 원주시 신림면 신림리,20230611,,3,
5113039022,강원특별자치도 원주시 신림면 금창리,20230611,,3,
5113039023,강원특별자치도 원주시 신림면 구학리,20230611,,3,
5113039024,강원특별자치도 원주시 신림면 용암리,20230611,,3,
5113039025,강원특별자치도 원주시 신림면 성남리,20230611,,3,
5113039026,강원특별자치도 원주시 신림면 황둔리,20230611,,3,
5113039027,강원특별자치도 원주시 신림면 송계리,20230611,,3,
5115000000,강릉시,20230611,,1,5100000000
5115010100,홍제동,20230611,,2,5115000000
5115010200,남문동,20230611,,2,5115000000
5115010300,명주동,20230611,,2,5115000000
5115010400,성내동,20230611,,2,5115000000
5115010500,임당동,20230611,,2,5115000000
5115010600,금학동,20230611,,2,5115000000
5115010700,용강동,20230611,,2,5115000000
5115010800,성남동,20230611,,2,5115000000
5115010900,옥천동,20230611,,2,5115000000
5115011000,교동,20230611,,2,5115000000
5115011100,포남동,20230611,,2,5115000000
5115011200,초당동,20230611,,2,5115000000
5115011300,강문동,20230611,,2,5115000000
5115011400,송정동,20230611,,2,5115000000
5115011500,견소동,20230611,,2,5115000000
5115011600,내곡동,20230611,,2,5115000000
5115011700,회산동,20230611,,2,5115000000
5115011800,장현동,20230611,,2,5115000000
5115011900,박월동,20230611,,2,5115000000
5115012000,담산동,20230611,,2,5115000000
5115012100,노암동,20230611,,2,5115000000
5115012200,유산동,20230611,,2,5115000000
5115012300,월호평동,20230611,,2,5115000000
5115012400,신석동,20230611,,2,5115000000
5115012500,입암동,20230611,,2,5115000000
5115012600,청량동,20230611,,2,5115000000
5115012700,두산동,20230611,,2,5115000000
5115012800,학동,20230611,,2,5115000000
5115012900,병산동,20230611,,2,5115000000
5115013000,남항진동,20230611,,2,5115000000
5115013100,유천동,20230611,,2,5115000000
5115013200,지변동,20230611,,2,5115000000
5115013300,죽헌동,20230611,,2,5115000000
5115013400,대전동,20230611,,2,5115000000
5115013500,운정동,20230611,,2,5115000000
5115013600,난곡동,20230611,,2,5115000000
5115013700,저동,20230611,,2,5115000000
5115013800,안현동,20230611,,2,5115000000
5115013900,운산동,20230611,,2,5115000000
5115025000,주문진읍,20230611,,2,5115000000
5115025021,강원특별자치도 강릉시 주문진읍 주문리,20230611,,3,
5115025022,강원특별자치도 강릉시 주문진읍 교항리,20230611,,3,
5115025023,강원특별자치도 강릉시 주문진읍 장덕리,20230611,,3,
5115025024,강원특별자치도 강릉시 주문진읍 삼교리,20230611,,3,
5115025025,강원특별자치도 강릉시 주문진읍 향호리,20230611,,3,
5115031000,성산면,20230611,,2,5115000000
5115031021,강원특별자치도 강릉시 성산면 구산리,20230611,,3,
5115031022,강원특별자치도 강릉시 성산면 관음리,20230611,,3,
5115031023,강원특별자치도 강릉시 성산면 금산리,20230611,,3,
5115031024,강원특별자치도 강릉시 성산면 위촌리,20230611,,3,
5115031025,강원특별자치도 강릉시 성산면 송암리,20230611,,3,
5115031026,강원특별자치도 강릉시 성산면 보광리,20230611,,3,
5115031027,강원특별자치도 강릉시 성산면 어흘리,20230611,,3,
5115031028,강원특별자치도 강릉시 성산면 오봉리,20230611,,3,
5115031029,강원특별자치도 강릉시 성산면 산북리,20230611,,3,
5115032000,왕산면,20230611,,2,5115000000
5115032021,강원특별자치도 강릉시 왕산면 도마리,20230611,,3,
5115032022,강원특별자치도 강릉시 왕산면 목계리,20230611,,3,
5115032023,강원특별자치도 강릉시 왕산면 왕산리,20230611,,3,
5115032024,강원특별자치도 강릉시 왕산면 고단리,20230611,,3,
5115032025,강원특별자치도 강릉시 왕산면 송현리,20230611,,3,
5115032026,강원특별자치도 강릉시 왕산면 대기리,20230611,,3,
5115033000,구정면,20230611,,2,5115000000
5115033021,강원특별자치도 강릉시 구정면 여찬리,20230611,,3,
5115033022,강원특별자치도 강릉시 구정면 학산리,20230611,,3,
5115033023,강원특별자치도 강릉시 구정면 구정리,20230611,,3,
5115033024,강원특별자치도 강릉시 구정면 금광리,20230611,,3,
5115033025,강원특별자치도 강릉시 구정면 어단리,20230611,,3,
5115033026,강원특별자치도 강릉시 구정면 덕현리,20230611,,3,
5115033027,강원특별자치도 강릉시 구정면 제비리,20230611,,3,
5115034000,강동면,20230611,,2,5115000000
5115034021,강원특별자치도 강릉시 강동면 상시동리,20230611,,3,
5115034022,강원특별자치도 강릉시 강동면 모전리,20230611,,3,
5115034023,강원특별자치도 강릉시 강동면 안인리,20230611,,3,
5115034024,강원특별자치도 강릉시 강동면 안인진리,20230611,,3,
5115034025,강원특별자치도 강릉시 강동면 임곡리,20230611,,3,
5115034026,강원특별자치도 강릉시 강동면 하시동리,20230611,,3,
5115034028,강원특별자치도 강릉시 강동면 정동진리,20230611,,3,
5115034029,강원특별자치도 강릉시 강동면 심곡리,20230611,,3,
5115034030,강원특별자치도 강릉시 강동면 산성우리,20230611,,3,
5115034031,강원특별자치도 강릉시 강동면 언별리,20230611,,3,
5115035000,옥계면,20230611,,2,5115000000
5115035021,강원특별자치도 강릉시 옥계면 현내리,20230611,,3,
5115035022,강원특별자치도 강릉시 옥계면 천남리,20230611,,3,
5115035023,강원특별자치도 강릉시 옥계면 주수리,20230611,,3,
5115035024,강원특별자치도 강릉시 옥계면 도직리,20230611,,3,
5115035025,강원특별자치도 강릉시 옥계면 조산리,20230611,,3,
5115035026,강원특별자치도 강릉시 옥계면 남양리,20230611,,3,
5115035027,강원특별자치도 강릉시 옥계면 북동리,20230611,,3,
5115035028,강원특별자치도 강릉시 옥계면 낙풍리,20230611,,3,
5115035029,강원특별자치도 강릉시 옥계면 금진리,20230611,,3,
5115035030,강원특별자치도 강릉시 옥계면 산계리,20230611,,3,
5115036000,사천면,20230611,,2,5115000000
5115036021,강원특별자치도 강릉시 사천면 미노리,20230611,,3,
5115036022,강원특별자치도 강릉시 사천면 노동리,20230611,,3,
5115036023,강원특별자치도 강릉시 사천면 석교리,20230611,,3,
5115036024,강원특별자치도 강릉시 사천면 판교리,20230611,,3,
5115036025,강원특별자치도 강릉시 사천면 사천진리,20230611,,3,
5115036026,강원특별자치도 강릉시 사천면 덕실리,20230611,,3,
5115036027,강원특별자치도 강릉시 사천면 방동리,20230611,,3,
5115036028,강원특별자치도 강릉시 사천면 산대월리,20230611,,3,
5115036029,강원특별자치도 강릉시 사천면 사기막리,20230611,,3,
5115037000,연곡면,20230611,,2,5115000000
5115037021,강원특별자치도 강릉시 연곡면 방내리,20230611,,3,
5115037022,강원특별자치도 강릉시 연곡면 영진리,20230611,,3,
5115037023,강원특별자치도 강릉시 연곡면 동덕리,20230611,,3,
5115037024,강원특별자치도 강릉시 연곡면 송림리,20230611,,3,
5115037025,강원특별자치도 강릉시 연곡면 행정리,20230611,,3,
5115037026,강원특별자치도 강릉시 연곡면 신왕리,20230611,,3,
5115037027,강원특별자치도 강릉시 연곡면 유등리,20230611,,3,
5115037028,강원특별자치도 강릉시 연곡면 삼산리,20230611,,3,
5115037029,강원특별자치도 강릉시 연곡면 퇴곡리,20230611,,3,
5117000000,동해시,20230611,,1,5100000000
5117010100,천곡동,20230611,,2,5117000000
5117010200,평릉동,20230611,,2,5117000000
5117010300,송정동,20230611,,2,5117000000
5117010400,용정동,20230611,,2,5117000000
5117010500,지흥동,20230611,,2,5117000000
5117010600,효가동,20230611,,2,5117000000
5117010700,동회동,20230611,,2,5117000000
5117010800,나안동,20230611,,2,5117000000
5117010900,쇄운동,20230611,,2,5117000000
5117011000,부곡동,20230611,,2,5117000000
5117011100,발한동,20230611,,2,5117000000
5117011200,북평동,20230611,,2,5117000000
5117011300,구미동,20230611,,2,5117000000
5117011400,추암동,20230611,,2,5117000000
5117011500,구호동,20230611,,2,5117000000
5117011600,단봉동,20230611,,2,5117000000
5117011700,지가동,20230611,,2,5117000000
5117011800,이도동,20230611,,2,5117000000
5117011900,귀운동,20230611,,2,5117000000
5117012000,대구동,20230611,,2,5117000000
5117012100,호현동,20230611,,2,5117000000
5117012200,내동,20230611,,2,5117000000
5117012300,묵호진동,20230611,,2,5117000000
5117012400,삼화동,20230611,,2,5117000000
5117012500,이기동,20230611,,2,5117000000
5117012600,이로동,20230611,,2,5117000000
5117012700,어달동,20230611,,2,5117000000
5117012800,대진동,20230611,,2,5117000000
5117012900,망상동,20230611,,2,5117000000
5117013000,심곡동,20230611,,2,5117000000
5117013100,초구동,20230611,,2,5117000000
5117013200,괴란동,20230611,,2,5117000000
5117013300,만우동,20230611,,2,5117000000
5117013400,신흥동,20230611,,2,5117000000
5117013500,비천동,20230611,,2,5117000000
5117013600,달방동,20230611,,2,5117000000
5119000000,태백시,20230611,,1,5100000000
5119010100,황지동,20230611,,2,5119000000
5119010200,장성동,20230611,,2,5119000000
5119010300,금천동,20230611,,2,5119000000
5119010400,철암동,20230611,,2,5119000000
5119010500,문곡동,20230611,,2,5119000000
5119010600,동점동,20230611,,2,5119000000
5119010700,소도동,20230611,,2,5119000000
5119010800,혈동,20230611,,2,5119000000
5119010900,화전동,20230611,,2,5119000000
5119011000,적각동,20230611,,2,5119000000
5119011100,창죽동,20230611,,2,5119000000
5119011200,통동,20230611,,2,5119000000
5119011300,백산동,20230611,,2,5119000000
5119011400,원동,20230611,,2,5119000000
5119011500,상사미동,20230611,,2,5119000000
5119011600,하사미동,20230611,,2,5119000000
5119011700,조탄동,20230611,,2,5119000000
5121000000,속초시,20230611,,1,5100000000
5121010100,영랑동,20230611,,2,5121000000
5121010200,동명동,20230611,,2,5121000000
5121010300,중앙동,20230611,,2,5121000000
5121010400,금호동,20230611,,2,5121000000
5121010500,청학동,20230611,,2,5121000000
5121010600,교동,20230611,,2,5121000000
5121010700,노학동,20230611,,2,5121000000
5121010800,조양동,20230611,,2,5121000000
5121010900,청호동,20230611,,2,5121000000
5121011000,대포동,20230611,,2,5121000000
5121011100,도문동,20230611,,2,5121000000
5121011200,설악동,20230611,,2,5121000000
5121011300,장사동,20230611,,2,5121000000
5123000000,삼척시,20230611,,1,5100000000
5123010100,성내동,20230611,,2,5123000000
5123010200,성북동,20230611,,2,5123000000
5123010300,읍상동,20230611,,2,5123000000
5123010400,읍중동,20230611,,2,5123000000
5123010500,당저동,20230611,,2,5123000000
5123010600,교동,20230611,,2,5123000000
5123010700,갈천동,20230611,,2,5123000000
5123010800,증산동,20230611,,2,5123000000
5123010900,우지동,20230611,,2,5123000000
5123011000,마달동,20230611,,2,5123000000
5123011100,자원동,20230611,,2,5123000000
5123011200,평전동,20230611,,2,5123000000
5123011300,등봉동,20230611,,2,5123000000
5123011400,도경동,20230611,,2,5123000000
5123011500,마평동,20230611,,2,5123000000
5123011600,오사동,20230611,,2,5123000000
5123011700,건지동,20230611,,2,5123000000
5123011800,원당동,20230611,,2,5123000000
5123011900,성남동,20230611,,2,5123000000
5123012000,남양동,20230611,,2,5123000000
5123012100,사직동,20230611,,2,5123000000
5123012200,오분동,20230611,,2,5123000000
5123012300,적노동,20230611,,2,5123000000
5123012400,조비동,20230611,,2,5123000000
5123012500,정상동,20230611,,2,5123000000
5123012600,정하동,20230611,,2,5123000000
5123012700,근산동,20230611,,2,5123000000
5123025000,도계읍,20230611,,2,5123000000
5123025021,강원특별자치도 삼척시 도계읍 발이리,20230611,,3,
5123025022,강원특별자치도 삼척시 도계읍 차구리,20230611,,3,
5123025023,강원특별자치도 삼척시 도계읍 고사리,20230611,,3,
5123025024,강원특별자치도 삼척시 도계읍 산기리,20230611,,3,
5123025025,강원특별자치도 삼척시 도계읍 무건리,20230611,,3,
5123025026,강원특별자치도 삼척시 도계읍 한내리,20230611,,3,
5123025027,강원특별자치도 삼척시 도계읍 늑구리,20230611,,3,
5123025028,강원특별자치도 삼척시 도계읍 점리,20230611,,3,
5123025029,강원특별자치도 삼척시 도계읍 마교리,20230611,,3,
5123025030,강원특별자치도 삼척시 도계읍 도계리,20230611,,3,
5123025031,강원특별자치도 삼척시 도계읍 상덕리,20230611,,3,
5123025032,강원특별자치도 삼척시 도계읍 황조리,20230611,,3,
5123025033,강원특별자치도 삼척시 도계읍 전두리,20230611,,3,
5123025034,강원특별자치도 삼척시 도계읍 흥전리,20230611,,3,
5123025035,강원특별자치도 삼척시 도계읍 심포리,20230611,,3,
5123025036,강원특별자치도 삼척시 도계읍 구사리,20230611,,3,
5123025037,강원특별자치도 삼척시 도계읍 신리,20230611,,3,
5123025300,원덕읍,20230611,,2,5123000000
5123025321,강원특별자치도 삼척시 원덕읍 갈남리,20230611,,3,
5123025322,강원특별자치도 삼척시 원덕읍 임원리,20230611,,3,
5123025323,강원특별자치도 삼척시 원덕읍 노곡리,20230611,,3,
5123025324,강원특별자치도 삼척시 원덕읍 이천리,20230611,,3,
5123025325,강원특별자치도 삼척시 원덕읍 옥원리,20230611,,3,
5123025326,강원특별자치도 삼척시 원덕읍 호산리,20230611,,3,
5123025327,강원특별자치도 삼척시 원덕읍 월천리,20230611,,3,
5123025328,강원특별자치도 삼척시 원덕읍 노경리,20230611,,3,
5123025330,강원특별자치도 삼척시 원덕읍 사곡리,20230611,,3,
5123025331,강원특별자치도 삼척시 원덕읍 기곡리,20230611,,3,
5123025332,강원특별자치도 삼척시 원덕읍 산양리,20230611,,3,
5123031000,근덕면,20230611,,2,5123000000
5123031021,강원특별자치도 삼척시 근덕면 상맹방리,20230611,,3,
5123031022,강원특별자치도 삼척시 근덕면 하맹방리,20230611,,3,
5123031023,강원특별자치도 삼척시 근덕면 금계리,20230611,,3,
5123031024,강원특별자치도 삼척시 근덕면 교가리,20230611,,3,
5123031025,강원특별자치도 삼척시 근덕면 교곡리,20230611,,3,
5123031026,강원특별자치도 삼척시 근덕면 덕산리,20230611,,3,
5123031027,강원특별자치도 삼척시 근덕면 부남리,20230611,,3,
5123031028,강원특별자치도 삼척시 근덕면 광태리,20230611,,3,
5123031029,강원특별자치도 삼척시 근덕면 동막리,20230611,,3,
5123031030,강원특별자치도 삼척시 근덕면 궁촌리,20230611,,3,
5123031031,강원특별자치도 삼척시 근덕면 매원리,20230611,,3,
5123031032,강원특별자치도 삼척시 근덕면 초곡리,20230611,,3,
5123031033,강원특별자치도 삼척시 근덕면 용화리,20230611,,3,
5123031034,강원특별자치도 삼척시 근덕면 장호리,20230611,,3,
5123032000,하장면,20230611,,2,5123000000
5123032021,강원특별자치도 삼척시 하장면 중봉리,20230611,,3,
5123032022,강원특별자치도 삼척시 하장면 번천리,20230611,,3,
5123032023,강원특별자치도 삼척시 하장면 숙암리,20230611,,3,
5123032024,강원특별자치도 삼척시 하장면 광동리,20230611,,3,
5123032025,강원특별자치도 삼척시 하장면 장전리,20230611,,3,
5123032026,강원특별자치도 삼척시 하장면 추동리,20230611,,3,
5123032027,강원특별자치도 삼척시 하장면 한소리,20230611,,3,
5123032028,강원특별자치도 삼척시 하장면 토산리,20230611,,3,
5123032029,강원특별자치도 삼척시 하장면 갈전리,20230611,,3,
5123032030,강원특별자치도 삼척시 하장면 공전리,20230611,,3,
5123032031,강원특별자치도 삼척시 하장면 둔전리,20230611,,3,
5123032032,강원특별자치도 삼척시 하장면 역둔리,20230611,,3,
5123032033,강원특별자치도 삼척시 하장면 대전리,20230611,,3,
5123032034,강원특별자치도 삼척시 하장면 어리,20230611,,3,
5123032035,강원특별자치도 삼척시 하장면 판문리,20230611,,3,
5123032036,강원특별자치도 삼척시 하장면 용연리,20230611,,3,
5123033000,노곡면,20230611,,2,5123000000
5123033021,강원특별자치도 삼척시 노곡면 여삼리,20230611,,3,
5123033022,강원특별자치도 삼척시 노곡면 상천기리,20230611,,3,
5123033023,강원특별자치도 삼척시 노곡면 하반천리,20230611,,3,
5123033024,강원특별자치도 삼척시 노곡면 상반천리,20230611,,3,
5123033025,강원특별자치도 삼척시 노곡면 우발리,20230611,,3,
5123033026,강원특별자치도 삼척시 노곡면 고자리,20230611,,3,
5123033027,강원특별자치도 삼척시 노곡면 하월산리,20230611,,3,
5123033028,강원특별자치도 삼척시 노곡면 개산리,20230611,,3,
5123033029,강원특별자치도 삼척시 노곡면 상월산리,20230611,,3,
5123033030,강원특별자치도 삼척시 노곡면 하군천리,20230611,,3,
5123033031,강원특별자치도 삼척시 노곡면 상군천리,20230611,,3,
5123033032,강원특별자치도 삼척시 노곡면 둔달리,20230611,,3,
5123033033,강원특별자치도 삼척시 노곡면 주지리,20230611,,3,
5123033034,강원특별자치도 삼척시 노곡면 하마읍리,20230611,,3,
5123033035,강원특별자치도 삼척시 노곡면 중마읍리,20230611,,3,
5123033036,강원특별자치도 삼척시 노곡면 상마읍리,20230611,,3,
5123034000,미로면,20230611,,2,5123000000
5123034021,강원특별자치도 삼척시 미로면 무사리,20230611,,3,
5123034022,강원특별자치도 삼척시 미로면 사둔리,20230611,,3,
5123034023,강원특별자치도 삼척시 미로면 하거노리,20230611,,3,
5123034024,강원특별자치도 삼척시 미로면 상거노리,20230611,,3,
5123034025,강원특별자치도 삼척시 미로면 상정리,20230611,,3,
5123034026,강원특별자치도 삼척시 미로면 하정리,20230611,,3,
5123034027,강원특별자치도 삼척시 미로면 천기리,20230611,,3,
5123034028,강원특별자치도 삼척시 미로면 활기리,20230611,,3,
5123034029,강원특별자치도 삼척시 미로면 하사전리,20230611,,3,
5123034030,강원특별자치도 삼척시 미로면 동산리,20230611,,3,
5123034031,강원특별자치도 삼척시 미로면 상사전리,20230611,,3,
5123034032,강원특별자치도 삼척시 미로면 삼거리,20230611,,3,
5123034033,강원특별자치도 삼척시 미로면 고천리,20230611,,3,
5123034034,강원특별자치도 삼척시 미로면 내미로리,20230611,,3,
5123035000,가곡면,20230611,,2,5123000000
5123035021,강원특별자치도 삼척시 가곡면 오목리,20230611,,3,
5123035022,강원특별자치도 삼척시 가곡면 탕곡리,20230611,,3,
5123035023,강원특별자치도 삼척시 가곡면 오저리,20230611,,3,
5123035024,강원특별자치도 삼척시 가곡면 풍곡리,20230611,,3,
5123035025,강원특별자치도 삼척시 가곡면 동활리,20230611,,3,
5123036000,신기면,20230611,,2,5123000000
5123036021,강원특별자치도 삼척시 신기면 신기리,20230611,,3,
5123036022,강원특별자치도 삼척시 신기면 서하리,20230611,,3,
5123036023,강원특별자치도 삼척시 신기면 고무릉리,20230611,,3,
5123036024,강원특별자치도 삼척시 신기면 대이리,20230611,,3,
5123036025,강원특별자치도 삼척시 신기면 대기리,20230611,,3,
5123036026,강원특별자치도 삼척시 신기면 안의리,20230611,,3,
5123036027,강원특별자치도 삼척시 신기면 대평리,20230611,,3,
5123036028,강원특별자치도 삼척시 신기면 마차리,20230611,,3,
5172000000,홍천군,20230611,,1,5100000000
5172025000,홍천읍,20230611,,2,5172000000
5172025021,강원특별자치도 홍천군 홍천읍 진리,20230611,,3,
5172025022,강원특별자치도 홍천군 홍천읍 신장대리,20230611,,3,
5172025023,강원특별자치도 홍천군 홍천읍 희망리,20230611,,3,
5172025024,강원특별자치도 홍천군 홍천읍 갈마곡리,20230611,,3,
5172025025,강원특별자치도 홍천군 홍천읍 검율리,20230611,,3,
5172025026,강원특별자치도 홍천군 홍천읍 와동리,20230611,,3,
5172025027,강원특별자치도 홍천군 홍천읍 결운리,20230611,,3,
5172025028,강원특별자치도 홍천군 홍천읍 태학리,20230611,,3,
5172025029,강원특별자치도 홍천군 홍천읍 연봉리,20230611,,3,
5172025030,강원특별자치도 홍천군 홍천읍 하오안리,20230611,,3,
5172025031,강원특별자치도 홍천군 홍천읍 장전평리,20230611,,3,
5172025032,강원특별자치도 홍천군 홍천읍 삼마치리,20230611,,3,
5172025033,강원특별자치도 홍천군 홍천읍 상오안리,20230611,,3,
5172031000,화촌면,20230611,,2,5172000000
5172031021,강원특별자치도 홍천군 화촌면 송정리,20230611,,3,
5172031022,강원특별자치도 홍천군 화촌면 내삼포리,20230611,,3,
5172031023,강원특별자치도 홍천군 화촌면 성산리,20230611,,3,
5172031024,강원특별자치도 홍천군 화촌면 야시대리,20230611,,3,
5172031025,강원특별자치도 홍천군 화촌면 주음치리,20230611,,3,
5172031026,강원특별자치도 홍천군 화촌면 군업리,20230611,,3,
5172031027,강원특별자치도 홍천군 화촌면 장평리,20230611,,3,
5172031028,강원특별자치도 홍천군 화촌면 굴운리,20230611,,3,
5172031029,강원특별자치도 홍천군 화촌면 구성포리,20230611,,3,
5172031030,강원특별자치도 홍천군 화촌면 풍천리,20230611,,3,
5172031031,강원특별자치도 홍천군 화촌면 외삼포리,20230611,,3,
5172032000,두촌면,20230611,,2,5172000000
5172032021,강원특별자치도 홍천군 두촌면 철정리,20230611,,3,
5172032022,강원특별자치도 홍천군 두촌면 역내리,20230611,,3,
5172032023,강원특별자치도 홍천군 두촌면 천현리,20230611,,3,
5172032024,강원특별자치도 홍천군 두촌면 자은리,20230611,,3,
5172032025,강원특별자치도 홍천군 두촌면 원동리,20230611,,3,
5172032026,강원특별자치도 홍천군 두촌면 장남리,20230611,,3,
5172032027,강원특별자치도 홍천군 두촌면 괘석리,20230611,,3,
5172033000,내촌면,20230611,,2,5172000000
5172033021,강원특별자치도 홍천군 내촌면 물걸리,20230611,,3,
5172033022,강원특별자치도 홍천군 내촌면 와야리,20230611,,3,
5172033023,강원특별자치도 홍천군 내촌면 서곡리,20230611,,3,
5172033024,강원특별자치도 홍천군 내촌면 도관리,20230611,,3,
5172033025,강원특별자치도 홍천군 내촌면 답풍리,20230611,,3,
5172033026,강원특별자치도 홍천군 내촌면 화상대리,20230611,,3,
5172033027,강원특별자치도 홍천군 내촌면 문현리,20230611,,3,
5172033028,강원특별자치도 홍천군 내촌면 광암리,20230611,,3,
5172034000,서석면,20230611,,2,5172000000
5172034021,강원특별자치도 홍천군 서석면 풍암리,20230611,,3,
5172034022,강원특별자치도 홍천군 서석면 검산리,20230611,,3,
5172034023,강원특별자치도 홍천군 서석면 생곡리,20230611,,3,
5172034024,강원특별자치도 홍천군 서석면 상군두리,20230611,,3,
5172034025,강원특별자치도 홍천군 서석면 하군두리,20230611,,3,
5172034026,강원특별자치도 홍천군 서석면 청량리,20230611,,3,
5172034027,강원특별자치도 홍천군 서석면 어론리,20230611,,3,
5172034028,강원특별자치도 홍천군 서석면 수하리,20230611,,3,
5172035200,영귀미면,20230611,,2,5172000000
5172035221,강원특별자치도 홍천군 영귀미면 속초리,20230611,,3,
5172035222,강원특별자치도 홍천군 영귀미면 신봉리,20230611,,3,
5172035223,강원특별자치도 홍천군 영귀미면 덕치리,20230611,,3,
5172035224,강원특별자치도 홍천군 영귀미면 성수리,20230611,,3,
5172035225,강원특별자치도 홍천군 영귀미면 삼현리,20230611,,3,
5172035226,강원특별자치도 홍천군 영귀미면 방량리,20230611,,3,
5172035227,강원특별자치도 홍천군 영귀미면 월운리,20230611,,3,
5172035228,강원특별자치도 홍천군 영귀미면 후동리,20230611,,3,
5172035229,강원특별자치도 홍천군 영귀미면 개운리,20230611,,3,
5172035230,강원특별자치도 홍천군 영귀미면 노천리,20230611,,3,
5172035231,강원특별자치도 홍천군 영귀미면 좌운리,20230611,,3,
5172036000,남면,20230611,,2,5172000000
5172036021,강원특별자치도 홍천군 남면 양덕원리,20230611,,3,
5172036022,강원특별자치도 홍천군 남면 유목정리,20230611,,3,
5172036023,강원특별자치도 홍천군 남면 신대리,20230611,,3,
5172036024,강원특별자치도 홍천군 남면 시동리,20230611,,3,
5172036025,강원특별자치도 홍천군 남면 유치리,20230611,,3,
5172036026,강원특별자치도 홍천군 남면 월천리,20230611,,3,
5172036027,강원특별자치도 홍천군 남면 명동리,20230611,,3,
5172036028,강원특별자치도 홍천군 남면 제곡리,20230611,,3,
5172036029,강원특별자치도 홍천군 남면 용수리,20230611,,3,
5172036030,강원특별자치도 홍천군 남면 남노일리,20230611,,3,
5172036031,강원특별자치도 홍천군 남면 화전리,20230611,,3,
5172037000,서면,20230611,,2,5172000000
5172037021,강원특별자치도 홍천군 서면 반곡리,20230611,,3,
5172037022,강원특별자치도 홍천군 서면 어유포리,20230611,,3,
5172037023,강원특별자치도 홍천군 서면 팔봉리,20230611,,3,
5172037024,강원특별자치도 홍천군 서면 굴업리,20230611,,3,
5172037025,강원특별자치도 홍천군 서면 대곡리,20230611,,3,
5172037026,강원특별자치도 홍천군 서면 중방대리,20230611,,3,
5172037027,강원특별자치도 홍천군 서면 길곡리,20230611,,3,
5172037028,강원특별자치도 홍천군 서면 동막리,20230611,,3,
5172037029,강원특별자치도 홍천군 서면 모곡리,20230611,,3,
5172037030,강원특별자치도 홍천군 서면 마곡리,20230611,,3,
5172037031,강원특별자치도 홍천군 서면 개야리,20230611,,3,
5172037032,강원특별자치도 홍천군 서면 두미리,20230611,,3,
5172038000,북방면,20230611,,2,5172000000
5172038021,강원특별자치도 홍천군 북방면 상화계리,20230611,,3,
5172038022,강원특별자치도 홍천군 북방면 화동리,20230611,,3,
5172038023,강원특별자치도 홍천군 북방면 중화계리,20230611,,3,
5172038024,강원특별자치도 홍천군 북방면 성동리,20230611,,3,
5172038025,강원특별자치도 홍천군 북방면 북방리,20230611,,3,
5172038026,강원특별자치도 홍천군 북방면 능평리,20230611,,3,
5172038027,강원특별자치도 홍천군 북방면 부사원리,20230611,,3,
5172038028,강원특별자치도 홍천군 북방면 본궁리,20230611,,3,
5172038029,강원특별자치도 홍천군 북방면 역전평리,20230611,,3,
5172038030,강원특별자치도 홍천군 북방면 원소리,20230611,,3,
5172038031,강원특별자치도 홍천군 북방면 구만리,20230611,,3,
5172038032,강원특별자치도 홍천군 북방면 노일리,20230611,,3,
5172038033,강원특별자치도 홍천군 북방면 장항리,20230611,,3,
5172038034,강원특별자치도 홍천군 북방면 굴지리,20230611,,3,
5172038035,강원특별자치도 홍천군 북방면 도사곡리,20230611,,3,
5172038036,강원특별자치도 홍천군 북방면 소매곡리,20230611,,3,
5172038037,강원특별자치도 홍천군 북방면 하화계리,20230611,,3,
5172038038,강원특별자치도 홍천군 북방면 전치곡리,20230611,,3,
5172039000,내면,20230611,,2,5172000000
5172039021,강원특별자치도 홍천군 내면 창촌리,20230611,,3,
5172039022,강원특별자치도 홍천군 내면 광원리,20230611,,3,
5172039023,강원특별자치도 홍천군 내면 명개리,20230611,,3,
5172039024,강원특별자치도 홍천군 내면 율전리,20230611,,3,
5172039025,강원특별자치도 홍천군 내면 자운리,20230611,,3,
5172039026,강원특별자치도 홍천군 내면 방내리,20230611,,3,
5173000000,횡성군,20230611,,1,5100000000
5173025000,횡성읍,20230611,,2,5173000000
5173025021,강원특별자치도 횡성군 횡성읍 읍상리,20230611,,3,
5173025022,강원특별자치도 횡성군 횡성읍 읍하리,20230611,,3,
5173025023,강원특별자치도 횡성군 횡성읍 북천리,20230611,,3,
5173025024,강원특별자치도 횡성군 횡성읍 내지리,20230611,,3,
5173025025,강원특별자치도 횡성군 횡성읍 마옥리,20230611,,3,
5173025026,강원특별자치도 횡성군 횡성읍 송전리,20230611,,3,
5173025027,강원특별자치도 횡성군 횡성읍 궁천리,20230611,,3,
5173025028,강원특별자치도 횡성군 횡성읍 옥동리,20230611,,3,
5173025029,강원특별자치도 횡성군 횡성읍 영영포리,20230611,,3,
5173025030,강원특별자치도 횡성군 횡성읍 개전리,20230611,,3,
5173025031,강원특별자치도 횡성군 횡성읍 마산리,20230611,,3,
5173025032,강원특별자치도 횡성군 횡성읍 조곡리,20230611,,3,
5173025033,강원특별자치도 횡성군 횡성읍 생운리,20230611,,3,
5173025034,강원특별자치도 횡성군 횡성읍 남산리,20230611,,3,
5173025035,강원특별자치도 횡성군 횡성읍 교항리,20230611,,3,
5173025036,강원특별자치도 횡성군 횡성읍 입석리,20230611,,3,
5173025037,강원특별자치도 횡성군 횡성읍 청용리,20230611,,3,
5173025038,강원특별자치도 횡성군 횡성읍 묵계리,20230611,,3,
5173025039,강원특별자치도 횡성군 횡성읍 곡교리,20230611,,3,
5173025040,강원특별자치도 횡성군 횡성읍 모평리,20230611,,3,
5173025041,강원특별자치도 횡성군 횡성읍 반곡리,20230611,,3,
5173025042,강원특별자치도 횡성군 횡성읍 갈풍리,20230611,,3,
5173025043,강원특별자치도 횡성군 횡성읍 학곡리,20230611,,3,
5173025044,강원특별자치도 횡성군 횡성읍 가담리,20230611,,3,
5173025045,강원특별자치도 횡성군 횡성읍 추동리,20230611,,3,
5173025046,강원특별자치도 횡성군 횡성읍 정암리,20230611,,3,
5173031000,우천면,20230611,,2,5173000000
5173031021,강원특별자치도 횡성군 우천면 두곡리,20230611,,3,
5173031022,강원특별자치도 횡성군 우천면 용둔리,20230611,,3,
5173031023,강원특별자치도 횡성군 우천면 산전리,20230611,,3,
5173031024,강원특별자치도 횡성군 우천면 상하가리,20230611,,3,
5173031025,강원특별자치도 횡성군 우천면 정금리,20230611,,3,
5173031026,강원특별자치도 횡성군 우천면 하궁리,20230611,,3,
5173031027,강원특별자치도 횡성군 우천면 상대리,20230611,,3,
5173031028,강원특별자치도 횡성군 우천면 하대리,20230611,,3,
5173031029,강원특별자치도 횡성군 우천면 오원리,20230611,,3,
5173031030,강원특별자치도 횡성군 우천면 백달리,20230611,,3,
5173031031,강원특별자치도 횡성군 우천면 우항리,20230611,,3,
5173031032,강원특별자치도 횡성군 우천면 양적리,20230611,,3,
5173031033,강원특별자치도 횡성군 우천면 법주리,20230611,,3,
5173031034,강원특별자치도 횡성군 우천면 문암리,20230611,,3,
5173032000,안흥면,20230611,,2,5173000000
5173032021,강원특별자치도 횡성군 안흥면 안흥리,20230611,,3,
5173032022,강원특별자치도 횡성군 안흥면 가천리,20230611,,3,
5173032023,강원특별자치도 횡성군 안흥면 송한리,20230611,,3,
5173032024,강원특별자치도 횡성군 안흥면 상안리,20230611,,3,
5173032025,강원특별자치도 횡성군 안흥면 지구리,20230611,,3,
5173032026,강원특별자치도 횡성군 안흥면 소사리,20230611,,3,
5173032027,강원특별자치도 횡성군 안흥면 성산리,20230611,,3,
5173033000,둔내면,20230611,,2,5173000000
5173033021,강원특별자치도 횡성군 둔내면 현천리,20230611,,3,
5173033022,강원특별자치도 횡성군 둔내면 둔방내리,20230611,,3,
5173033023,강원특별자치도 횡성군 둔내면 영랑리,20230611,,3,
5173033024,강원특별자치도 횡성군 둔내면 조항리,20230611,,3,
5173033025,강원특별자치도 횡성군 둔내면 우용리,20230611,,3,
5173033026,강원특별자치도 횡성군 둔내면 두원리,20230611,,3,
5173033027,강원특별자치도 횡성군 둔내면 자포곡리,20230611,,3,
5173033028,강원특별자치도 횡성군 둔내면 석문리,20230611,,3,
5173033029,강원특별자치도 횡성군 둔내면 삽교리,20230611,,3,
5173033030,강원특별자치도 횡성군 둔내면 마암리,20230611,,3,
5173033031,강원특별자치도 횡성군 둔내면 화동리,20230611,,3,
5173033032,강원특별자치도 횡성군 둔내면 궁종리,20230611,,3,
5173033033,강원특별자치도 횡성군 둔내면 태기리,20230611,,3,
5173034000,갑천면,20230611,,2,5173000000
5173034021,강원특별자치도 횡성군 갑천면 중금리,20230611,,3,
5173034022,강원특별자치도 횡성군 갑천면 부동리,20230611,,3,
5173034023,강원특별자치도 횡성군 갑천면 화전리,20230611,,3,
5173034024,강원특별자치도 횡성군 갑천면 구방리,20230611,,3,
5173034025,강원특별자치도 횡성군 갑천면 포동리,20230611,,3,
5173034026,강원특별자치도 횡성군 갑천면 매일리,20230611,,3,
5173034027,강원특별자치도 횡성군 갑천면 하대리,20230611,,3,
5173034028,강원특별자치도 횡성군 갑천면 상대리,20230611,,3,
5173034029,강원특별자치도 횡성군 갑천면 율동리,20230611,,3,
5173034030,강원특별자치도 횡성군 갑천면 삼거리,20230611,,3,
5173034031,강원특별자치도 횡성군 갑천면 전촌리,20230611,,3,
5173034032,강원특별자치도 횡성군 갑천면 추동리,20230611,,3,
5173034033,강원특별자치도 횡성군 갑천면 대관대리,20230611,,3,
5173034034,강원특별자치도 횡성군 갑천면 병지방리,20230611,,3,
5173035000,청일면,20230611,,2,5173000000
5173035021,강원특별자치도 횡성군 청일면 봉명리,20230611,,3,
5173035022,강원특별자치도 횡성군 청일면 속실리,20230611,,3,
5173035023,강원특별자치도 횡성군 청일면 춘당리,20230611,,3,
5173035024,강원특별자치도 횡성군 청일면 유동리,20230611,,3,
5173035025,강원특별자치도 횡성군 청일면 초현리,20230611,,3,
5173035026,강원특별자치도 횡성군 청일면 유평리,20230611,,3,
5173035027,강원특별자치도 횡성군 청일면 갑천리,20230611,,3,
5173035028,강원특별자치도 횡성군 청일면 고시리,20230611,,3,
5173035029,강원특별자치도 횡성군 청일면 신대리,20230611,,3,
5173036000,공근면,20230611,,2,5173000000
5173036021,강원특별자치도 횡성군 공근면 상동리,20230611,,3,
5173036022,강원특별자치도 횡성군 공근면 부창리,20230611,,3,
5173036023,강원특별자치도 횡성군 공근면 어둔리,20230611,,3,
5173036024,강원특별자치도 횡성군 공근면 공근리,20230611,,3,
5173036025,강원특별자치도 횡성군 공근면 가곡리,20230611,,3,
5173036026,강원특별자치도 횡성군 공근면 삼배리,20230611,,3,
5173036027,강원특별자치도 횡성군 공근면 청곡리,20230611,,3,
5173036028,강원특별자치도 횡성군 공근면 행정리,20230611,,3,
5173036029,강원특별자치도 횡성군 공근면 상창봉리,20230611,,3,
5173036030,강원특별자치도 횡성군 공근면 창봉리,20230611,,3,
5173036031,강원특별자치도 횡성군 공근면 도곡리,20230611,,3,
5173036032,강원특별자치도 횡성군 공근면 초원리,20230611,,3,
5173036033,강원특별자치도 횡성군 공근면 학담리,20230611,,3,
5173036034,강원특별자치도 횡성군 공근면 매곡리,20230611,,3,
5173036035,강원특별자치도 횡성군 공근면 오산리,20230611,,3,
5173036036,강원특별자치도 횡성군 공근면 수백리,20230611,,3,
5173036037,강원특별자치도 횡성군 공근면 덕촌리,20230611,,3,
5173036038,강원특별자치도 횡성군 공근면 신촌리,20230611,,3,
5173037000,서원면,20230611,,2,5173000000
5173037021,강원특별자치도 횡성군 서원면 창촌리,20230611,,3,
5173037022,강원특별자치도 횡성군 서원면 압곡리,20230611,,3,
5173037023,강원특별자치도 횡성군 서원면 옥계리,20230611,,3,
5173037024,강원특별자치도 횡성군 서원면 석화리,20230611,,3,
5173037025,강원특별자치도 횡성군 서원면 유현리,20230611,,3,
5173037026,강원특별자치도 횡성군 서원면 금대리,20230611,,3,
5173038000,강림면,20230611,,2,5173000000
5173038021,강원특별자치도 횡성군 강림면 강림리,20230611,,3,
5173038022,강원특별자치도 횡성군 강림면 부곡리,20230611,,3,
5173038023,강원특별자치도 횡성군 강림면 월현리,20230611,,3,
5175000000,영월군,20230611,,1,5100000000
5175025000,영월읍,20230611,,2,5175000000
5175025021,강원특별자치도 영월군 영월읍 영흥리,20230611,,3,
5175025022,강원특별자치도 영월군 영월읍 하송리,20230611,,3,
5175025023,강원특별자치도 영월군 영월읍 방절리,20230611,,3,
5175025024,강원특별자치도 영월군 영월읍 덕포리,20230611,,3,
5175025025,강원특별자치도 영월군 영월읍 삼옥리,20230611,,3,
5175025026,강원특별자치도 영월군 영월읍 거운리,20230611,,3,
5175025027,강원특별자치도 영월군 영월읍 문산리,20230611,,3,
5175025028,강원특별자치도 영월군 영월읍 연하리,20230611,,3,
5175025029,강원특별자치도 영월군 영월읍 정양리,20230611,,3,
5175025030,강원특별자치도 영월군 영월읍 팔괴리,20230611,,3,
5175025031,강원특별자치도 영월군 영월읍 흥월리,20230611,,3,
5175025300,상동읍,20230611,,2,5175000000
5175025321,강원특별자치도 영월군 상동읍 내덕리,20230611,,3,
5175025322,강원특별자치도 영월군 상동읍 구래리,20230611,,3,
5175025323,강원특별자치도 영월군 상동읍 천평리,20230611,,3,
5175025324,강원특별자치도 영월군 상동읍 덕구리,20230611,,3,
5175031200,산솔면,20230611,,2,5175000000
5175031221,강원특별자치도 영월군 산솔면 녹전리,20230611,,3,
5175031222,강원특별자치도 영월군 산솔면 직동리,20230611,,3,
5175031223,강원특별자치도 영월군 산솔면 이목리,20230611,,3,
5175031224,강원특별자치도 영월군 산솔면 화원리,20230611,,3,
5175031225,강원특별자치도 영월군 산솔면 연상리,20230611,,3,
5175031226,강원특별자치도 영월군 산솔면 석항리,20230611,,3,
5175032500,김삿갓면,20230611,,2,5175000000
5175032521,강원특별자치도 영월군 김삿갓면 진별리,20230611,,3,
5175032522,강원특별자치도 영월군 김삿갓면 각동리,20230611,,3,
5175032523,강원특별자치도 영월군 김삿갓면 대야리,20230611,,3,
5175032524,강원특별자치도 영월군 김삿갓면 옥동리,20230611,,3,
5175032525,강원특별자치도 영월군 김삿갓면 예밀리,20230611,,3,
5175032526,강원특별자치도 영월군 김삿갓면 주문리,20230611,,3,
5175032527,강원특별자치도 영월군 김삿갓면 와석리,20230611,,3,
5175032528,강원특별자치도 영월군 김삿갓면 외룡리,20230611,,3,
5175032529,강원특별자치도 영월군 김삿갓면 내리,20230611,,3,
5175033000,북면,20230611,,2,5175000000
5175033021,강원특별자치도 영월군 북면 마차리,20230611,,3,
5175033022,강원특별자치도 영월군 북면 문곡리,20230611,,3,
5175033023,강원특별자치도 영월군 북면 연덕리,20230611,,3,
5175033024,강원특별자치도 영월군 북면 공기리,20230611,,3,
5175033025,강원특별자치도 영월군 북면 덕상리,20230611,,3,
5175034000,남면,20230611,,2,5175000000
5175034021,강원특별자치도 영월군 남면 연당리,20230611,,3,
5175034022,강원특별자치도 영월군 남면 창원리,20230611,,3,
5175034023,강원특별자치도 영월군 남면 토교리,20230611,,3,
5175034024,강원특별자치도 영월군 남면 광천리,20230611,,3,
5175034025,강원특별자치도 영월군 남면 조전리,20230611,,3,
5175034026,강원특별자치도 영월군 남면 북쌍리,20230611,,3,
5175035500,한반도면,20230611,,2,5175000000
5175035521,강원특별자치도 영월군 한반도면 옹정리,20230611,,3,
5175035522,강원특별자치도 영월군 한반도면 광전리,20230611,,3,
5175035523,강원특별자치도 영월군 한반도면 신천리,20230611,,3,
5175035524,강원특별자치도 영월군 한반도면 후탄리,20230611,,3,
5175035525,강원특별자치도 영월군 한반도면 쌍용리,20230611,,3,
5175036000,주천면,20230611,,2,5175000000
5175036021,강원특별자치도 영월군 주천면 주천리,20230611,,3,
5175036022,강원특별자치도 영월군 주천면 판운리,20230611,,3,
5175036023,강원특별자치도 영월군 주천면 도천리,20230611,,3,
5175036024,강원특별자치도 영월군 주천면 신일리,20230611,,3,
5175036025,강원특별자치도 영월군 주천면 금마리,20230611,,3,
5175036026,강원특별자치도 영월군 주천면 용석리,20230611,,3,
5175038000,무릉도원면,20230611,,2,5175000000
5175038021,강원특별자치도 영월군 무릉도원면 무릉리,20230611,,3,
5175038022,강원특별자치도 영월군 무릉도원면 법흥리,20230611,,3,
5175038023,강원특별자치도 영월군 무릉도원면 도원리,20230611,,3,
5175038024,강원특별자치도 영월군 무릉도원면 운학리,20230611,,3,
5175038025,강원특별자치도 영월군 무릉도원면 두산리,20230611,,3,
5176000000,평창군,20230611,,1,5100000000
5176025000,평창읍,20230611,,2,5176000000
5176025021,강원특별자치도 평창군 평창읍 상리,20230611,,3,
5176025022,강원특별자치도 평창군 평창읍 중리,20230611,,3,
5176025023,강원특별자치도 평창군 평창읍 하리,20230611,,3,
5176025024,강원특별자치도 평창군 평창읍 천변리,20230611,,3,
5176025025,강원특별자치도 평창군 평창읍 종부리,20230611,,3,
5176025026,강원특별자치도 평창군 평창읍 노론리,20230611,,3,
5176025027,강원특별자치도 평창군 평창읍 이곡리,20230611,,3,
5176025028,강원특별자치도 평창군 평창읍 조동리,20230611,,3,
5176025029,강원특별자치도 평창군 평창읍 고길리,20230611,,3,
5176025030,강원특별자치도 평창군 평창읍 지동리,20230611,,3,
5176025031,강원특별자치도 평창군 평창읍 유동리,20230611,,3,
5176025032,강원특별자치도 평창군 평창읍 약수리,20230611,,3,
5176025033,강원특별자치도 평창군 평창읍 조둔리,20230611,,3,
5176025034,강원특별자치도 평창군 평창읍 천동리,20230611,,3,
5176025035,강원특별자치도 평창군 평창읍 도돈리,20230611,,3,
5176025036,강원특별자치도 평창군 평창읍 마지리,20230611,,3,
5176025037,강원특별자치도 평창군 평창읍 응암리,20230611,,3,
5176025038,강원특별자치도 평창군 평창읍 대상리,20230611,,3,
5176025039,강원특별자치도 평창군 평창읍 대하리,20230611,,3,
5176025040,강원특별자치도 평창군 평창읍 입탄리,20230611,,3,
5176025041,강원특별자치도 평창군 평창읍 향동리,20230611,,3,
5176025042,강원특별자치도 평창군 평창읍 여만리,20230611,,3,
5176025043,강원특별자치도 평창군 평창읍 후평리,20230611,,3,
5176025044,강원특별자치도 평창군 평창읍 주진리,20230611,,3,
5176025045,강원특별자치도 평창군 평창읍 용항리,20230611,,3,
5176025046,강원특별자치도 평창군 평창읍 임하리,20230611,,3,
5176025047,강원특별자치도 평창군 평창읍 계장리,20230611,,3,
5176025048,강원특별자치도 평창군 평창읍 다수리,20230611,,3,
5176025049,강원특별자치도 평창군 평창읍 하일리,20230611,,3,
5176025050,강원특별자치도 평창군 평창읍 원당리,20230611,,3,
5176025051,강원특별자치도 평창군 평창읍 뇌운리,20230611,,3,
5176031000,미탄면,20230611,,2,5176000000
5176031021,강원특별자치도 평창군 미탄면 창리,20230611,,3,
5176031022,강원특별자치도 평창군 미탄면 율치리,20230611,,3,
5176031023,강원특별자치도 평창군 미탄면 회동리,20230611,,3,
5176031024,강원특별자치도 평창군 미탄면 평안리,20230611,,3,
5176031025,강원특별자치도 평창군 미탄면 백운리,20230611,,3,
5176031026,강원특별자치도 평창군 미탄면 한탄리,20230611,,3,
5176031027,강원특별자치도 평창군 미탄면 기화리,20230611,,3,
5176031028,강원특별자치도 평창군 미탄면 마하리,20230611,,3,
5176031029,강원특별자치도 평창군 미탄면 수청리,20230611,,3,
5176032000,방림면,20230611,,2,5176000000
5176032021,강원특별자치도 평창군 방림면 방림리,20230611,,3,
5176032022,강원특별자치도 평창군 방림면 운교리,20230611,,3,
5176032023,강원특별자치도 평창군 방림면 계촌리,20230611,,3,
5176033000,대화면,20230611,,2,5176000000
5176033021,강원특별자치도 평창군 대화면 대화리,20230611,,3,
5176033022,강원특별자치도 평창군 대화면 신리,20230611,,3,
5176033023,강원특별자치도 평창군 대화면 개수리,20230611,,3,
5176033024,강원특별자치도 평창군 대화면 상안미리,20230611,,3,
5176033025,강원특별자치도 평창군 대화면 하안미리,20230611,,3,
5176034000,봉평면,20230611,,2,5176000000
5176034021,강원특별자치도 평창군 봉평면 창동리,20230611,,3,
5176034022,강원특별자치도 평창군 봉평면 평촌리,20230611,,3,
5176034023,강원특별자치도 평창군 봉평면 유포리,20230611,,3,
5176034024,강원특별자치도 평창군 봉평면 진조리,20230611,,3,
5176034025,강원특별자치도 평창군 봉평면 면온리,20230611,,3,
5176034026,강원특별자치도 평창군 봉평면 무이리,20230611,,3,
5176034027,강원특별자치도 평창군 봉평면 흥정리,20230611,,3,
5176034028,강원특별자치도 평창군 봉평면 원길리,20230611,,3,
5176034029,강원특별자치도 평창군 봉평면 덕거리,20230611,,3,
5176035000,용평면,20230611,,2,5176000000
5176035021,강원특별자치도 평창군 용평면 용전리,20230611,,3,
5176035022,강원특별자치도 평창군 용평면 이목정리,20230611,,3,
5176035023,강원특별자치도 평창군 용평면 속사리,20230611,,3,
5176035024,강원특별자치도 평창군 용평면 노동리,20230611,,3,
5176035025,강원특별자치도 평창군 용평면 도사리,20230611,,3,
5176035026,강원특별자치도 평창군 용평면 백옥포리,20230611,,3,
5176035027,강원특별자치도 평창군 용평면 장평리,20230611,,3,
5176035028,강원특별자치도 평창군 용평면 재산리,20230611,,3,
5176036000,진부면,20230611,,2,5176000000
5176036021,강원특별자치도 평창군 진부면 하진부리,20230611,,3,
5176036022,강원특별자치도 평창군 진부면 상진부리,20230611,,3,
5176036023,강원특별자치도 평창군 진부면 송정리,20230611,,3,
5176036024,강원특별자치도 평창군 진부면 두일리,20230611,,3,
5176036025,강원특별자치도 평창군 진부면 척천리,20230611,,3,
5176036026,강원특별자치도 평창군 진부면 탑동리,20230611,,3,
5176036027,강원특별자치도 평창군 진부면 동산리,20230611,,3,
5176036028,강원특별자치도 평창군 진부면 간평리,20230611,,3,
5176036029,강원특별자치도 평창군 진부면 상월오개리,20230611,,3,
5176036030,강원특별자치도 평창군 진부면 거문리,20230611,,3,
5176036031,강원특별자치도 평창군 진부면 신기리,20230611,,3,
5176036032,강원특별자치도 평창군 진부면 봉산리,20230611,,3,
5176036033,강원특별자치도 평창군 진부면 마평리,20230611,,3,
5176036034,강원특별자치도 평창군 진부면 수항리,20230611,,3,
5176036035,강원특별자치도 평창군 진부면 화의리,20230611,,3,
5176036036,강원특별자치도 평창군 진부면 막동리,20230611,,3,
5176036037,강원특별자치도 평창군 진부면 장전리,20230611,,3,
5176036038,강원특별자치도 평창군 진부면 호명리,20230611,,3,
5176038000,대관령면,20230611,,2,5176000000
5176038021,강원특별자치도 평창군 대관령면 유천리,20230611,,3,
5176038022,강원특별자치도 평창군 대관령면 병내리,20230611,,3,
5176038023,강원특별자치도 평창군 대관령면 차항리,20230611,,3,
5176038024,강원특별자치도 평창군 대관령면 횡계리,20230611,,3,
5176038025,강원특별자치도 평창군 대관령면 수하리,20230611,,3,
5176038026,강원특별자치도 평창군 대관령면 용산리,20230611,,3,
5177000000,정선군,20230611,,1,5100000000
5177025000,정선읍,20230611,,2,5177000000
5177025021,강원특별자치도 정선군 정선읍 봉양리,20230611,,3,
5177025022,강원특별자치도 정선군 정선읍 북실리,20230611,,3,
5177025023,강원특별자치도 정선군 정선읍 덕송리,20230611,,3,
5177025024,강원특별자치도 정선군 정선읍 애산리,20230611,,3,
5177025025,강원특별자치도 정선군 정선읍 신월리,20230611,,3,
5177025026,강원특별자치도 정선군 정선읍 덕우리,20230611,,3,
5177025027,강원특별자치도 정선군 정선읍 여탄리,20230611,,3,
5177025028,강원특별자치도 정선군 정선읍 회동리,20230611,,3,
5177025029,강원특별자치도 정선군 정선읍 용탄리,20230611,,3,
5177025030,강원특별자치도 정선군 정선읍 광하리,20230611,,3,
5177025031,강원특별자치도 정선군 정선읍 귤암리,20230611,,3,
5177025032,강원특별자치도 정선군 정선읍 가수리,20230611,,3,
5177025300,고한읍,20230611,,2,5177000000
5177025321,강원특별자치도 정선군 고한읍 고한리,20230611,,3,
5177025600,사북읍,20230611,,2,5177000000
5177025621,강원특별자치도 정선군 사북읍 직전리,20230611,,3,
5177025622,강원특별자치도 정선군 사북읍 사북리,20230611,,3,
5177025900,신동읍,20230611,,2,5177000000
5177025921,강원특별자치도 정선군 신동읍 예미리,20230611,,3,
5177025922,강원특별자치도 정선군 신동읍 천포리,20230611,,3,
5177025923,강원특별자치도 정선군 신동읍 조동리,20230611,,3,
5177025924,강원특별자치도 정선군 신동읍 방제리,20230611,,3,
5177025925,강원특별자치도 정선군 신동읍 가사리,20230611,,3,
5177025926,강원특별자치도 정선군 신동읍 고성리,20230611,,3,
5177025927,강원특별자치도 정선군 신동읍 덕천리,20230611,,3,
5177025928,강원특별자치도 정선군 신동읍 운치리,20230611,,3,
5177032000,남면,20230611,,2,5177000000
5177032021,강원특별자치도 정선군 남면 문곡리,20230611,,3,
5177032022,강원특별자치도 정선군 남면 무릉리,20230611,,3,
5177032023,강원특별자치도 정선군 남면 유평리,20230611,,3,
5177032024,강원특별자치도 정선군 남면 낙동리,20230611,,3,
5177032025,강원특별자치도 정선군 남면 광덕리,20230611,,3,
5177034000,북평면,20230611,,2,5177000000
5177034021,강원특별자치도 정선군 북평면 장열리,20230611,,3,
5177034022,강원특별자치도 정선군 북평면 북평리,20230611,,3,
5177034023,강원특별자치도 정선군 북평면 남평리,20230611,,3,
5177034024,강원특별자치도 정선군 북평면 문곡리,20230611,,3,
5177034025,강원특별자치도 정선군 북평면 나전리,20230611,,3,
5177034026,강원특별자치도 정선군 북평면 숙암리,20230611,,3,
5177035000,임계면,20230611,,2,5177000000
5177035021,강원특별자치도 정선군 임계면 가목리,20230611,,3,
5177035022,강원특별자치도 정선군 임계면 도전리,20230611,,3,
5177035023,강원특별자치도 정선군 임계면 직원리,20230611,,3,
5177035024,강원특별자치도 정선군 임계면 임계리,20230611,,3,
5177035025,강원특별자치도 정선군 임계면 송계리,20230611,,3,
5177035026,강원특별자치도 정선군 임계면 봉산리,20230611,,3,
5177035027,강원특별자치도 정선군 임계면 낙천리,20230611,,3,
5177035028,강원특별자치도 정선군 임계면 용산리,20230611,,3,
5177035030,강원특별자치도 정선군 임계면 덕암리,20230611,,3,
5177035031,강원특별자치도 정선군 임계면 고양리,20230611,,3,
5177035032,강원특별자치도 정선군 임계면 반천리,20230611,,3,
5177035034,강원특별자치도 정선군 임계면 문래리,20230611,,3,
5177036000,화암면,20230611,,2,5177000000
5177036021,강원특별자치도 정선군 화암면 화암리,20230611,,3,
5177036022,강원특별자치도 정선군 화암면 석곡리,20230611,,3,
5177036023,강원특별자치도 정선군 화암면 북동리,20230611,,3,
5177036024,강원특별자치도 정선군 화암면 몰운리,20230611,,3,
5177036025,강원특별자치도 정선군 화암면 건천리,20230611,,3,
5177036026,강원특별자치도 정선군 화암면 호촌리,20230611,,3,
5177036027,강원특별자치도 정선군 화암면 백전리,20230611,,3,
5177037000,여량면,20230611,,2,5177000000
5177037021,강원특별자치도 정선군 여량면 여량리,20230611,,3,
5177037022,강원특별자치도 정선군 여량면 유천리,20230611,,3,
5177037023,강원특별자치도 정선군 여량면 구절리,20230611,,3,
5177037024,강원특별자치도 정선군 여량면 남곡리,20230611,,3,
5177037025,강원특별자치도 정선군 여량면 고양리,20230611,,3,
5177037026,강원특별자치도 정선군 여량면 봉정리,20230611,,3,
5178000000,철원군,20230611,,1,5100000000
5178025000,철원읍,20230611,,2,5178000000
5178025021,강원특별자치도 철원군 철원읍 화지리,20230611,,3,
5178025022,강원특별자치도 철원군 철원읍 관전리,20230611,,3,
5178025023,강원특별자치도 철원군 철원읍 월하리,20230611,,3,
5178025024,강원특별자치도 철원군 철원읍 사요리,20230611,,3,
5178025025,강원특별자치도 철원군 철원읍 외촌리,20230611,,3,
5178025026,강원특별자치도 철원군 철원읍 율이리,20230611,,3,
5178025027,강원특별자치도 철원군 철원읍 내포리,20230611,,3,
5178025028,강원특별자치도 철원군 철원읍 중리,20230611,,3,
5178025029,강원특별자치도 철원군 철원읍 대마리,20230611,,3,
5178025030,강원특별자치도 철원군 철원읍 중세리,20230611,,3,
5178025031,강원특별자치도 철원군 철원읍 산명리,20230611,,3,
5178025032,강원특별자치도 철원군 철원읍 가단리,20230611,,3,
5178025033,강원특별자치도 철원군 철원읍 유정리,20230611,,3,
5178025034,강원특별자치도 철원군 철원읍 홍원리,20230611,,3,
5178025035,강원특별자치도 철원군 철원읍 독검리,20230611,,3,
5178025300,김화읍,20230611,,2,5178000000
5178025321,강원특별자치도 철원군 김화읍 학사리,20230611,,3,
5178025322,강원특별자치도 철원군 김화읍 읍내리,20230611,,3,
5178025323,강원특별자치도 철원군 김화읍 생창리,20230611,,3,
5178025324,강원특별자치도 철원군 김화읍 암정리,20230611,,3,
5178025325,강원특별자치도 철원군 김화읍 운장리,20230611,,3,
5178025326,강원특별자치도 철원군 김화읍 용양리,20230611,,3,
5178025327,강원특별자치도 철원군 김화읍 감봉리,20230611,,3,
5178025328,강원특별자치도 철원군 김화읍 청양리,20230611,,3,
5178025329,강원특별자치도 철원군 김화읍 도창리,20230611,,3,
5178025600,갈말읍,20230611,,2,5178000000
5178025621,강원특별자치도 철원군 갈말읍 신철원리,20230611,,3,
5178025622,강원특별자치도 철원군 갈말읍 지포리,20230611,,3,
5178025623,강원특별자치도 철원군 갈말읍 강포리,20230611,,3,
5178025624,강원특별자치도 철원군 갈말읍 군탄리,20230611,,3,
5178025625,강원특별자치도 철원군 갈말읍 문혜리,20230611,,3,
5178025626,강원특별자치도 철원군 갈말읍 내대리,20230611,,3,
5178025627,강원특별자치도 철원군 갈말읍 지경리,20230611,,3,
5178025628,강원특별자치도 철원군 갈말읍 토성리,20230611,,3,
5178025629,강원특별자치도 철원군 갈말읍 상사리,20230611,,3,
5178025630,강원특별자치도 철원군 갈말읍 동막리,20230611,,3,
5178025631,강원특별자치도 철원군 갈말읍 정연리,20230611,,3,
5178025900,동송읍,20230611,,2,5178000000
5178025921,강원특별자치도 철원군 동송읍 이평리,20230611,,3,
5178025922,강원특별자치도 철원군 동송읍 오덕리,20230611,,3,
5178025923,강원특별자치도 철원군 동송읍 장흥리,20230611,,3,
5178025924,강원특별자치도 철원군 동송읍 오지리,20230611,,3,
5178025925,강원특별자치도 철원군 동송읍 상노리,20230611,,3,
5178025926,강원특별자치도 철원군 동송읍 대위리,20230611,,3,
5178025927,강원특별자치도 철원군 동송읍 관우리,20230611,,3,
5178025928,강원특별자치도 철원군 동송읍 양지리,20230611,,3,
5178025929,강원특별자치도 철원군 동송읍 이길리,20230611,,3,
5178025930,강원특별자치도 철원군 동송읍 하갈리,20230611,,3,
5178025931,강원특별자치도 철원군 동송읍 중강리,20230611,,3,
5178025932,강원특별자치도 철원군 동송읍 강산리,20230611,,3,
5178031000,서면,20230611,,2,5178000000
5178031021,강원특별자치도 철원군 서면 자등리,20230611,,3,
5178031022,강원특별자치도 철원군 서면 와수리,20230611,,3,
5178032000,근남면,20230611,,2,5178000000
5178032021,강원특별자치도 철원군 근남면 육단리,20230611,,3,
5178032022,강원특별자치도 철원군 근남면 잠곡리,20230611,,3,
5178032023,강원특별자치도 철원군 근남면 사곡리,20230611,,3,
5178032024,강원특별자치도 철원군 근남면 양지리,20230611,,3,
5178032025,강원특별자치도 철원군 근남면 풍암리,20230611,,3,
5178032026,강원특별자치도 철원군 근남면 마현리,20230611,,3,
5178033000,근북면,20230611,,2,5178000000
5178033021,강원특별자치도 철원군 근북면 유곡리,20230611,,3,
5178033022,강원특별자치도 철원군 근북면 백덕리,20230611,,3,
5178033023,강원특별자치도 철원군 근북면 금곡리,20230611,,3,
5178033024,강원특별자치도 철원군 근북면 율목리,20230611,,3,
5178034000,근동면,20230611,,2,5178000000
5178034021,강원특별자치도 철원군 근동면 광삼리,20230611,,3,
5178034022,강원특별자치도 철원군 근동면 방통리,20230611,,3,
5178035000,원동면,20230611,,2,5178000000
5178035021,강원특별자치도 철원군 원동면 등대리,20230611,,3,
5178035022,강원특별자치도 철원군 원동면 송실리,20230611,,3,
5178035023,강원특별자치도 철원군 원동면 용연리,20230611,,3,
5178035024,강원특별자치도 철원군 원동면 세현리,20230611,,3,
5178036000,원남면,20230611,,2,5178000000
5178036021,강원특별자치도 철원군 원남면 개야리,20230611,,3,
5178036022,강원특별자치도 철원군 원남면 경상리,20230611,,3,
5178036023,강원특별자치도 철원군 원남면 죽대리,20230611,,3,
5178036024,강원특별자치도 철원군 원남면 백양리,20230611,,3,
5178036025,강원특별자치도 철원군 원남면 남둔리,20230611,,3,
5178036026,강원특별자치도 철원군 원남면 월봉리,20230611,,3,
5178036027,강원특별자치도 철원군 원남면 풍동리,20230611,,3,
5178036028,강원특별자치도 철원군 원남면 주파리,20230611,,3,
5178036029,강원특별자치도 철원군 원남면 구룡리,20230611,,3,
5178036030,강원특별자치도 철원군 원남면 노동리,20230611,,3,
5178036031,강원특별자치도 철원군 원남면 진현리,20230611,,3,
5178037000,임남면,20230611,,2,5178000000
5178037021,강원특별자치도 철원군 임남면 달전리,20230611,,3,
5178037022,강원특별자치도 철원군 임남면 과호리,20230611,,3,
5178037023,강원특별자치도 철원군 임남면 좌패리,20230611,,3,
5178037024,강원특별자치도 철원군 임남면 수동리,20230611,,3,
5179000000,화천군,20230611,,1,5100000000
5179025000,화천읍,20230611,,2,5179000000
5179025021,강원특별자치도 화천군 화천읍 아리,20230611,,3,
5179025022,강원특별자치도 화천군 화천읍 하리,20230611,,3,
5179025023,강원특별자치도 화천군 화천읍 중리,20230611,,3,
5179025024,강원특별자치도 화천군 화천읍 상리,20230611,,3,
5179025025,강원특별자치도 화천군 화천읍 신읍리,20230611,,3,
5179025026,강원특별자치도 화천군 화천읍 풍산리,20230611,,3,
5179025027,강원특별자치도 화천군 화천읍 동촌리,20230611,,3,
5179025028,강원특별자치도 화천군 화천읍 대이리,20230611,,3,
5179031000,간동면,20230611,,2,5179000000
5179031021,강원특별자치도 화천군 간동면 유촌리,20230611,,3,
5179031022,강원특별자치도 화천군 간동면 용호리,20230611,,3,
5179031023,강원특별자치도 화천군 간동면 간척리,20230611,,3,
5179031024,강원특별자치도 화천군 간동면 오음리,20230611,,3,
5179031025,강원특별자치도 화천군 간동면 방천리,20230611,,3,
5179031026,강원특별자치도 화천군 간동면 도송리,20230611,,3,
5179031027,강원특별자치도 화천군 간동면 구만리,20230611,,3,
5179032000,하남면,20230611,,2,5179000000
5179032021,강원특별자치도 화천군 하남면 원천리,20230611,,3,
5179032022,강원특별자치도 화천군 하남면 논미리,20230611,,3,
5179032023,강원특별자치도 화천군 하남면 계성리,20230611,,3,
5179032024,강원특별자치도 화천군 하남면 안평리,20230611,,3,
5179032025,강원특별자치도 화천군 하남면 위라리,20230611,,3,
5179032026,강원특별자치도 화천군 하남면 용암리,20230611,,3,
5179032027,강원특별자치도 화천군 하남면 삼화리,20230611,,3,
5179032028,강원특별자치도 화천군 하남면 거례리,20230611,,3,
5179032029,강원특별자치도 화천군 하남면 서오지리,20230611,,3,
5179033000,상서면,20230611,,2,5179000000
5179033021,강원특별자치도 화천군 상서면 신풍리,20230611,,3,
5179033022,강원특별자치도 화천군 상서면 신대리,20230611,,3,
5179033023,강원특별자치도 화천군 상서면 구운리,20230611,,3,
5179033024,강원특별자치도 화천군 상서면 장촌리,20230611,,3,
5179033025,강원특별자치도 화천군 상서면 파포리,20230611,,3,
5179033026,강원특별자치도 화천군 상서면 노동리,20230611,,3,
5179033027,강원특별자치도 화천군 상서면 부촌리,20230611,,3,
5179033028,강원특별자치도 화천군 상서면 산양리,20230611,,3,
5179033029,강원특별자치도 화천군 상서면 봉오리,20230611,,3,
5179033030,강원특별자치도 화천군 상서면 다목리,20230611,,3,
5179033031,강원특별자치도 화천군 상서면 마현리,20230611,,3,
5179034000,사내면,20230611,,2,5179000000
5179034021,강원특별자치도 화천군 사내면 사창리,20230611,,3,
5179034022,강원특별자치도 화천군 사내면 광덕리,20230611,,3,
5179034023,강원특별자치도 화천군 사내면 명월리,20230611,,3,
5179034024,강원특별자치도 화천군 사내면 용담리,20230611,,3,
5179034025,강원특별자치도 화천군 사내면 삼일리,20230611,,3,
5180000000,양구군,20230611,,1,5100000000
5180025000,양구읍,20230611,,2,5180000000
5180025021,강원특별자치도 양구군 양구읍 상리,20230611,,3,
5180025022,강원특별자치도 양구군 양구읍 중리,20230611,,3,
5180025023,강원특별자치도 양구군 양구읍 하리,20230611,,3,
5180025024,강원특별자치도 양구군 양구읍 송청리,20230611,,3,
5180025025,강원특별자치도 양구군 양구읍 수인리,20230611,,3,
5180025026,강원특별자치도 양구군 양구읍 웅진리,20230611,,3,
5180025027,강원특별자치도 양구군 양구읍 석현리,20230611,,3,
5180025028,강원특별자치도 양구군 양구읍 공리,20230611,,3,
5180025029,강원특별자치도 양구군 양구읍 학조리,20230611,,3,
5180025030,강원특별자치도 양구군 양구읍 이리,20230611,,3,
5180025031,강원특별자치도 양구군 양구읍 안대리,20230611,,3,
5180025032,강원특별자치도 양구군 양구읍 정림리,20230611,,3,
5180025033,강원특별자치도 양구군 양구읍 동수리,20230611,,3,
5180025034,강원특별자치도 양구군 양구읍 고대리,20230611,,3,
5180025035,강원특별자치도 양구군 양구읍 죽곡리,20230611,,3,
5180025036,강원특별자치도 양구군 양구읍 한전리,20230611,,3,
5180025037,강원특별자치도 양구군 양구읍 도사리,20230611,,3,
5180025038,강원특별자치도 양구군 양구읍 공수리,20230611,,3,
5180025039,강원특별자치도 양구군 양구읍 군량리,20230611,,3,
5180025040,강원특별자치도 양구군 양구읍 월명리,20230611,,3,
5180025041,강원특별자치도 양구군 양구읍 상무룡리,20230611,,3,
5180031500,국토정중앙면,20230611,,2,5180000000
5180031521,강원특별자치도 양구군 국토정중앙면 적리,20230611,,3,
5180031522,강원특별자치도 양구군 국토정중앙면 가오작리,20230611,,3,
5180031523,강원특별자치도 양구군 국토정중앙면 야촌리,20230611,,3,
5180031524,강원특별자치도 양구군 국토정중앙면 용하리,20230611,,3,
5180031525,강원특별자치도 양구군 국토정중앙면 청리,20230611,,3,
5180031526,강원특별자치도 양구군 국토정중앙면 송우리,20230611,,3,
5180031527,강원특별자치도 양구군 국토정중앙면 황강리,20230611,,3,
5180031528,강원특별자치도 양구군 국토정중앙면 창리,20230611,,3,
5180031529,강원특별자치도 양구군 국토정중앙면 도촌리,20230611,,3,
5180031530,강원특별자치도 양구군 국토정중앙면 구암리,20230611,,3,
5180031531,강원특별자치도 양구군 국토정중앙면 죽리,20230611,,3,
5180031532,강원특별자치도 양구군 국토정중앙면 심포리,20230611,,3,
5180031533,강원특별자치도 양구군 국토정중앙면 원리,20230611,,3,
5180031534,강원특별자치도 양구군 국토정중앙면 두무리,20230611,,3,
5180031535,강원특별자치도 양구군 국토정중앙면 명곶리,20230611,,3,
5180032000,동면,20230611,,2,5180000000
5180032021,강원특별자치도 양구군 동면 후곡리,20230611,,3,
5180032022,강원특별자치도 양구군 동면 지석리,20230611,,3,
5180032023,강원특별자치도 양구군 동면 원당리,20230611,,3,
5180032024,강원특별자치도 양구군 동면 덕곡리,20230611,,3,
5180032025,강원특별자치도 양구군 동면 임당리,20230611,,3,
5180032026,강원특별자치도 양구군 동면 팔랑리,20230611,,3,
5180032027,강원특별자치도 양구군 동면 월운리,20230611,,3,
5180032028,강원특별자치도 양구군 동면 비아리,20230611,,3,
5180032029,강원특별자치도 양구군 동면 사태리,20230611,,3,
5180033000,방산면,20230611,,2,5180000000
5180033021,강원특별자치도 양구군 방산면 현리,20230611,,3,
5180033022,강원특별자치도 양구군 방산면 오미리,20230611,,3,
5180033023,강원특별자치도 양구군 방산면 금악리,20230611,,3,
5180033024,강원특별자치도 양구군 방산면 장평리,20230611,,3,
5180033025,강원특별자치도 양구군 방산면 칠전리,20230611,,3,
5180033026,강원특별자치도 양구군 방산면 송현리,20230611,,3,
5180033027,강원특별자치도 양구군 방산면 고방산리,20230611,,3,
5180033028,강원특별자치도 양구군 방산면 천미리,20230611,,3,
5180033029,강원특별자치도 양구군 방산면 건솔리,20230611,,3,
5180034000,해안면,20230611,,2,5180000000
5180034021,강원특별자치도 양구군 해안면 현리,20230611,,3,
5180034022,강원특별자치도 양구군 해안면 오유리,20230611,,3,
5180034023,강원특별자치도 양구군 해안면 만대리,20230611,,3,
5180034024,강원특별자치도 양구군 해안면 월산리,20230611,,3,
5180034025,강원특별자치도 양구군 해안면 이현리,20230611,,3,
5180034026,강원특별자치도 양구군 해안면 후리,20230611,,3,
5181000000,인제군,20230611,,1,5100000000
5181025000,인제읍,20230611,,2,5181000000
5181025021,강원특별자치도 인제군 인제읍 상동리,20230611,,3,
5181025022,강원특별자치도 인제군 인제읍 남북리,20230611,,3,
5181025023,강원특별자치도 인제군 인제읍 합강리,20230611,,3,
5181025024,강원특별자치도 인제군 인제읍 덕산리,20230611,,3,
5181025025,강원특별자치도 인제군 인제읍 덕적리,20230611,,3,
5181025026,강원특별자치도 인제군 인제읍 원대리,20230611,,3,
5181025027,강원특별자치도 인제군 인제읍 귀둔리,20230611,,3,
5181025028,강원특별자치도 인제군 인제읍 가아리,20230611,,3,
5181025029,강원특별자치도 인제군 인제읍 가리산리,20230611,,3,
5181025030,강원특별자치도 인제군 인제읍 하추리,20230611,,3,
5181025031,강원특별자치도 인제군 인제읍 고사리,20230611,,3,
5181031000,남면,20230611,,2,5181000000
5181031021,강원특별자치도 인제군 남면 신남리,20230611,,3,
5181031022,강원특별자치도 인제군 남면 신풍리,20230611,,3,
5181031023,강원특별자치도 인제군 남면 어론리,20230611,,3,
5181031024,강원특별자치도 인제군 남면 부평리,20230611,,3,
5181031025,강원특별자치도 인제군 남면 갑둔리,20230611,,3,
5181031026,강원특별자치도 인제군 남면 정자리,20230611,,3,
5181031027,강원특별자치도 인제군 남면 남전리,20230611,,3,
5181031028,강원특별자치도 인제군 남면 관대리,20230611,,3,
5181031029,강원특별자치도 인제군 남면 신월리,20230611,,3,
5181031030,강원특별자치도 인제군 남면 상수내리,20230611,,3,
5181031031,강원특별자치도 인제군 남면 하수내리,20230611,,3,
5181031032,강원특별자치도 인제군 남면 수산리,20230611,,3,
5181031033,강원특별자치도 인제군 남면 소치리,20230611,,3,
5181032000,북면,20230611,,2,5181000000
5181032021,강원특별자치도 인제군 북면 원통리,20230611,,3,
5181032022,강원특별자치도 인제군 북면 월학리,20230611,,3,
5181032023,강원특별자치도 인제군 북면 한계리,20230611,,3,
5181032024,강원특별자치도 인제군 북면 용대리,20230611,,3,
5181033000,기린면,20230611,,2,5181000000
5181033021,강원특별자치도 인제군 기린면 현리,20230611,,3,
5181033022,강원특별자치도 인제군 기린면 북리,20230611,,3,
5181033023,강원특별자치도 인제군 기린면 서리,20230611,,3,
5181033024,강원특별자치도 인제군 기린면 방동리,20230611,,3,
5181033025,강원특별자치도 인제군 기린면 진동리,20230611,,3,
5181034000,서화면,20230611,,2,5181000000
5181034021,강원특별자치도 인제군 서화면 천도리,20230611,,3,
5181034022,강원특별자치도 인제군 서화면 서흥리,20230611,,3,
5181034023,강원특별자치도 인제군 서화면 서화리,20230611,,3,
5181034024,강원특별자치도 인제군 서화면 가전리,20230611,,3,
5181034025,강원특별자치도 인제군 서화면 심적리,20230611,,3,
5181034026,강원특별자치도 인제군 서화면 서희리,20230611,,3,
5181034027,강원특별자치도 인제군 서화면 장승리,20230611,,3,
5181035000,상남면,20230611,,2,5181000000
5181035021,강원특별자치도 인제군 상남면 상남리,20230611,,3,
5181035022,강원특별자치도 인제군 상남면 하남리,20230611,,3,
5181035023,강원특별자치도 인제군 상남면 미산리,20230611,,3,
5181035024,강원특별자치도 인제군 상남면 김부리,20230611,,3,
5182000000,고성군,20230611,,1,5100000000
5182025000,간성읍,20230611,,2,5182000000
5182025021,강원특별자치도 고성군 간성읍 하리,20230611,,3,
5182025022,강원특별자치도 고성군 간성읍 신안리,20230611,,3,
5182025023,강원특별자치도 고성군 간성읍 동호리,20230611,,3,
5182025024,강원특별자치도 고성군 간성읍 봉호리,20230611,,3,
5182025025,강원특별자치도 고성군 간성읍 상리,20230611,,3,
5182025026,강원특별자치도 고성군 간성읍 간촌리,20230611,,3,
5182025027,강원특별자치도 고성군 간성읍 교동리,20230611,,3,
5182025028,강원특별자치도 고성군 간성읍 해상리,20230611,,3,
5182025029,강원특별자치도 고성군 간성읍 광산리,20230611,,3,
5182025030,강원특별자치도 고성군 간성읍 어천리,20230611,,3,
5182025031,강원특별자치도 고성군 간성읍 장신리,20230611,,3,
5182025032,강원특별자치도 고성군 간성읍 진부리,20230611,,3,
5182025033,강원특별자치도 고성군 간성읍 탑동리,20230611,,3,
5182025034,강원특별자치도 고성군 간성읍 선유실리,20230611,,3,
5182025035,강원특별자치도 고성군 간성읍 금수리,20230611,,3,
5182025036,강원특별자치도 고성군 간성읍 탑현리,20230611,,3,
5182025037,강원특별자치도 고성군 간성읍 흘리,20230611,,3,
5182025300,거진읍,20230611,,2,5182000000
5182025321,강원특별자치도 고성군 거진읍 거진리,20230611,,3,
5182025322,강원특별자치도 고성군 거진읍 화포리,20230611,,3,
5182025323,강원특별자치도 고성군 거진읍 원당리,20230611,,3,
5182025324,강원특별자치도 고성군 거진읍 송정리,20230611,,3,
5182025325,강원특별자치도 고성군 거진읍 용하리,20230611,,3,
5182025326,강원특별자치도 고성군 거진읍 산북리,20230611,,3,
5182025327,강원특별자치도 고성군 거진읍 송강리,20230611,,3,
5182025328,강원특별자치도 고성군 거진읍 석문리,20230611,,3,
5182025329,강원특별자치도 고성군 거진읍 초계리,20230611,,3,
5182025330,강원특별자치도 고성군 거진읍 대대리,20230611,,3,
5182025331,강원특별자치도 고성군 거진읍 송죽리,20230611,,3,
5182025332,강원특별자치도 고성군 거진읍 반암리,20230611,,3,
5182025333,강원특별자치도 고성군 거진읍 송포리,20230611,,3,
5182025334,강원특별자치도 고성군 거진읍 봉평리,20230611,,3,
5182025335,강원특별자치도 고성군 거진읍 냉천리,20230611,,3,
5182025336,강원특별자치도 고성군 거진읍 오정리,20230611,,3,
5182025337,강원특별자치도 고성군 거진읍 자산리,20230611,,3,
5182031000,현내면,20230611,,2,5182000000
5182031021,강원특별자치도 고성군 현내면 대진리,20230611,,3,
5182031022,강원특별자치도 고성군 현내면 철통리,20230611,,3,
5182031023,강원특별자치도 고성군 현내면 초도리,20230611,,3,
5182031024,강원특별자치도 고성군 현내면 죽정리,20230611,,3,
5182031025,강원특별자치도 고성군 현내면 산학리,20230611,,3,
5182031026,강원특별자치도 고성군 현내면 화곡리,20230611,,3,
5182031027,강원특별자치도 고성군 현내면 마달리,20230611,,3,
5182031028,강원특별자치도 고성군 현내면 마차진리,20230611,,3,
5182031029,강원특별자치도 고성군 현내면 명파리,20230611,,3,
5182031030,강원특별자치도 고성군 현내면 배봉리,20230611,,3,
5182031032,강원특별자치도 고성군 현내면 검장리,20230611,,3,
5182031033,강원특별자치도 고성군 현내면 사천리,20230611,,3,
5182031034,강원특별자치도 고성군 현내면 송현리,20230611,,3,
5182031035,강원특별자치도 고성군 현내면 명호리,20230611,,3,
5182031036,강원특별자치도 고성군 현내면 송도진리,20230611,,3,
5182031037,강원특별자치도 고성군 현내면 제진리,20230611,,3,
5182031038,강원특별자치도 고성군 현내면 대강리,20230611,,3,
5182032000,죽왕면,20230611,,2,5182000000
5182032021,강원특별자치도 고성군 죽왕면 오호리,20230611,,3,
5182032022,강원특별자치도 고성군 죽왕면 향목리,20230611,,3,
5182032023,강원특별자치도 고성군 죽왕면 가진리,20230611,,3,
5182032024,강원특별자치도 고성군 죽왕면 공현진리,20230611,,3,
5182032025,강원특별자치도 고성군 죽왕면 오봉리,20230611,,3,
5182032026,강원특별자치도 고성군 죽왕면 인정리,20230611,,3,
5182032027,강원특별자치도 고성군 죽왕면 구성리,20230611,,3,
5182032028,강원특별자치도 고성군 죽왕면 마좌리,20230611,,3,
5182032029,강원특별자치도 고성군 죽왕면 삼포리,20230611,,3,
5182032030,강원특별자치도 고성군 죽왕면 야촌리,20230611,,3,
5182032031,강원특별자치도 고성군 죽왕면 문암진리,20230611,,3,
5182032032,강원특별자치도 고성군 죽왕면 송암리,20230611,,3,
5182033000,토성면,20230611,,2,5182000000
5182033021,강원특별자치도 고성군 토성면 천진리,20230611,,3,
5182033022,강원특별자치도 고성군 토성면 청간리,20230611,,3,
5182033023,강원특별자치도 고성군 토성면 아야진리,20230611,,3,
5182033024,강원특별자치도 고성군 토성면 교암리,20230611,,3,
5182033025,강원특별자치도 고성군 토성면 백촌리,20230611,,3,
5182033026,강원특별자치도 고성군 토성면 운봉리,20230611,,3,
5182033027,강원특별자치도 고성군 토성면 학야리,20230611,,3,
5182033028,강원특별자치도 고성군 토성면 도원리,20230611,,3,
5182033029,강원특별자치도 고성군 토성면 용암리,20230611,,3,
5182033030,강원특별자치도 고성군 토성면 신평리,20230611,,3,
5182033031,강원특별자치도 고성군 토성면 인흥리,20230611,,3,
5182033032,강원특별자치도 고성군 토성면 성천리,20230611,,3,
5182033033,강원특별자치도 고성군 토성면 원암리,20230611,,3,
5182033034,강원특별자치도 고성군 토성면 용촌리,20230611,,3,
5182033035,강원특별자치도 고성군 토성면 봉포리,20230611,,3,
5182033036,강원특별자치도 고성군 토성면 성대리,20230611,,3,
5182033037,강원특별자치도 고성군 토성면 금화정리,20230611,,3,
5182034000,수동면,20230611,,2,5182000000
5182034021,강원특별자치도 고성군 수동면 신대리,20230611,,3,
5182034022,강원특별자치도 고성군 수동면 외면리,20230611,,3,
5182034023,강원특별자치도 고성군 수동면 덕산리,20230611,,3,
5182034024,강원특별자치도 고성군 수동면 사비리,20230611,,3,
5182034025,강원특별자치도 고성군 수동면 고미성리,20230611,,3,
5182034026,강원특별자치도 고성군 수동면 신탄리,20230611,,3,
5182034027,강원특별자치도 고성군 수동면 사천리,20230611,,3,
5182034028,강원특별자치도 고성군 수동면 상원리,20230611,,3,
5183000000,양양군,20230611,,1,5100000000
5183025000,양양읍,20230611,,2,5183000000
5183025021,강원특별자치도 양양군 양양읍 남문리,20230611,,3,
5183025022,강원특별자치도 양양군 양양읍 구교리,20230611,,3,
5183025023,강원특별자치도 양양군 양양읍 성내리,20230611,,3,
5183025024,강원특별자치도 양양군 양양읍 군행리,20230611,,3,
5183025025,강원특별자치도 양양군 양양읍 연창리,20230611,,3,
5183025026,강원특별자치도 양양군 양양읍 청곡리,20230611,,3,
5183025027,강원특별자치도 양양군 양양읍 송암리,20230611,,3,
5183025028,강원특별자치도 양양군 양양읍 월리,20230611,,3,
5183025029,강원특별자치도 양양군 양양읍 조산리,20230611,,3,
5183025030,강원특별자치도 양양군 양양읍 사천리,20230611,,3,
5183025031,강원특별자치도 양양군 양양읍 포월리,20230611,,3,
5183025032,강원특별자치도 양양군 양양읍 기리,20230611,,3,
5183025033,강원특별자치도 양양군 양양읍 정손리,20230611,,3,
5183025034,강원특별자치도 양양군 양양읍 감곡리,20230611,,3,
5183025035,강원특별자치도 양양군 양양읍 서문리,20230611,,3,
5183025036,강원특별자치도 양양군 양양읍 내곡리,20230611,,3,
5183025037,강원특별자치도 양양군 양양읍 임천리,20230611,,3,
5183025038,강원특별자치도 양양군 양양읍 거마리,20230611,,3,
5183025039,강원특별자치도 양양군 양양읍 화일리,20230611,,3,
5183031000,서면,20230611,,2,5183000000
5183031021,강원특별자치도 양양군 서면 갈천리,20230611,,3,
5183031022,강원특별자치도 양양군 서면 수리,20230611,,3,
5183031023,강원특별자치도 양양군 서면 논화리,20230611,,3,
5183031024,강원특별자치도 양양군 서면 용소리,20230611,,3,
5183031025,강원특별자치도 양양군 서면 내현리,20230611,,3,
5183031026,강원특별자치도 양양군 서면 용천리,20230611,,3,
5183031027,강원특별자치도 양양군 서면 북평리,20230611,,3,
5183031028,강원특별자치도 양양군 서면 범부리,20230611,,3,
5183031029,강원특별자치도 양양군 서면 상평리,20230611,,3,
5183031030,강원특별자치도 양양군 서면 장승리,20230611,,3,
5183031031,강원특별자치도 양양군 서면 서선리,20230611,,3,
5183031032,강원특별자치도 양양군 서면 가라피리,20230611,,3,
5183031033,강원특별자치도 양양군 서면 오색리,20230611,,3,
5183031034,강원특별자치도 양양군 서면 영덕리,20230611,,3,
5183031035,강원특별자치도 양양군 서면 서림리,20230611,,3,
5183031036,강원특별자치도 양양군 서면 미천리,20230611,,3,
5183031037,강원특별자치도 양양군 서면 북암리,20230611,,3,
5183031038,강원특별자치도 양양군 서면 송천리,20230611,,3,
5183031039,강원특별자치도 양양군 서면 송어리,20230611,,3,
5183031040,강원특별자치도 양양군 서면 공수전리,20230611,,3,
5183032000,손양면,20230611,,2,5183000000
5183032021,강원특별자치도 양양군 손양면 동호리,20230611,,3,
5183032022,강원특별자치도 양양군 손양면 금강리,20230611,,3,
5183032023,강원특별자치도 양양군 손양면 송전리,20230611,,3,
5183032024,강원특별자치도 양양군 손양면 가평리,20230611,,3,
5183032025,강원특별자치도 양양군 손양면 오산리,20230611,,3,
5183032026,강원특별자치도 양양군 손양면 삽존리,20230611,,3,
5183032027,강원특별자치도 양양군 손양면 석계리,20230611,,3,
5183032028,강원특별자치도 양양군 손양면 학포리,20230611,,3,
5183032029,강원특별자치도 양양군 손양면 수여리,20230611,,3,
5183032030,강원특별자치도 양양군 손양면 상양혈리,20230611,,3,
5183032031,강원특별자치도 양양군 손양면 하양혈리,20230611,,3,
5183032032,강원특별자치도 양양군 손양면 부소치리,20230611,,3,
5183032033,강원특별자치도 양양군 손양면 수산리,20230611,,3,
5183032034,강원특별자치도 양양군 손양면 와리,20230611,,3,
5183032035,강원특별자치도 양양군 손양면 간리,20230611,,3,
5183032036,강원특별자치도 양양군 손양면 상왕도리,20230611,,3,
5183032037,강원특별자치도 양양군 손양면 하왕도리,20230611,,3,
5183032038,강원특별자치도 양양군 손양면 도화리,20230611,,3,
5183032039,강원특별자치도 양양군 손양면 송현리,20230611,,3,
5183032040,강원특별자치도 양양군 손양면 주리,20230611,,3,
5183032041,강원특별자치도 양양군 손양면 여운포리,20230611,,3,
5183032042,강원특별자치도 양양군 손양면 상운리,20230611,,3,
5183032043,강원특별자치도 양양군 손양면 밀양리,20230611,,3,
5183032044,강원특별자치도 양양군 손양면 우암리,20230611,,3,
5183033000,현북면,20230611,,2,5183000000
5183033021,강원특별자치도 양양군 현북면 잔교리,20230611,,3,
5183033022,강원특별자치도 양양군 현북면 기사문리,20230611,,3,
5183033023,강원특별자치도 양양군 현북면 명지리,20230611,,3,
5183033024,강원특별자치도 양양군 현북면 장리,20230611,,3,
5183033025,강원특별자치도 양양군 현북면 도리,20230611,,3,
5183033026,강원특별자치도 양양군 현북면 말곡리,20230611,,3,
5183033027,강원특별자치도 양양군 현북면 대치리,20230611,,3,
5183033028,강원특별자치도 양양군 현북면 상광정리,20230611,,3,
5183033029,강원특별자치도 양양군 현북면 중광정리,20230611,,3,
5183033030,강원특별자치도 양양군 현북면 하광정리,20230611,,3,
5183033031,강원특별자치도 양양군 현북면 어성전리,20230611,,3,
5183033032,강원특별자치도 양양군 현북면 원일전리,20230611,,3,
5183033033,강원특별자치도 양양군 현북면 면옥치리,20230611,,3,
5183033034,강원특별자치도 양양군 현북면 법수치리,20230611,,3,
5183034000,현남면,20230611,,2,5183000000
5183034021,강원특별자치도 양양군 현남면 인구리,20230611,,3,
5183034022,강원특별자치도 양양군 현남면 북분리,20230611,,3,
5183034023,강원특별자치도 양양군 현남면 동산리,20230611,,3,
5183034024,강원특별자치도 양양군 현남면 시변리,20230611,,3,
5183034025,강원특별자치도 양양군 현남면 정자리,20230611,,3,
5183034026,강원특별자치도 양양군 현남면 광진리,20230611,,3,
5183034027,강원특별자치도 양양군 현남면 전포매리,20230611,,3,
5183034028,강원특별자치도 양양군 현남면 후포매리,20230611,,3,
5183034029,강원특별자치도 양양군 현남면 견불리,20230611,,3,
5183034030,강원특별자치도 양양군 현남면 상월천리,20230611,,3,
5183034031,강원특별자치도 양양군 현남면 하월천리,20230611,,3,
5183034032,강원특별자치도 양양군 현남면 창리,20230611,,3,
5183034033,강원특별자치도 양양군 현남면 임호정리,20230611,,3,
5183034034,강원특별자치도 양양군 현남면 원포리,20230611,,3,
5183034035,강원특별자치도 양양군 현남면 지리,20230611,,3,
5183034036,강원특별자치도 양양군 현남면 지경리,20230611,,3,
5183034037,강원특별자치도 양양군 현남면 입암리,20230611,,3,
5183034038,강원특별자치도 양양군 현남면 남애리,20230611,,3,
5183034039,강원특별자치도 양양군 현남면 주리,20230611,,3,
5183034040,강원특별자치도 양양군 현남면 두리,20230611,,3,
5183034041,강원특별자치도 양양군 현남면 죽리,20230611,,3,
5183035000,강현면,20230611,,2,5183000000
5183035021,강원특별자치도 양양군 강현면 상복리,20230611,,3,
5183035022,강원특별자치도 양양군 강현면 중복리,20230611,,3,
5183035023,강원특별자치도 양양군 강현면 하복리,20230611,,3,
5183035024,강원특별자치도 양양군 강현면 강선리,20230611,,3,
5183035025,강원특별자치도 양양군 강현면 물치리,20230611,,3,
5183035026,강원특별자치도 양양군 강현면 간곡리,20230611,,3,
5183035027,강원특별자치도 양양군 강현면 둔전리,20230611,,3,
5183035028,강원특별자치도 양양군 강현면 석교리,20230611,,3,
5183035029,강원특별자치도 양양군 강현면 침교리,20230611,,3,
5183035030,강원특별자치도 양양군 강현면 회룡리,20230611,,3,
5183035031,강원특별자치도 양양군 강현면 금풍리,20230611,,3,
5183035032,강원특별자치도 양양군 강현면 사교리,20230611,,3,
5183035033,강원특별자치도 양양군 강현면 방축리,20230611,,3,
5183035034,강원특별자치도 양양군 강현면 답리,20230611,,3,
5183035035,강원특별자치도 양양군 강현면 광석리,20230611,,3,
5183035036,강원특별자치도 양양군 강현면 정암리,20230611,,3,
5183035037,강원특별자치도 양양군 강현면 용호리,20230611,,3,
5183035038,강원특별자치도 양양군 강현면 장산리,20230611,,3,
5183035039,강원특별자치도 양양군 강현면 전진리,20230611,,3,
5183035040,강원특별자치도 양양군 강현면 주청리,20230611,,3,
5183035041,강원특별자치도 양양군 강현면 적은리,20230611,,3,
5183035042,강원특별자치도 양양군 강현면 물갑리,20230611,,3,
5200000000,전북특별자치도,20240118,,0,
5211000000,전주시,20240118,,1,5200000000
5211100000,전주시 완산구,20240118,,1,5200000000
5211110100,중앙동1가,20240118,,2,5211100000
5211110200,중앙동2가,20240118,,2,5211100000
5211110300,중앙동3가,20240118,,2,5211100000
5211110400,중앙동4가,20240118,,2,5211100000
5211110500,경원동1가,20240118,,2,5211100000
5211110600,경원동2가,20240118,,2,5211100000
5211110700,경원동3가,20240118,,2,5211100000
5211110800,풍남동1가,20240118,,2,5211100000
5211110900,풍남동2가,20240118,,2,5211100000
5211111000,풍남동3가,20240118,,2,5211100000
5211111100,전동,20240118,,2,5211100000
5211111200,전동3가,20240118,,2,5211100000
5211111300,다가동1가,20240118,,2,5211100000
5211111400,다가동2가,20240118,,2,5211100000
5211111500,다가동3가,20240118,,2,5211100000
5211111600,다가동4가,20240118,,2,5211100000
5211111700,고사동,20240118,,2,5211100000
5211111800,교동,20240118,,2,5211100000
5211111900,태평동,20240118,,2,5211100000
5211112000,중노송동,20240118,,2,5211100000
5211112100,남노송동,20240118,,2,5211100000
5211112200,동완산동,20240118,,2,5211100000
5211112300,서완산동1가,20240118,,2,5211100000
5211112400,서완산동2가,20240118,,2,5211100000
5211112500,동서학동,20240118,,2,5211100000
5211112600,서서학동,20240118,,2,5211100000
5211112700,중화산동1가,20240118,,2,5211100000
5211112800,중화산동2가,20240118,,2,5211100000
5211112900,서신동,20240118,,2,5211100000
5211113000,석구동,20240118,,2,5211100000
5211113100,원당동,20240118,,2,5211100000
5211113200,평화동1가,20240118,,2,5211100000
5211113300,평화동2가,20240118,,2,5211100000
5211113400,평화동3가,20240118,,2,5211100000
5211113500,중인동,20240118,,2,5211100000
5211113600,용복동,20240118,,2,5211100000
5211113700,삼천동1가,20240118,,2,5211100000
5211113800,삼천동2가,20240118,,2,5211100000
5211113900,삼천동3가,20240118,,2,5211100000
5211114000,효자동1가,20240118,,2,5211100000
5211114100,효자동2가,20240118,,2,5211100000
5211114200,효자동3가,20240118,,2,5211100000
5211114300,대성동,20240118,,2,5211100000
5211114400,색장동,20240118,,2,5211100000
5211114500,상림동,20240118,,2,5211100000
5211114700,서노송동,20240118,,2,5211100000
5211300000,전주시 덕진구,20240118,,1,5200000000
5211310200,진북동,20240118,,2,5211300000
5211310300,인후동1가,20240118,,2,5211300000
5211310400,인후동2가,20240118,,2,5211300000
5211310500,덕진동1가,20240118,,2,5211300000
5211310600,덕진동2가,20240118,,2,5211300000
5211310700,금암동,20240118,,2,5211300000
5211310800,팔복동1가,20240118,,2,5211300000
5211310900,팔복동2가,20240118,,2,5211300000
5211311000,팔복동3가,20240118,,2,5211300000
5211311100,산정동,20240118,,2,5211300000
5211311200,금상동,20240118,,2,5211300000
5211311300,우아동1가,20240118,,2,5211300000
5211311400,우아동2가,20240118,,2,5211300000
5211311500,우아동3가,20240118,,2,5211300000
5211311600,호성동1가,20240118,,2,5211300000
5211311700,호성동2가,20240118,,2,5211300000
5211311800,호성동3가,20240118,,2,5211300000
5211311900,전미동1가,20240118,,2,5211300000
5211312000,전미동2가,20240118,,2,5211300000
5211312100,송천동1가,20240118,,2,5211300000
5211312200,송천동2가,20240118,,2,5211300000
5211312300,반월동,20240118,,2,5211300000
5211312400,화전동,20240118,,2,5211300000
5211312500,용정동,20240118,,2,5211300000
5211312600,성덕동,20240118,,2,5211300000
5211312700,원동,20240118,,2,5211300000
5211312900,고랑동,20240118,,2,5211300000
5211313000,여의동,20240118,,2,5211300000
5211313100,만성동,20240118,,2,5211300000
5211313200,장동,20240118,,2,5211300000
5211313300,팔복동4가,20240118,,2,5211300000
5211313400,도도동,20240118,,2,5211300000
5211313500,강흥동,20240118,,2,5211300000
5211313600,도덕동,20240118,,2,5211300000
5211313700,남정동,20240118,,2,5211300000
5211313800,중동,20240118,,2,5211300000
5211313900,여의동2가,20240118,,2,5211300000
5213000000,군산시,20240118,,1,5200000000
5213010100,해망동,20240118,,2,5213000000
5213010200,신흥동,20240118,,2,5213000000
5213010300,금동,20240118,,2,5213000000
5213010400,월명동,20240118,,2,5213000000
5213010500,신창동,20240118,,2,5213000000
5213010600,오룡동,20240118,,2,5213000000
5213010700,금광동,20240118,,2,5213000000
5213010800,신풍동,20240118,,2,5213000000
5213010900,송풍동,20240118,,2,5213000000
5213011000,문화동,20240118,,2,5213000000
5213011100,삼학동,20240118,,2,5213000000
5213011200,선양동,20240118,,2,5213000000
5213011300,둔율동,20240118,,2,5213000000
5213011400,창성동,20240118,,2,5213000000
5213011500,명산동,20240118,,2,5213000000
5213011600,송창동,20240118,,2,5213000000
5213011700,개복동,20240118,,2,5213000000
5213011800,중앙로1가,20240118,,2,5213000000
5213011900,영화동,20240118,,2,5213000000
5213012000,장미동,20240118,,2,5213000000
5213012100,중앙로2가,20240118,,2,5213000000
5213012200,영동,20240118,,2,5213000000
5213012300,신영동,20240118,,2,5213000000
5213012400,죽성동,20240118,,2,5213000000
5213012500,평화동,20240118,,2,5213000000
5213012600,중앙로3가,20240118,,2,5213000000
5213012700,대명동,20240118,,2,5213000000
5213012800,장재동,20240118,,2,5213000000
5213012900,미원동,20240118,,2,5213000000
5213013000,중동,20240118,,2,5213000000
5213013100,금암동,20240118,,2,5213000000
5213013200,동흥남동,20240118,,2,5213000000
5213013300,서흥남동,20240118,,2,5213000000
5213013400,조촌동,20240118,,2,5213000000
5213013500,경장동,20240118,,2,5213000000
5213013600,경암동,20240118,,2,5213000000
5213013700,구암동,20240118,,2,5213000000
5213013800,내흥동,20240118,,2,5213000000
5213013900,개정동,20240118,,2,5213000000
5213014000,사정동,20240118,,2,5213000000
5213014100,수송동,20240118,,2,5213000000
5213014200,미장동,20240118,,2,5213000000
5213014300,지곡동,20240118,,2,5213000000
5213014400,나운동,20240118,,2,5213000000
5213014500,미룡동,20240118,,2,5213000000
5213014600,소룡동,20240118,,2,5213000000
5213014700,오식도동,20240118,,2,5213000000
5213014800,비응도동,20240118,,2,5213000000
5213014900,신관동,20240118,,2,5213000000
5213015000,개사동,20240118,,2,5213000000
5213015100,산북동,20240118,,2,5213000000
5213015200,내초동,20240118,,2,5213000000
5213025000,옥구읍,20240118,,2,5213000000
5213025021,전북특별자치도 군산시 옥구읍 옥정리,20240118,,3,
5213025022,전북특별자치도 군산시 옥구읍 상평리,20240118,,3,
5213025023,전북특별자치도 군산시 옥구읍 이곡리,20240118,,3,
5213025024,전북특별자치도 군산시 옥구읍 수산리,20240118,,3,
5213025025,전북특별자치도 군산시 옥구읍 오곡리,20240118,,3,
5213025026,전북특별자치도 군산시 옥구읍 선제리,20240118,,3,
5213025027,전북특별자치도 군산시 옥구읍 어은리,20240118,,3,
5213031000,옥산면,20240118,,2,5213000000
5213031021,전북특별자치도 군산시 옥산면 옥산리,20240118,,3,
5213031022,전북특별자치도 군산시 옥산면 남내리,20240118,,3,
5213031023,전북특별자치도 군산시 옥산면 쌍봉리,20240118,,3,
5213031024,전북특별자치도 군산시 옥산면 당북리,20240118,,3,
5213031025,전북특별자치도 군산시 옥산면 금성리,20240118,,3,
5213032000,회현면,20240118,,2,5213000000
5213032021,전북특별자치도 군산시 회현면 월연리,20240118,,3,
5213032022,전북특별자치도 군산시 회현면 금광리,20240118,,3,
5213032023,전북특별자치도 군산시 회현면 대정리,20240118,,3,
5213032024,전북특별자치도 군산시 회현면 세장리,20240118,,3,
5213032025,전북특별자치도 군산시 회현면 고사리,20240118,,3,
5213032026,전북특별자치도 군산시 회현면 학당리,20240118,,3,
5213032027,전북특별자치도 군산시 회현면 원우리,20240118,,3,
5213032028,전북특별자치도 군산시 회현면 증석리,20240118,,3,
5213033000,임피면,20240118,,2,5213000000
5213033021,전북특별자치도 군산시 임피면 읍내리,20240118,,3,
5213033022,전북특별자치도 군산시 임피면 축산리,20240118,,3,
5213033023,전북특별자치도 군산시 임피면 미원리,20240118,,3,
5213033024,전북특별자치도 군산시 임피면 보석리,20240118,,3,
5213033025,전북특별자치도 군산시 임피면 술산리,20240118,,3,
5213033026,전북특별자치도 군산시 임피면 월하리,20240118,,3,
5213033027,전북특별자치도 군산시 임피면 영창리,20240118,,3,
5213034000,서수면,20240118,,2,5213000000
5213034021,전북특별자치도 군산시 서수면 서수리,20240118,,3,
5213034022,전북특별자치도 군산시 서수면 축동리,20240118,,3,
5213034023,전북특별자치도 군산시 서수면 관원리,20240118,,3,
5213034024,전북특별자치도 군산시 서수면 마룡리,20240118,,3,
5213034025,전북특별자치도 군산시 서수면 화등리,20240118,,3,
5213034026,전북특별자치도 군산시 서수면 금암리,20240118,,3,
5213035000,대야면,20240118,,2,5213000000
5213035021,전북특별자치도 군산시 대야면 산월리,20240118,,3,
5213035022,전북특별자치도 군산시 대야면 지경리,20240118,,3,
5213035023,전북특별자치도 군산시 대야면 복교리,20240118,,3,
5213035024,전북특별자치도 군산시 대야면 광교리,20240118,,3,
5213035025,전북특별자치도 군산시 대야면 접산리,20240118,,3,
5213035026,전북특별자치도 군산시 대야면 죽산리,20240118,,3,
5213035027,전북특별자치도 군산시 대야면 보덕리,20240118,,3,
5213036000,개정면,20240118,,2,5213000000
5213036021,전북특별자치도 군산시 개정면 아동리,20240118,,3,
5213036022,전북특별자치도 군산시 개정면 운회리,20240118,,3,
5213036023,전북특별자치도 군산시 개정면 아산리,20240118,,3,
5213036024,전북특별자치도 군산시 개정면 발산리,20240118,,3,
5213036025,전북특별자치도 군산시 개정면 통사리,20240118,,3,
5213036026,전북특별자치도 군산시 개정면 옥석리,20240118,,3,
5213037000,성산면,20240118,,2,5213000000
5213037021,전북특별자치도 군산시 성산면 성덕리,20240118,,3,
5213037022,전북특별자치도 군산시 성산면 둔덕리,20240118,,3,
5213037023,전북특별자치도 군산시 성산면 고봉리,20240118,,3,
5213037024,전북특별자치도 군산시 성산면 도암리,20240118,,3,
5213037025,전북특별자치도 군산시 성산면 여방리,20240118,,3,
5213037026,전북특별자치도 군산시 성산면 대명리,20240118,,3,
5213037027,전북특별자치도 군산시 성산면 창오리,20240118,,3,
5213037028,전북특별자치도 군산시 성산면 산곡리,20240118,,3,
5213038000,나포면,20240118,,2,5213000000
5213038021,전북특별자치도 군산시 나포면 나포리,20240118,,3,
5213038022,전북특별자치도 군산시 나포면 장상리,20240118,,3,
5213038023,전북특별자치도 군산시 나포면 옥곤리,20240118,,3,
5213038024,전북특별자치도 군산시 나포면 주곡리,20240118,,3,
5213038025,전북특별자치도 군산시 나포면 부곡리,20240118,,3,
5213038026,전북특별자치도 군산시 나포면 서포리,20240118,,3,
5213039000,옥도면,20240118,,2,5213000000
5213039021,전북특별자치도 군산시 옥도면 개야도리,20240118,,3,
5213039022,전북특별자치도 군산시 옥도면 연도리,20240118,,3,
5213039023,전북특별자치도 군산시 옥도면 어청도리,20240118,,3,
5213039024,전북특별자치도 군산시 옥도면 선유도리,20240118,,3,
5213039025,전북특별자치도 군산시 옥도면 무녀도리,20240118,,3,
5213039026,전북특별자치도 군산시 옥도면 신시도리,20240118,,3,
5213039027,전북특별자치도 군산시 옥도면 야미도리,20240118,,3,
5213039028,전북특별자치도 군산시 옥도면 장자도리,20240118,,3,
5213039029,전북특별자치도 군산시 옥도면 관리도리,20240118,,3,
5213039030,전북특별자치도 군산시 옥도면 말도리,20240118,,3,
5213039031,전북특별자치도 군산시 옥도면 비안도리,20240118,,3,
5213039032,전북특별자치도 군산시 옥도면 죽도리,20240118,,3,
5213039033,전북특별자치도 군산시 옥도면 대장도리,20240118,,3,
5213039034,전북특별자치도 군산시 옥도면 두리도리,20240118,,3,
5213040000,옥서면,20240118,,2,5213000000
5213040021,전북특별자치도 군산시 옥서면 옥봉리,20240118,,3,
5213040022,전북특별자치도 군산시 옥서면 선연리,20240118,,3,
5214000000,익산시,20240118,,1,5200000000
5214010100,창인동1가,20240118,,2,5214000000
5214010200,창인동2가,20240118,,2,5214000000
5214010300,중앙동1가,20240118,,2,5214000000
5214010400,중앙동2가,20240118,,2,5214000000
5214010500,중앙동3가,20240118,,2,5214000000
5214010600,평화동,20240118,,2,5214000000
5214010700,갈산동,20240118,,2,5214000000
5214010800,주현동,20240118,,2,5214000000
5214010900,인화동1가,20240118,,2,5214000000
5214011000,인화동2가,20240118,,2,5214000000
5214011100,동산동,20240118,,2,5214000000
5214011200,마동,20240118,,2,5214000000
5214011300,남중동,20240118,,2,5214000000
5214011400,모현동1가,20240118,,2,5214000000
5214011500,모현동2가,20240118,,2,5214000000
5214011600,송학동,20240118,,2,5214000000
5214011700,목천동,20240118,,2,5214000000
5214011800,만석동,20240118,,2,5214000000
5214011900,현영동,20240118,,2,5214000000
5214012000,신용동,20240118,,2,5214000000
5214012100,신동,20240118,,2,5214000000
5214012200,영등동,20240118,,2,5214000000
5214012300,어양동,20240118,,2,5214000000
5214012400,신흥동,20240118,,2,5214000000
5214012500,금강동,20240118,,2,5214000000
5214012600,석탄동,20240118,,2,5214000000
5214012700,팔봉동,20240118,,2,5214000000
5214012800,덕기동,20240118,,2,5214000000
5214012900,석왕동,20240118,,2,5214000000
5214013000,은기동,20240118,,2,5214000000
5214013100,정족동,20240118,,2,5214000000
5214013200,임상동,20240118,,2,5214000000
5214013300,월성동,20240118,,2,5214000000
5214013400,부송동,20240118,,2,5214000000
5214013500,용제동,20240118,,2,5214000000
5214013600,석암동,20240118,,2,5214000000
5214025000,함열읍,20240118,,2,5214000000
5214025021,전북특별자치도 익산시 함열읍 와리,20240118,,3,
5214025022,전북특별자치도 익산시 함열읍 남당리,20240118,,3,
5214025023,전북특별자치도 익산시 함열읍 흘산리,20240118,,3,
5214025024,전북특별자치도 익산시 함열읍 석매리,20240118,,3,
5214025025,전북특별자치도 익산시 함열읍 용지리,20240118,,3,
5214025026,전북특별자치도 익산시 함열읍 다송리,20240118,,3,
5214031000,오산면,20240118,,2,5214000000
5214031021,전북특별자치도 익산시 오산면 송학리,20240118,,3,
5214031022,전북특별자치도 익산시 오산면 장신리,20240118,,3,
5214031023,전북특별자치도 익산시 오산면 영만리,20240118,,3,
5214031024,전북특별자치도 익산시 오산면 오산리,20240118,,3,
5214031025,전북특별자치도 익산시 오산면 신지리,20240118,,3,
5214031026,전북특별자치도 익산시 오산면 남전리,20240118,,3,
5214031027,전북특별자치도 익산시 오산면 목천리,20240118,,3,
5214032000,황등면,20240118,,2,5214000000
5214032021,전북특별자치도 익산시 황등면 황등리,20240118,,3,
5214032022,전북특별자치도 익산시 황등면 동연리,20240118,,3,
5214032023,전북특별자치도 익산시 황등면 죽촌리,20240118,,3,
5214032024,전북특별자치도 익산시 황등면 신성리,20240118,,3,
5214032025,전북특별자치도 익산시 황등면 구자리,20240118,,3,
5214032026,전북특별자치도 익산시 황등면 용산리,20240118,,3,
5214032027,전북특별자치도 익산시 황등면 율촌리,20240118,,3,
5214032028,전북특별자치도 익산시 황등면 신기리,20240118,,3,
5214033000,함라면,20240118,,2,5214000000
5214033021,전북특별자치도 익산시 함라면 함열리,20240118,,3,
5214033022,전북특별자치도 익산시 함라면 금성리,20240118,,3,
5214033023,전북특별자치도 익산시 함라면 신대리,20240118,,3,
5214033024,전북특별자치도 익산시 함라면 다망리,20240118,,3,
5214033025,전북특별자치도 익산시 함라면 신등리,20240118,,3,
5214033026,전북특별자치도 익산시 함라면 신목리,20240118,,3,
5214034000,웅포면,20240118,,2,5214000000
5214034021,전북특별자치도 익산시 웅포면 입점리,20240118,,3,
5214034022,전북특별자치도 익산시 웅포면 웅포리,20240118,,3,
5214034023,전북특별자치도 익산시 웅포면 송천리,20240118,,3,
5214034024,전북특별자치도 익산시 웅포면 고창리,20240118,,3,
5214034025,전북특별자치도 익산시 웅포면 맹산리,20240118,,3,
5214034026,전북특별자치도 익산시 웅포면 제성리,20240118,,3,
5214034027,전북특별자치도 익산시 웅포면 대붕암리,20240118,,3,
5214035000,성당면,20240118,,2,5214000000
5214035021,전북특별자치도 익산시 성당면 장선리,20240118,,3,
5214035022,전북특별자치도 익산시 성당면 와초리,20240118,,3,
5214035023,전북특별자치도 익산시 성당면 대선리,20240118,,3,
5214035024,전북특별자치도 익산시 성당면 갈산리,20240118,,3,
5214035025,전북특별자치도 익산시 성당면 두동리,20240118,,3,
5214035026,전북특별자치도 익산시 성당면 성당리,20240118,,3,
5214035027,전북특별자치도 익산시 성당면 부곡리,20240118,,3,
5214036000,용안면,20240118,,2,5214000000
5214036021,전북특별자치도 익산시 용안면 교동리,20240118,,3,
5214036022,전북특별자치도 익산시 용안면 덕용리,20240118,,3,
5214036023,전북특별자치도 익산시 용안면 중신리,20240118,,3,
5214036024,전북특별자치도 익산시 용안면 창리,20240118,,3,
5214036025,전북특별자치도 익산시 용안면 용두리,20240118,,3,
5214036026,전북특별자치도 익산시 용안면 법성리,20240118,,3,
5214036027,전북특별자치도 익산시 용안면 석동리,20240118,,3,
5214036028,전북특별자치도 익산시 용안면 난포리,20240118,,3,
5214036029,전북특별자치도 익산시 용안면 송산리,20240118,,3,
5214036030,전북특별자치도 익산시 용안면 동지산리,20240118,,3,
5214036031,전북특별자치도 익산시 용안면 칠목리,20240118,,3,
5214037000,낭산면,20240118,,2,5214000000
5214037021,전북특별자치도 익산시 낭산면 삼담리,20240118,,3,
5214037022,전북특별자치도 익산시 낭산면 호암리,20240118,,3,
5214037023,전북특별자치도 익산시 낭산면 석천리,20240118,,3,
5214037024,전북특별자치도 익산시 낭산면 낭산리,20240118,,3,
5214037025,전북특별자치도 익산시 낭산면 성남리,20240118,,3,
5214037026,전북특별자치도 익산시 낭산면 구평리,20240118,,3,
5214037027,전북특별자치도 익산시 낭산면 용기리,20240118,,3,
5214038000,망성면,20240118,,2,5214000000
5214038021,전북특별자치도 익산시 망성면 신작리,20240118,,3,
5214038022,전북특별자치도 익산시 망성면 화산리,20240118,,3,
5214038023,전북특별자치도 익산시 망성면 장선리,20240118,,3,
5214038024,전북특별자치도 익산시 망성면 어량리,20240118,,3,
5214038025,전북특별자치도 익산시 망성면 내촌리,20240118,,3,
5214038026,전북특별자치도 익산시 망성면 무형리,20240118,,3,
5214039000,여산면,20240118,,2,5214000000
5214039021,전북특별자치도 익산시 여산면 여산리,20240118,,3,
5214039022,전북특별자치도 익산시 여산면 제남리,20240118,,3,
5214039023,전북특별자치도 익산시 여산면 원수리,20240118,,3,
5214039024,전북특별자치도 익산시 여산면 호산리,20240118,,3,
5214039025,전북특별자치도 익산시 여산면 태성리,20240118,,3,
5214039026,전북특별자치도 익산시 여산면 두여리,20240118,,3,
5214040000,금마면,20240118,,2,5214000000
5214040021,전북특별자치도 익산시 금마면 동고도리,20240118,,3,
5214040022,전북특별자치도 익산시 금마면 서고도리,20240118,,3,
5214040023,전북특별자치도 익산시 금마면 신용리,20240118,,3,
5214040024,전북특별자치도 익산시 금마면 산북리,20240118,,3,
5214040025,전북특별자치도 익산시 금마면 용순리,20240118,,3,
5214040026,전북특별자치도 익산시 금마면 기양리,20240118,,3,
5214040027,전북특별자치도 익산시 금마면 갈산리,20240118,,3,
5214041000,왕궁면,20240118,,2,5214000000
5214041021,전북특별자치도 익산시 왕궁면 광암리,20240118,,3,
5214041022,전북특별자치도 익산시 왕궁면 흥암리,20240118,,3,
5214041023,전북특별자치도 익산시 왕궁면 구덕리,20240118,,3,
5214041024,전북특별자치도 익산시 왕궁면 온수리,20240118,,3,
5214041025,전북특별자치도 익산시 왕궁면 쌍제리,20240118,,3,
5214041026,전북특별자치도 익산시 왕궁면 발산리,20240118,,3,
5214041027,전북특별자치도 익산시 왕궁면 평장리,20240118,,3,
5214041028,전북특별자치도 익산시 왕궁면 동촌리,20240118,,3,
5214041029,전북특별자치도 익산시 왕궁면 도순리,20240118,,3,
5214041030,전북특별자치도 익산시 왕궁면 용화리,20240118,,3,
5214041031,전북특별자치도 익산시 왕궁면 동봉리,20240118,,3,
5214041032,전북특별자치도 익산시 왕궁면 동용리,20240118,,3,
5214041033,전북특별자치도 익산시 왕궁면 왕궁리,20240118,,3,
5214042000,춘포면,20240118,,2,5214000000
5214042022,전북특별자치도 익산시 춘포면 덕실리,20240118,,3,
5214042023,전북특별자치도 익산시 춘포면 삼포리,20240118,,3,
5214042024,전북특별자치도 익산시 춘포면 오산리,20240118,,3,
5214042025,전북특별자치도 익산시 춘포면 신동리,20240118,,3,
5214042026,전북특별자치도 익산시 춘포면 창평리,20240118,,3,
5214042027,전북특별자치도 익산시 춘포면 천서리,20240118,,3,
5214042028,전북특별자치도 익산시 춘포면 천동리,20240118,,3,
5214042029,전북특별자치도 익산시 춘포면 쌍정리,20240118,,3,
5214042030,전북특별자치도 익산시 춘포면 인수리,20240118,,3,
5214042031,전북특별자치도 익산시 춘포면 용연리,20240118,,3,
5214042032,전북특별자치도 익산시 춘포면 춘포리,20240118,,3,
5214043000,삼기면,20240118,,2,5214000000
5214043021,전북특별자치도 익산시 삼기면 간촌리,20240118,,3,
5214043022,전북특별자치도 익산시 삼기면 서두리,20240118,,3,
5214043023,전북특별자치도 익산시 삼기면 오룡리,20240118,,3,
5214043024,전북특별자치도 익산시 삼기면 연동리,20240118,,3,
5214043025,전북특별자치도 익산시 삼기면 기산리,20240118,,3,
5214043026,전북특별자치도 익산시 삼기면 용연리,20240118,,3,
5214044000,용동면,20240118,,2,5214000000
5214044021,전북특별자치도 익산시 용동면 흥왕리,20240118,,3,
5214044022,전북특별자치도 익산시 용동면 구산리,20240118,,3,
5214044023,전북특별자치도 익산시 용동면 용성리,20240118,,3,
5214044024,전북특별자치도 익산시 용동면 대조리,20240118,,3,
5214044025,전북특별자치도 익산시 용동면 화실리,20240118,,3,
5214044026,전북특별자치도 익산시 용동면 화배리,20240118,,3,
5218000000,정읍시,20240118,,1,5200000000
5218010100,수성동,20240118,,2,5218000000
5218010200,장명동,20240118,,2,5218000000
5218010300,상동,20240118,,2,5218000000
5218010400,시기동,20240118,,2,5218000000
5218010500,연지동,20240118,,2,5218000000
5218010600,농소동,20240118,,2,5218000000
5218010700,하모동,20240118,,2,5218000000
5218010800,상평동,20240118,,2,5218000000
5218010900,과교동,20240118,,2,5218000000
5218011000,삼산동,20240118,,2,5218000000
5218011100,진산동,20240118,,2,5218000000
5218011200,금붕동,20240118,,2,5218000000
5218011300,송산동,20240118,,2,5218000000
5218011400,신월동,20240118,,2,5218000000
5218011500,용산동,20240118,,2,5218000000
5218011600,교암동,20240118,,2,5218000000
5218011700,부전동,20240118,,2,5218000000
5218011800,쌍암동,20240118,,2,5218000000
5218011900,내장동,20240118,,2,5218000000
5218012000,영파동,20240118,,2,5218000000
5218012100,하북동,20240118,,2,5218000000
5218012200,구룡동,20240118,,2,5218000000
5218012300,흑암동,20240118,,2,5218000000
5218012400,용계동,20240118,,2,5218000000
5218012500,공평동,20240118,,2,5218000000
5218012600,망제동,20240118,,2,5218000000
5218012700,신정동,20240118,,2,5218000000
5218025000,신태인읍,20240118,,2,5218000000
5218025021,전북특별자치도 정읍시 신태인읍 신태인리,20240118,,3,
5218025022,전북특별자치도 정읍시 신태인읍 우령리,20240118,,3,
5218025023,전북특별자치도 정읍시 신태인읍 신덕리,20240118,,3,
5218025024,전북특별자치도 정읍시 신태인읍 청천리,20240118,,3,
5218025025,전북특별자치도 정읍시 신태인읍 화호리,20240118,,3,
5218025026,전북특별자치도 정읍시 신태인읍 육리,20240118,,3,
5218025027,전북특별자치도 정읍시 신태인읍 연정리,20240118,,3,
5218025028,전북특별자치도 정읍시 신태인읍 신용리,20240118,,3,
5218025029,전북특별자치도 정읍시 신태인읍 양괴리,20240118,,3,
5218025030,전북특별자치도 정읍시 신태인읍 구석리,20240118,,3,
5218025031,전북특별자치도 정읍시 신태인읍 백산리,20240118,,3,
5218031000,북면,20240118,,2,5218000000
5218031021,전북특별자치도 정읍시 북면 한교리,20240118,,3,
5218031022,전북특별자치도 정읍시 북면 승부리,20240118,,3,
5218031023,전북특별자치도 정읍시 북면 신평리,20240118,,3,
5218031024,전북특별자치도 정읍시 북면 복흥리,20240118,,3,
5218031025,전북특별자치도 정읍시 북면 태곡리,20240118,,3,
5218031026,전북특별자치도 정읍시 북면 보림리,20240118,,3,
5218031027,전북특별자치도 정읍시 북면 마정리,20240118,,3,
5218031028,전북특별자치도 정읍시 북면 화해리,20240118,,3,
5218031029,전북특별자치도 정읍시 북면 남산리,20240118,,3,
5218031030,전북특별자치도 정읍시 북면 장학리,20240118,,3,
5218032000,입암면,20240118,,2,5218000000
5218032021,전북특별자치도 정읍시 입암면 지선리,20240118,,3,
5218032022,전북특별자치도 정읍시 입암면 단곡리,20240118,,3,
5218032023,전북특별자치도 정읍시 입암면 연월리,20240118,,3,
5218032024,전북특별자치도 정읍시 입암면 천원리,20240118,,3,
5218032025,전북특별자치도 정읍시 입암면 등천리,20240118,,3,
5218032026,전북특별자치도 정읍시 입암면 하부리,20240118,,3,
5218032027,전북특별자치도 정읍시 입암면 접지리,20240118,,3,
5218032028,전북특별자치도 정읍시 입암면 신면리,20240118,,3,
5218032029,전북특별자치도 정읍시 입암면 마석리,20240118,,3,
5218032030,전북특별자치도 정읍시 입암면 봉양리,20240118,,3,
5218032031,전북특별자치도 정읍시 입암면 대흥리,20240118,,3,
5218033000,소성면,20240118,,2,5218000000
5218033021,전북특별자치도 정읍시 소성면 주천리,20240118,,3,
5218033022,전북특별자치도 정읍시 소성면 보화리,20240118,,3,
5218033023,전북특별자치도 정읍시 소성면 등계리,20240118,,3,
5218033024,전북특별자치도 정읍시 소성면 용정리,20240118,,3,
5218033025,전북특별자치도 정읍시 소성면 화룡리,20240118,,3,
5218033026,전북특별자치도 정읍시 소성면 고교리,20240118,,3,
5218033027,전북특별자치도 정읍시 소성면 애당리,20240118,,3,
5218033028,전북특별자치도 정읍시 소성면 중광리,20240118,,3,
5218033029,전북특별자치도 정읍시 소성면 신천리,20240118,,3,
5218033030,전북특별자치도 정읍시 소성면 기린리,20240118,,3,
5218034000,고부면,20240118,,2,5218000000
5218034021,전북특별자치도 정읍시 고부면 관청리,20240118,,3,
5218034022,전북특별자치도 정읍시 고부면 백운리,20240118,,3,
5218034023,전북특별자치도 정읍시 고부면 만화리,20240118,,3,
5218034024,전북특별자치도 정읍시 고부면 신중리,20240118,,3,
5218034025,전북특별자치도 정읍시 고부면 고부리,20240118,,3,
5218034026,전북특별자치도 정읍시 고부면 덕안리,20240118,,3,
5218034027,전북특별자치도 정읍시 고부면 신흥리,20240118,,3,
5218034028,전북특별자치도 정읍시 고부면 강고리,20240118,,3,
5218034029,전북특별자치도 정읍시 고부면 남복리,20240118,,3,
5218034030,전북특별자치도 정읍시 고부면 장문리,20240118,,3,
5218034031,전북특별자치도 정읍시 고부면 용흥리,20240118,,3,
5218034032,전북특별자치도 정읍시 고부면 입석리,20240118,,3,
5218034033,전북특별자치도 정읍시 고부면 만수리,20240118,,3,
5218035000,영원면,20240118,,2,5218000000
5218035021,전북특별자치도 정읍시 영원면 은선리,20240118,,3,
5218035022,전북특별자치도 정읍시 영원면 신영리,20240118,,3,
5218035023,전북특별자치도 정읍시 영원면 장재리,20240118,,3,
5218035024,전북특별자치도 정읍시 영원면 풍월리,20240118,,3,
5218035025,전북특별자치도 정읍시 영원면 앵성리,20240118,,3,
5218035026,전북특별자치도 정읍시 영원면 운학리,20240118,,3,
5218035027,전북특별자치도 정읍시 영원면 후지리,20240118,,3,
5218036000,덕천면,20240118,,2,5218000000
5218036021,전북특별자치도 정읍시 덕천면 하학리,20240118,,3,
5218036022,전북특별자치도 정읍시 덕천면 상학리,20240118,,3,
5218036023,전북특별자치도 정읍시 덕천면 신월리,20240118,,3,
5218036024,전북특별자치도 정읍시 덕천면 우덕리,20240118,,3,
5218036025,전북특별자치도 정읍시 덕천면 달천리,20240118,,3,
5218036026,전북특별자치도 정읍시 덕천면 도계리,20240118,,3,
5218037000,이평면,20240118,,2,5218000000
5218037021,전북특별자치도 정읍시 이평면 장내리,20240118,,3,
5218037022,전북특별자치도 정읍시 이평면 청량리,20240118,,3,
5218037023,전북특별자치도 정읍시 이평면 팔선리,20240118,,3,
5218037024,전북특별자치도 정읍시 이평면 산매리,20240118,,3,
5218037025,전북특별자치도 정읍시 이평면 두지리,20240118,,3,
5218037026,전북특별자치도 정읍시 이평면 평령리,20240118,,3,
5218037027,전북특별자치도 정읍시 이평면 창동리,20240118,,3,
5218037028,전북특별자치도 정읍시 이평면 하송리,20240118,,3,
5218037029,전북특별자치도 정읍시 이평면 마항리,20240118,,3,
5218037030,전북특별자치도 정읍시 이평면 두전리,20240118,,3,
5218037031,전북특별자치도 정읍시 이평면 오금리,20240118,,3,
5218038000,정우면,20240118,,2,5218000000
5218038021,전북특별자치도 정읍시 정우면 우일리,20240118,,3,
5218038022,전북특별자치도 정읍시 정우면 산북리,20240118,,3,
5218038023,전북특별자치도 정읍시 정우면 대사리,20240118,,3,
5218038024,전북특별자치도 정읍시 정우면 화천리,20240118,,3,
5218038025,전북특별자치도 정읍시 정우면 회룡리,20240118,,3,
5218038026,전북특별자치도 정읍시 정우면 장순리,20240118,,3,
5218038027,전북특별자치도 정읍시 정우면 초강리,20240118,,3,
5218038028,전북특별자치도 정읍시 정우면 대산리,20240118,,3,
5218038030,전북특별자치도 정읍시 정우면 수금리,20240118,,3,
5218038031,전북특별자치도 정읍시 정우면 우산리,20240118,,3,
5218039000,태인면,20240118,,2,5218000000
5218039021,전북특별자치도 정읍시 태인면 박산리,20240118,,3,
5218039022,전북특별자치도 정읍시 태인면 오봉리,20240118,,3,
5218039023,전북특별자치도 정읍시 태인면 궁사리,20240118,,3,
5218039024,전북특별자치도 정읍시 태인면 태성리,20240118,,3,
5218039025,전북특별자치도 정읍시 태인면 거산리,20240118,,3,
5218039026,전북특별자치도 정읍시 태인면 증산리,20240118,,3,
5218039027,전북특별자치도 정읍시 태인면 태흥리,20240118,,3,
5218039028,전북특별자치도 정읍시 태인면 고천리,20240118,,3,
5218039029,전북특별자치도 정읍시 태인면 낙양리,20240118,,3,
5218039030,전북특별자치도 정읍시 태인면 태창리,20240118,,3,
5218039031,전북특별자치도 정읍시 태인면 태남리,20240118,,3,
5218039032,전북특별자치도 정읍시 태인면 매계리,20240118,,3,
5218039033,전북특별자치도 정읍시 태인면 오류리,20240118,,3,
5218039034,전북특별자치도 정읍시 태인면 태서리,20240118,,3,
5218040000,감곡면,20240118,,2,5218000000
5218040021,전북특별자치도 정읍시 감곡면 승방리,20240118,,3,
5218040022,전북특별자치도 정읍시 감곡면 계룡리,20240118,,3,
5218040023,전북특별자치도 정읍시 감곡면 삼평리,20240118,,3,
5218040024,전북특별자치도 정읍시 감곡면 방교리,20240118,,3,
5218040025,전북특별자치도 정읍시 감곡면 오주리,20240118,,3,
5218040026,전북특별자치도 정읍시 감곡면 진흥리,20240118,,3,
5218040027,전북특별자치도 정읍시 감곡면 통석리,20240118,,3,
5218040028,전북특별자치도 정읍시 감곡면 화봉리,20240118,,3,
5218040029,전북특별자치도 정읍시 감곡면 용곽리,20240118,,3,
5218040030,전북특별자치도 정읍시 감곡면 유정리,20240118,,3,
5218040031,전북특별자치도 정읍시 감곡면 대신리,20240118,,3,
5218041000,옹동면,20240118,,2,5218000000
5218041021,전북특별자치도 정읍시 옹동면 비봉리,20240118,,3,
5218041022,전북특별자치도 정읍시 옹동면 매정리,20240118,,3,
5218041023,전북특별자치도 정읍시 옹동면 산성리,20240118,,3,
5218041024,전북특별자치도 정읍시 옹동면 상산리,20240118,,3,
5218041025,전북특별자치도 정읍시 옹동면 칠석리,20240118,,3,
5218041026,전북특별자치도 정읍시 옹동면 용호리,20240118,,3,
5218041027,전북특별자치도 정읍시 옹동면 오성리,20240118,,3,
5218042000,칠보면,20240118,,2,5218000000
5218042021,전북특별자치도 정읍시 칠보면 백암리,20240118,,3,
5218042022,전북특별자치도 정읍시 칠보면 축현리,20240118,,3,
5218042023,전북특별자치도 정읍시 칠보면 와우리,20240118,,3,
5218042024,전북특별자치도 정읍시 칠보면 무성리,20240118,,3,
5218042025,전북특별자치도 정읍시 칠보면 시산리,20240118,,3,
5218042026,전북특별자치도 정읍시 칠보면 반곡리,20240118,,3,
5218042027,전북특별자치도 정읍시 칠보면 수청리,20240118,,3,
5218043000,산내면,20240118,,2,5218000000
5218043021,전북특별자치도 정읍시 산내면 두월리,20240118,,3,
5218043022,전북특별자치도 정읍시 산내면 장금리,20240118,,3,
5218043023,전북특별자치도 정읍시 산내면 매죽리,20240118,,3,
5218043024,전북특별자치도 정읍시 산내면 예덕리,20240118,,3,
5218043025,전북특별자치도 정읍시 산내면 능교리,20240118,,3,
5218043026,전북특별자치도 정읍시 산내면 종성리,20240118,,3,
5218044000,산외면,20240118,,2,5218000000
5218044021,전북특별자치도 정읍시 산외면 정량리,20240118,,3,
5218044022,전북특별자치도 정읍시 산외면 평사리,20240118,,3,
5218044023,전북특별자치도 정읍시 산외면 화죽리,20240118,,3,
5218044024,전북특별자치도 정읍시 산외면 동곡리,20240118,,3,
5218044025,전북특별자치도 정읍시 산외면 상두리,20240118,,3,
5218044026,전북특별자치도 정읍시 산외면 오공리,20240118,,3,
5218044027,전북특별자치도 정읍시 산외면 목욕리,20240118,,3,
5218044028,전북특별자치도 정읍시 산외면 종산리,20240118,,3,
5219000000,남원시,20240118,,1,5200000000
5219010100,동충동,20240118,,2,5219000000
5219010200,하정동,20240118,,2,5219000000
5219010300,죽항동,20240118,,2,5219000000
5219010400,쌍교동,20240118,,2,5219000000
5219010500,천거동,20240118,,2,5219000000
5219010600,금동,20240118,,2,5219000000
5219010700,조산동,20240118,,2,5219000000
5219010800,왕정동,20240118,,2,5219000000
5219010900,신정동,20240118,,2,5219000000
5219011000,화정동,20240118,,2,5219000000
5219011100,향교동,20240118,,2,5219000000
5219011200,용정동,20240118,,2,5219000000
5219011300,광치동,20240118,,2,5219000000
5219011400,내척동,20240118,,2,5219000000
5219011500,산곡동,20240118,,2,5219000000
5219011600,도통동,20240118,,2,5219000000
5219011700,월락동,20240118,,2,5219000000
5219011800,고죽동,20240118,,2,5219000000
5219011900,식정동,20240118,,2,5219000000
5219012000,갈치동,20240118,,2,5219000000
5219012100,노암동,20240118,,2,5219000000
5219012200,어현동,20240118,,2,5219000000
5219012300,신촌동,20240118,,2,5219000000
5219025000,운봉읍,20240118,,2,5219000000
5219025021,전북특별자치도 남원시 운봉읍 주촌리,20240118,,3,
5219025022,전북특별자치도 남원시 운봉읍 덕산리,20240118,,3,
5219025023,전북특별자치도 남원시 운봉읍 공안리,20240118,,3,
5219025024,전북특별자치도 남원시 운봉읍 행정리,20240118,,3,
5219025025,전북특별자치도 남원시 운봉읍 산덕리,20240118,,3,
5219025026,전북특별자치도 남원시 운봉읍 동천리,20240118,,3,
5219025027,전북특별자치도 남원시 운봉읍 용산리,20240118,,3,
5219025028,전북특별자치도 남원시 운봉읍 북천리,20240118,,3,
5219025029,전북특별자치도 남원시 운봉읍 서천리,20240118,,3,
5219025030,전북특별자치도 남원시 운봉읍 준향리,20240118,,3,
5219025031,전북특별자치도 남원시 운봉읍 장교리,20240118,,3,
5219025032,전북특별자치도 남원시 운봉읍 권포리,20240118,,3,
5219025033,전북특별자치도 남원시 운봉읍 임리,20240118,,3,
5219025034,전북특별자치도 남원시 운봉읍 신기리,20240118,,3,
5219025035,전북특별자치도 남원시 운봉읍 매요리,20240118,,3,
5219025036,전북특별자치도 남원시 운봉읍 가산리,20240118,,3,
5219025037,전북특별자치도 남원시 운봉읍 화수리,20240118,,3,
5219031000,주천면,20240118,,2,5219000000
5219031021,전북특별자치도 남원시 주천면 주천리,20240118,,3,
5219031022,전북특별자치도 남원시 주천면 배덕리,20240118,,3,
5219031023,전북특별자치도 남원시 주천면 송치리,20240118,,3,
5219031024,전북특별자치도 남원시 주천면 용담리,20240118,,3,
5219031025,전북특별자치도 남원시 주천면 호기리,20240118,,3,
5219031026,전북특별자치도 남원시 주천면 장안리,20240118,,3,
5219031027,전북특별자치도 남원시 주천면 은송리,20240118,,3,
5219031028,전북특별자치도 남원시 주천면 호경리,20240118,,3,
5219031029,전북특별자치도 남원시 주천면 용궁리,20240118,,3,
5219031030,전북특별자치도 남원시 주천면 고기리,20240118,,3,
5219031031,전북특별자치도 남원시 주천면 덕치리,20240118,,3,
5219032000,수지면,20240118,,2,5219000000
5219032021,전북특별자치도 남원시 수지면 남창리,20240118,,3,
5219032022,전북특별자치도 남원시 수지면 초리,20240118,,3,
5219032023,전북특별자치도 남원시 수지면 산정리,20240118,,3,
5219032024,전북특별자치도 남원시 수지면 유암리,20240118,,3,
5219032025,전북특별자치도 남원시 수지면 호곡리,20240118,,3,
5219032026,전북특별자치도 남원시 수지면 고평리,20240118,,3,
5219033000,송동면,20240118,,2,5219000000
5219033021,전북특별자치도 남원시 송동면 신평리,20240118,,3,
5219033022,전북특별자치도 남원시 송동면 송내리,20240118,,3,
5219033023,전북특별자치도 남원시 송동면 사촌리,20240118,,3,
5219033024,전북특별자치도 남원시 송동면 송상리,20240118,,3,
5219033025,전북특별자치도 남원시 송동면 장국리,20240118,,3,
5219033026,전북특별자치도 남원시 송동면 흑송리,20240118,,3,
5219033027,전북특별자치도 남원시 송동면 송기리,20240118,,3,
5219033028,전북특별자치도 남원시 송동면 장포리,20240118,,3,
5219033029,전북특별자치도 남원시 송동면 영동리,20240118,,3,
5219033030,전북특별자치도 남원시 송동면 연산리,20240118,,3,
5219033031,전북특별자치도 남원시 송동면 양평리,20240118,,3,
5219033032,전북특별자치도 남원시 송동면 두신리,20240118,,3,
5219033033,전북특별자치도 남원시 송동면 세전리,20240118,,3,
5219034000,주생면,20240118,,2,5219000000
5219034021,전북특별자치도 남원시 주생면 상동리,20240118,,3,
5219034022,전북특별자치도 남원시 주생면 중동리,20240118,,3,
5219034023,전북특별자치도 남원시 주생면 지당리,20240118,,3,
5219034024,전북특별자치도 남원시 주생면 정송리,20240118,,3,
5219034025,전북특별자치도 남원시 주생면 영천리,20240118,,3,
5219034026,전북특별자치도 남원시 주생면 제천리,20240118,,3,
5219034027,전북특별자치도 남원시 주생면 낙동리,20240118,,3,
5219034028,전북특별자치도 남원시 주생면 내동리,20240118,,3,
5219034029,전북특별자치도 남원시 주생면 도산리,20240118,,3,
5219035000,금지면,20240118,,2,5219000000
5219035021,전북특별자치도 남원시 금지면 옹정리,20240118,,3,
5219035022,전북특별자치도 남원시 금지면 입암리,20240118,,3,
5219035023,전북특별자치도 남원시 금지면 서매리,20240118,,3,
5219035024,전북특별자치도 남원시 금지면 방촌리,20240118,,3,
5219035025,전북특별자치도 남원시 금지면 택내리,20240118,,3,
5219035026,전북특별자치도 남원시 금지면 창산리,20240118,,3,
5219035027,전북특별자치도 남원시 금지면 상신리,20240118,,3,
5219035028,전북특별자치도 남원시 금지면 신월리,20240118,,3,
5219035029,전북특별자치도 남원시 금지면 상귀리,20240118,,3,
5219035030,전북특별자치도 남원시 금지면 귀석리,20240118,,3,
5219035031,전북특별자치도 남원시 금지면 하도리,20240118,,3,
5219036000,대강면,20240118,,2,5219000000
5219036021,전북특별자치도 남원시 대강면 풍산리,20240118,,3,
5219036022,전북특별자치도 남원시 대강면 수홍리,20240118,,3,
5219036023,전북특별자치도 남원시 대강면 옥택리,20240118,,3,
5219036024,전북특별자치도 남원시 대강면 평촌리,20240118,,3,
5219036025,전북특별자치도 남원시 대강면 입암리,20240118,,3,
5219036026,전북특별자치도 남원시 대강면 송대리,20240118,,3,
5219036027,전북특별자치도 남원시 대강면 강석리,20240118,,3,
5219036028,전북특별자치도 남원시 대강면 사석리,20240118,,3,
5219036029,전북특별자치도 남원시 대강면 방동리,20240118,,3,
5219036030,전북특별자치도 남원시 대강면 월탄리,20240118,,3,
5219036031,전북특별자치도 남원시 대강면 생암리,20240118,,3,
5219036032,전북특별자치도 남원시 대강면 신덕리,20240118,,3,
5219036033,전북특별자치도 남원시 대강면 방산리,20240118,,3,
5219037000,대산면,20240118,,2,5219000000
5219037021,전북특별자치도 남원시 대산면 금성리,20240118,,3,
5219037022,전북특별자치도 남원시 대산면 수덕리,20240118,,3,
5219037023,전북특별자치도 남원시 대산면 대곡리,20240118,,3,
5219037024,전북특별자치도 남원시 대산면 풍촌리,20240118,,3,
5219037025,전북특별자치도 남원시 대산면 신계리,20240118,,3,
5219037026,전북특별자치도 남원시 대산면 운교리,20240118,,3,
5219037027,전북특별자치도 남원시 대산면 옥율리,20240118,,3,
5219037028,전북특별자치도 남원시 대산면 길곡리,20240118,,3,
5219038000,사매면,20240118,,2,5219000000
5219038021,전북특별자치도 남원시 사매면 서도리,20240118,,3,
5219038022,전북특별자치도 남원시 사매면 계수리,20240118,,3,
5219038023,전북특별자치도 남원시 사매면 인화리,20240118,,3,
5219038024,전북특별자치도 남원시 사매면 화정리,20240118,,3,
5219038025,전북특별자치도 남원시 사매면 대율리,20240118,,3,
5219038026,전북특별자치도 남원시 사매면 월평리,20240118,,3,
5219038027,전북특별자치도 남원시 사매면 오신리,20240118,,3,
5219038028,전북특별자치도 남원시 사매면 관풍리,20240118,,3,
5219038029,전북특별자치도 남원시 사매면 대신리,20240118,,3,
5219039000,덕과면,20240118,,2,5219000000
5219039021,전북특별자치도 남원시 덕과면 만도리,20240118,,3,
5219039022,전북특별자치도 남원시 덕과면 신양리,20240118,,3,
5219039023,전북특별자치도 남원시 덕과면 사율리,20240118,,3,
5219039024,전북특별자치도 남원시 덕과면 고정리,20240118,,3,
5219039025,전북특별자치도 남원시 덕과면 덕촌리,20240118,,3,
5219039026,전북특별자치도 남원시 덕과면 용산리,20240118,,3,
5219040000,보절면,20240118,,2,5219000000
5219040021,전북특별자치도 남원시 보절면 서치리,20240118,,3,
5219040022,전북특별자치도 남원시 보절면 괴양리,20240118,,3,
5219040023,전북특별자치도 남원시 보절면 진기리,20240118,,3,
5219040024,전북특별자치도 남원시 보절면 금다리,20240118,,3,
5219040025,전북특별자치도 남원시 보절면 신파리,20240118,,3,
5219040026,전북특별자치도 남원시 보절면 황벌리,20240118,,3,
5219040027,전북특별자치도 남원시 보절면 도룡리,20240118,,3,
5219040028,전북특별자치도 남원시 보절면 사촌리,20240118,,3,
5219040029,전북특별자치도 남원시 보절면 성시리,20240118,,3,
5219041000,산동면,20240118,,2,5219000000
5219041021,전북특별자치도 남원시 산동면 목동리,20240118,,3,
5219041022,전북특별자치도 남원시 산동면 식련리,20240118,,3,
5219041023,전북특별자치도 남원시 산동면 부절리,20240118,,3,
5219041024,전북특별자치도 남원시 산동면 태평리,20240118,,3,
5219041025,전북특별자치도 남원시 산동면 대기리,20240118,,3,
5219041026,전북특별자치도 남원시 산동면 월석리,20240118,,3,
5219041027,전북특별자치도 남원시 산동면 대상리,20240118,,3,
5219042000,이백면,20240118,,2,5219000000
5219042021,전북특별자치도 남원시 이백면 초촌리,20240118,,3,
5219042022,전북특별자치도 남원시 이백면 척문리,20240118,,3,
5219042023,전북특별자치도 남원시 이백면 서곡리,20240118,,3,
5219042024,전북특별자치도 남원시 이백면 내동리,20240118,,3,
5219042025,전북특별자치도 남원시 이백면 남계리,20240118,,3,
5219042026,전북특별자치도 남원시 이백면 강기리,20240118,,3,
5219042027,전북특별자치도 남원시 이백면 양가리,20240118,,3,
5219042028,전북특별자치도 남원시 이백면 평촌리,20240118,,3,
5219042029,전북특별자치도 남원시 이백면 과립리,20240118,,3,
5219042030,전북특별자치도 남원시 이백면 효기리,20240118,,3,
5219045000,아영면,20240118,,2,5219000000
5219045021,전북특별자치도 남원시 아영면 아곡리,20240118,,3,
5219045022,전북특별자치도 남원시 아영면 봉대리,20240118,,3,
5219045023,전북특별자치도 남원시 아영면 인풍리,20240118,,3,
5219045024,전북특별자치도 남원시 아영면 갈계리,20240118,,3,
5219045025,전북특별자치도 남원시 아영면 청계리,20240118,,3,
5219045026,전북특별자치도 남원시 아영면 월산리,20240118,,3,
5219045027,전북특별자치도 남원시 아영면 성리,20240118,,3,
5219045028,전북특별자치도 남원시 아영면 구상리,20240118,,3,
5219045029,전북특별자치도 남원시 아영면 일대리,20240118,,3,
5219045030,전북특별자치도 남원시 아영면 의지리,20240118,,3,
5219045031,전북특별자치도 남원시 아영면 두락리,20240118,,3,
5219046000,산내면,20240118,,2,5219000000
5219046021,전북특별자치도 남원시 산내면 중황리,20240118,,3,
5219046022,전북특별자치도 남원시 산내면 백일리,20240118,,3,
5219046023,전북특별자치도 남원시 산내면 대정리,20240118,,3,
5219046024,전북특별자치도 남원시 산내면 장항리,20240118,,3,
5219046025,전북특별자치도 남원시 산내면 입석리,20240118,,3,
5219046026,전북특별자치도 남원시 산내면 내령리,20240118,,3,
5219046027,전북특별자치도 남원시 산내면 부운리,20240118,,3,
5219046028,전북특별자치도 남원시 산내면 덕동리,20240118,,3,
5219047000,인월면,20240118,,2,5219000000
5219047021,전북특별자치도 남원시 인월면 중군리,20240118,,3,
5219047022,전북특별자치도 남원시 인월면 인월리,20240118,,3,
5219047023,전북특별자치도 남원시 인월면 서무리,20240118,,3,
5219047024,전북특별자치도 남원시 인월면 취암리,20240118,,3,
5219047025,전북특별자치도 남원시 인월면 건지리,20240118,,3,
5219047026,전북특별자치도 남원시 인월면 유곡리,20240118,,3,
5219047027,전북특별자치도 남원시 인월면 상우리,20240118,,3,
5219047028,전북특별자치도 남원시 인월면 성산리,20240118,,3,
5219047029,전북특별자치도 남원시 인월면 자래리,20240118,,3,
5221000000,김제시,20240118,,1,5200000000
5221010100,요촌동,20240118,,2,5221000000
5221010200,신풍동,20240118,,2,5221000000
5221010300,용동,20240118,,2,5221000000
5221010400,검산동,20240118,,2,5221000000
5221010500,순동,20240118,,2,5221000000
5221010600,백학동,20240118,,2,5221000000
5221010700,서암동,20240118,,2,5221000000
5221010800,신곡동,20240118,,2,5221000000
5221010900,교동,20240118,,2,5221000000
5221011000,옥산동,20240118,,2,5221000000
5221011100,갈공동,20240118,,2,5221000000
5221011200,하동,20240118,,2,5221000000
5221011300,흥사동,20240118,,2,5221000000
5221011400,상동동,20240118,,2,5221000000
5221011500,월성동,20240118,,2,5221000000
5221011600,황산동,20240118,,2,5221000000
5221011700,난봉동,20240118,,2,5221000000
5221011800,오정동,20240118,,2,5221000000
5221011900,복죽동,20240118,,2,5221000000
5221012000,입석동,20240118,,2,5221000000
5221012100,장화동,20240118,,2,5221000000
5221012200,신덕동,20240118,,2,5221000000
5221012300,월봉동,20240118,,2,5221000000
5221012400,신월동,20240118,,2,5221000000
5221012500,연정동,20240118,,2,5221000000
5221012600,명덕동,20240118,,2,5221000000
5221012700,제월동,20240118,,2,5221000000
5221012800,도장동,20240118,,2,5221000000
5221012900,서정동,20240118,,2,5221000000
5221013000,양전동,20240118,,2,5221000000
5221025000,만경읍,20240118,,2,5221000000
5221025021,전북특별자치도 김제시 만경읍 만경리,20240118,,3,
5221025022,전북특별자치도 김제시 만경읍 장산리,20240118,,3,
5221025023,전북특별자치도 김제시 만경읍 대동리,20240118,,3,
5221025024,전북특별자치도 김제시 만경읍 송상리,20240118,,3,
5221025025,전북특별자치도 김제시 만경읍 소토리,20240118,,3,
5221025026,전북특별자치도 김제시 만경읍 화포리,20240118,,3,
5221025027,전북특별자치도 김제시 만경읍 몽산리,20240118,,3,
5221032000,죽산면,20240118,,2,5221000000
5221032021,전북특별자치도 김제시 죽산면 죽산리,20240118,,3,
5221032022,전북특별자치도 김제시 죽산면 홍산리,20240118,,3,
5221032023,전북특별자치도 김제시 죽산면 옥성리,20240118,,3,
5221032024,전북특별자치도 김제시 죽산면 종신리,20240118,,3,
5221032025,전북특별자치도 김제시 죽산면 대창리,20240118,,3,
5221032026,전북특별자치도 김제시 죽산면 서포리,20240118,,3,
5221032027,전북특별자치도 김제시 죽산면 연포리,20240118,,3,
5221032028,전북특별자치도 김제시 죽산면 신흥리,20240118,,3,
5221033000,백산면,20240118,,2,5221000000
5221033021,전북특별자치도 김제시 백산면 하정리,20240118,,3,
5221033025,전북특별자치도 김제시 백산면 상정리,20240118,,3,
5221033026,전북특별자치도 김제시 백산면 상리,20240118,,3,
5221033027,전북특별자치도 김제시 백산면 조종리,20240118,,3,
5221033028,전북특별자치도 김제시 백산면 수록리,20240118,,3,
5221033029,전북특별자치도 김제시 백산면 부거리,20240118,,3,
5221033030,전북특별자치도 김제시 백산면 석교리,20240118,,3,
5221033031,전북특별자치도 김제시 백산면 하서리,20240118,,3,
5221034000,용지면,20240118,,2,5221000000
5221034021,전북특별자치도 김제시 용지면 구암리,20240118,,3,
5221034022,전북특별자치도 김제시 용지면 예촌리,20240118,,3,
5221034023,전북특별자치도 김제시 용지면 송산리,20240118,,3,
5221034024,전북특별자치도 김제시 용지면 봉의리,20240118,,3,
5221034025,전북특별자치도 김제시 용지면 와룡리,20240118,,3,
5221034026,전북특별자치도 김제시 용지면 효정리,20240118,,3,
5221034027,전북특별자치도 김제시 용지면 반교리,20240118,,3,
5221034028,전북특별자치도 김제시 용지면 용암리,20240118,,3,
5221034029,전북특별자치도 김제시 용지면 부교리,20240118,,3,
5221034030,전북특별자치도 김제시 용지면 신정리,20240118,,3,
5221034031,전북특별자치도 김제시 용지면 용수리,20240118,,3,
5221034032,전북특별자치도 김제시 용지면 장신리,20240118,,3,
5221035000,백구면,20240118,,2,5221000000
5221035021,전북특별자치도 김제시 백구면 월봉리,20240118,,3,
5221035022,전북특별자치도 김제시 백구면 부용리,20240118,,3,
5221035023,전북특별자치도 김제시 백구면 유강리,20240118,,3,
5221035024,전북특별자치도 김제시 백구면 삼정리,20240118,,3,
5221035025,전북특별자치도 김제시 백구면 백구리,20240118,,3,
5221035026,전북특별자치도 김제시 백구면 반월리,20240118,,3,
5221035027,전북특별자치도 김제시 백구면 석담리,20240118,,3,
5221035028,전북특별자치도 김제시 백구면 학동리,20240118,,3,
5221035029,전북특별자치도 김제시 백구면 마산리,20240118,,3,
5221035030,전북특별자치도 김제시 백구면 영상리,20240118,,3,
5221036000,부량면,20240118,,2,5221000000
5221036021,전북특별자치도 김제시 부량면 대평리,20240118,,3,
5221036022,전북특별자치도 김제시 부량면 월승리,20240118,,3,
5221036023,전북특별자치도 김제시 부량면 신두리,20240118,,3,
5221036024,전북특별자치도 김제시 부량면 신용리,20240118,,3,
5221036025,전북특별자치도 김제시 부량면 용성리,20240118,,3,
5221036026,전북특별자치도 김제시 부량면 금강리,20240118,,3,
5221036027,전북특별자치도 김제시 부량면 옥정리,20240118,,3,
5221038000,공덕면,20240118,,2,5221000000
5221038021,전북특별자치도 김제시 공덕면 마현리,20240118,,3,
5221038022,전북특별자치도 김제시 공덕면 황산리,20240118,,3,
5221038023,전북특별자치도 김제시 공덕면 공덕리,20240118,,3,
5221038024,전북특별자치도 김제시 공덕면 동계리,20240118,,3,
5221038025,전북특별자치도 김제시 공덕면 저산리,20240118,,3,
5221038026,전북특별자치도 김제시 공덕면 제말리,20240118,,3,
5221038027,전북특별자치도 김제시 공덕면 회룡리,20240118,,3,
5221039000,청하면,20240118,,2,5221000000
5221039021,전북특별자치도 김제시 청하면 동지산리,20240118,,3,
5221039022,전북특별자치도 김제시 청하면 장산리,20240118,,3,
5221039023,전북특별자치도 김제시 청하면 대청리,20240118,,3,
5221039024,전북특별자치도 김제시 청하면 관상리,20240118,,3,
5221039025,전북특별자치도 김제시 청하면 월현리,20240118,,3,
5221040000,성덕면,20240118,,2,5221000000
5221040021,전북특별자치도 김제시 성덕면 석동리,20240118,,3,
5221040022,전북특별자치도 김제시 성덕면 대목리,20240118,,3,
5221040023,전북특별자치도 김제시 성덕면 대석리,20240118,,3,
5221040024,전북특별자치도 김제시 성덕면 묘라리,20240118,,3,
5221040025,전북특별자치도 김제시 성덕면 성덕리,20240118,,3,
5221040026,전북특별자치도 김제시 성덕면 남포리,20240118,,3,
5221041000,진봉면,20240118,,2,5221000000
5221041021,전북특별자치도 김제시 진봉면 고사리,20240118,,3,
5221041022,전북특별자치도 김제시 진봉면 정당리,20240118,,3,
5221041023,전북특별자치도 김제시 진봉면 가실리,20240118,,3,
5221041024,전북특별자치도 김제시 진봉면 상궐리,20240118,,3,
5221041025,전북특별자치도 김제시 진봉면 심포리,20240118,,3,
5221042000,금구면,20240118,,2,5221000000
5221042021,전북특별자치도 김제시 금구면 금구리,20240118,,3,
5221042023,전북특별자치도 김제시 금구면 용복리,20240118,,3,
5221042024,전북특별자치도 김제시 금구면 선암리,20240118,,3,
5221042025,전북특별자치도 김제시 금구면 월전리,20240118,,3,
5221042026,전북특별자치도 김제시 금구면 오봉리,20240118,,3,
5221042027,전북특별자치도 김제시 금구면 대화리,20240118,,3,
5221042028,전북특별자치도 김제시 금구면 산동리,20240118,,3,
5221042029,전북특별자치도 김제시 금구면 낙성리,20240118,,3,
5221042030,전북특별자치도 김제시 금구면 청운리,20240118,,3,
5221042031,전북특별자치도 김제시 금구면 용지리,20240118,,3,
5221042032,전북특별자치도 김제시 금구면 옥성리,20240118,,3,
5221042033,전북특별자치도 김제시 금구면 하신리,20240118,,3,
5221042034,전북특별자치도 김제시 금구면 서도리,20240118,,3,
5221043000,봉남면,20240118,,2,5221000000
5221043021,전북특별자치도 김제시 봉남면 대송리,20240118,,3,
5221043022,전북특별자치도 김제시 봉남면 평사리,20240118,,3,
5221043023,전북특별자치도 김제시 봉남면 화봉리,20240118,,3,
5221043024,전북특별자치도 김제시 봉남면 신호리,20240118,,3,
5221043029,전북특별자치도 김제시 봉남면 신응리,20240118,,3,
5221043030,전북특별자치도 김제시 봉남면 종덕리,20240118,,3,
5221043031,전북특별자치도 김제시 봉남면 행촌리,20240118,,3,
5221043032,전북특별자치도 김제시 봉남면 구정리,20240118,,3,
5221043033,전북특별자치도 김제시 봉남면 회성리,20240118,,3,
5221043034,전북특별자치도 김제시 봉남면 내광리,20240118,,3,
5221043035,전북특별자치도 김제시 봉남면 용신리,20240118,,3,
5221044000,황산면,20240118,,2,5221000000
5221044021,전북특별자치도 김제시 황산면 봉월리,20240118,,3,
5221044022,전북특별자치도 김제시 황산면 용마리,20240118,,3,
5221044023,전북특별자치도 김제시 황산면 홍정리,20240118,,3,
5221044026,전북특별자치도 김제시 황산면 쌍감리,20240118,,3,
5221044027,전북특별자치도 김제시 황산면 남산리,20240118,,3,
5221044028,전북특별자치도 김제시 황산면 진흥리,20240118,,3,
5221045000,금산면,20240118,,2,5221000000
5221045021,전북특별자치도 김제시 금산면 성계리,20240118,,3,
5221045022,전북특별자치도 김제시 금산면 쌍용리,20240118,,3,
5221045023,전북특별자치도 김제시 금산면 원평리,20240118,,3,
5221045024,전북특별자치도 김제시 금산면 용호리,20240118,,3,
5221045025,전북특별자치도 김제시 금산면 선동리,20240118,,3,
5221045026,전북특별자치도 김제시 금산면 금성리,20240118,,3,
5221045027,전북특별자치도 김제시 금산면 화율리,20240118,,3,
5221045028,전북특별자치도 김제시 금산면 장흥리,20240118,,3,
5221045029,전북특별자치도 김제시 금산면 금산리,20240118,,3,
5221045030,전북특별자치도 김제시 금산면 청도리,20240118,,3,
5221045031,전북특별자치도 김제시 금산면 삼봉리,20240118,,3,
5221045032,전북특별자치도 김제시 금산면 용산리,20240118,,3,
5221045033,전북특별자치도 김제시 금산면 구월리,20240118,,3,
5221046000,광활면,20240118,,2,5221000000
5221046021,전북특별자치도 김제시 광활면 옥포리,20240118,,3,
5221046022,전북특별자치도 김제시 광활면 은파리,20240118,,3,
5221046023,전북특별자치도 김제시 광활면 창제리,20240118,,3,
5271000000,완주군,20240118,,1,5200000000
5271025000,삼례읍,20240118,,2,5271000000
5271025021,전북특별자치도 완주군 삼례읍 삼례리,20240118,,3,
5271025022,전북특별자치도 완주군 삼례읍 후정리,20240118,,3,
5271025023,전북특별자치도 완주군 삼례읍 어전리,20240118,,3,
5271025024,전북특별자치도 완주군 삼례읍 해전리,20240118,,3,
5271025025,전북특별자치도 완주군 삼례읍 신금리,20240118,,3,
5271025026,전북특별자치도 완주군 삼례읍 석전리,20240118,,3,
5271025027,전북특별자치도 완주군 삼례읍 구와리,20240118,,3,
5271025028,전북특별자치도 완주군 삼례읍 신탁리,20240118,,3,
5271025029,전북특별자치도 완주군 삼례읍 수계리,20240118,,3,
5271025030,전북특별자치도 완주군 삼례읍 하리,20240118,,3,
5271025300,봉동읍,20240118,,2,5271000000
5271025321,전북특별자치도 완주군 봉동읍 제내리,20240118,,3,
5271025322,전북특별자치도 완주군 봉동읍 장구리,20240118,,3,
5271025323,전북특별자치도 완주군 봉동읍 구암리,20240118,,3,
5271025324,전북특별자치도 완주군 봉동읍 둔산리,20240118,,3,
5271025325,전북특별자치도 완주군 봉동읍 용암리,20240118,,3,
5271025326,전북특별자치도 완주군 봉동읍 은하리,20240118,,3,
5271025327,전북특별자치도 완주군 봉동읍 율소리,20240118,,3,
5271025328,전북특별자치도 완주군 봉동읍 장기리,20240118,,3,
5271025329,전북특별자치도 완주군 봉동읍 낙평리,20240118,,3,
5271025330,전북특별자치도 완주군 봉동읍 성덕리,20240118,,3,
5271025331,전북특별자치도 완주군 봉동읍 구미리,20240118,,3,
5271025332,전북특별자치도 완주군 봉동읍 고천리,20240118,,3,
5271025333,전북특별자치도 완주군 봉동읍 신성리,20240118,,3,
5271025334,전북특별자치도 완주군 봉동읍 구만리,20240118,,3,
5271025600,용진읍,20240118,,2,5271000000
5271025621,전북특별자치도 완주군 용진읍 상삼리,20240118,,3,
5271025622,전북특별자치도 완주군 용진읍 구억리,20240118,,3,
5271025623,전북특별자치도 완주군 용진읍 상운리,20240118,,3,
5271025624,전북특별자치도 완주군 용진읍 용흥리,20240118,,3,
5271025625,전북특별자치도 완주군 용진읍 간중리,20240118,,3,
5271025626,전북특별자치도 완주군 용진읍 운곡리,20240118,,3,
5271025627,전북특별자치도 완주군 용진읍 신지리,20240118,,3,
5271032000,상관면,20240118,,2,5271000000
5271032021,전북특별자치도 완주군 상관면 신리,20240118,,3,
5271032022,전북특별자치도 완주군 상관면 죽림리,20240118,,3,
5271032023,전북특별자치도 완주군 상관면 용암리,20240118,,3,
5271032024,전북특별자치도 완주군 상관면 의암리,20240118,,3,
5271032025,전북특별자치도 완주군 상관면 마치리,20240118,,3,
5271033000,이서면,20240118,,2,5271000000
5271033023,전북특별자치도 완주군 이서면 금평리,20240118,,3,
5271033024,전북특별자치도 완주군 이서면 갈산리,20240118,,3,
5271033025,전북특별자치도 완주군 이서면 이성리,20240118,,3,
5271033026,전북특별자치도 완주군 이서면 상개리,20240118,,3,
5271033027,전북특별자치도 완주군 이서면 용서리,20240118,,3,
5271033028,전북특별자치도 완주군 이서면 은교리,20240118,,3,
5271033029,전북특별자치도 완주군 이서면 이문리,20240118,,3,
5271033030,전북특별자치도 완주군 이서면 남계리,20240118,,3,
5271033031,전북특별자치도 완주군 이서면 반교리,20240118,,3,
5271033032,전북특별자치도 완주군 이서면 금계리,20240118,,3,
5271034000,소양면,20240118,,2,5271000000
5271034021,전북특별자치도 완주군 소양면 신교리,20240118,,3,
5271034022,전북특별자치도 완주군 소양면 명덕리,20240118,,3,
5271034023,전북특별자치도 완주군 소양면 죽절리,20240118,,3,
5271034024,전북특별자치도 완주군 소양면 황운리,20240118,,3,
5271034025,전북특별자치도 완주군 소양면 대흥리,20240118,,3,
5271034026,전북특별자치도 완주군 소양면 해월리,20240118,,3,
5271034027,전북특별자치도 완주군 소양면 화심리,20240118,,3,
5271034028,전북특별자치도 완주군 소양면 신원리,20240118,,3,
5271034029,전북특별자치도 완주군 소양면 신촌리,20240118,,3,
5271035000,구이면,20240118,,2,5271000000
5271035021,전북특별자치도 완주군 구이면 평촌리,20240118,,3,
5271035022,전북특별자치도 완주군 구이면 광곡리,20240118,,3,
5271035023,전북특별자치도 완주군 구이면 덕천리,20240118,,3,
5271035024,전북특별자치도 완주군 구이면 두현리,20240118,,3,
5271035025,전북특별자치도 완주군 구이면 원기리,20240118,,3,
5271035026,전북특별자치도 완주군 구이면 항가리,20240118,,3,
5271035027,전북특별자치도 완주군 구이면 계곡리,20240118,,3,
5271035028,전북특별자치도 완주군 구이면 백여리,20240118,,3,
5271035029,전북특별자치도 완주군 구이면 안덕리,20240118,,3,
5271036000,고산면,20240118,,2,5271000000
5271036021,전북특별자치도 완주군 고산면 읍내리,20240118,,3,
5271036022,전북특별자치도 완주군 고산면 서봉리,20240118,,3,
5271036023,전북특별자치도 완주군 고산면 율곡리,20240118,,3,
5271036024,전북특별자치도 완주군 고산면 어우리,20240118,,3,
5271036025,전북특별자치도 완주군 고산면 남봉리,20240118,,3,
5271036026,전북특별자치도 완주군 고산면 화정리,20240118,,3,
5271036027,전북특별자치도 완주군 고산면 양야리,20240118,,3,
5271036028,전북특별자치도 완주군 고산면 성재리,20240118,,3,
5271036029,전북특별자치도 완주군 고산면 오산리,20240118,,3,
5271036030,전북특별자치도 완주군 고산면 삼기리,20240118,,3,
5271036031,전북특별자치도 완주군 고산면 소향리,20240118,,3,
5271037000,비봉면,20240118,,2,5271000000
5271037021,전북특별자치도 완주군 비봉면 봉산리,20240118,,3,
5271037022,전북특별자치도 완주군 비봉면 소농리,20240118,,3,
5271037023,전북특별자치도 완주군 비봉면 내월리,20240118,,3,
5271037024,전북특별자치도 완주군 비봉면 대치리,20240118,,3,
5271037025,전북특별자치도 완주군 비봉면 백도리,20240118,,3,
5271037026,전북특별자치도 완주군 비봉면 이전리,20240118,,3,
5271037027,전북특별자치도 완주군 비봉면 수선리,20240118,,3,
5271038000,운주면,20240118,,2,5271000000
5271038021,전북특별자치도 완주군 운주면 장선리,20240118,,3,
5271038022,전북특별자치도 완주군 운주면 완창리,20240118,,3,
5271038023,전북특별자치도 완주군 운주면 산북리,20240118,,3,
5271038026,전북특별자치도 완주군 운주면 구제리,20240118,,3,
5271038027,전북특별자치도 완주군 운주면 고당리,20240118,,3,
5271038028,전북특별자치도 완주군 운주면 금당리,20240118,,3,
5271039000,화산면,20240118,,2,5271000000
5271039021,전북특별자치도 완주군 화산면 화평리,20240118,,3,
5271039022,전북특별자치도 완주군 화산면 화월리,20240118,,3,
5271039023,전북특별자치도 완주군 화산면 춘산리,20240118,,3,
5271039024,전북특별자치도 완주군 화산면 운곡리,20240118,,3,
5271039025,전북특별자치도 완주군 화산면 우월리,20240118,,3,
5271039026,전북특별자치도 완주군 화산면 운산리,20240118,,3,
5271039027,전북특별자치도 완주군 화산면 와룡리,20240118,,3,
5271039028,전북특별자치도 완주군 화산면 종리,20240118,,3,
5271039029,전북특별자치도 완주군 화산면 승치리,20240118,,3,
5271039030,전북특별자치도 완주군 화산면 성북리,20240118,,3,
5271039031,전북특별자치도 완주군 화산면 운제리,20240118,,3,
5271040000,동상면,20240118,,2,5271000000
5271040021,전북특별자치도 완주군 동상면 신월리,20240118,,3,
5271040022,전북특별자치도 완주군 동상면 사봉리,20240118,,3,
5271040023,전북특별자치도 완주군 동상면 수만리,20240118,,3,
5271040024,전북특별자치도 완주군 동상면 대아리,20240118,,3,
5271041000,경천면,20240118,,2,5271000000
5271041021,전북특별자치도 완주군 경천면 용복리,20240118,,3,
5271041022,전북특별자치도 완주군 경천면 가천리,20240118,,3,
5271041023,전북특별자치도 완주군 경천면 경천리,20240118,,3,
5272000000,진안군,20240118,,1,5200000000
5272025000,진안읍,20240118,,2,5272000000
5272025021,전북특별자치도 진안군 진안읍 군상리,20240118,,3,
5272025022,전북특별자치도 진안군 진안읍 군하리,20240118,,3,
5272025023,전북특별자치도 진안군 진안읍 단양리,20240118,,3,
5272025024,전북특별자치도 진안군 진안읍 가림리,20240118,,3,
5272025025,전북특별자치도 진안군 진안읍 반월리,20240118,,3,
5272025026,전북특별자치도 진안군 진안읍 죽산리,20240118,,3,
5272025027,전북특별자치도 진안군 진안읍 오천리,20240118,,3,
5272025028,전북특별자치도 진안군 진안읍 물곡리,20240118,,3,
5272025029,전북특별자치도 진안군 진안읍 구룡리,20240118,,3,
5272025030,전북특별자치도 진안군 진안읍 가막리,20240118,,3,
5272025031,전북특별자치도 진안군 진안읍 정곡리,20240118,,3,
5272025032,전북특별자치도 진안군 진안읍 연장리,20240118,,3,
5272025033,전북특별자치도 진안군 진안읍 운산리,20240118,,3,
5272031000,용담면,20240118,,2,5272000000
5272031021,전북특별자치도 진안군 용담면 옥거리,20240118,,3,
5272031022,전북특별자치도 진안군 용담면 수천리,20240118,,3,
5272031023,전북특별자치도 진안군 용담면 호계리,20240118,,3,
5272031024,전북특별자치도 진안군 용담면 월계리,20240118,,3,
5272031025,전북특별자치도 진안군 용담면 송풍리,20240118,,3,
5272031026,전북특별자치도 진안군 용담면 와룡리,20240118,,3,
5272032000,안천면,20240118,,2,5272000000
5272032021,전북특별자치도 진안군 안천면 노성리,20240118,,3,
5272032022,전북특별자치도 진안군 안천면 백화리,20240118,,3,
5272032023,전북특별자치도 진안군 안천면 신괴리,20240118,,3,
5272032024,전북특별자치도 진안군 안천면 삼락리,20240118,,3,
5272033000,동향면,20240118,,2,5272000000
5272033021,전북특별자치도 진안군 동향면 대량리,20240118,,3,
5272033022,전북특별자치도 진안군 동향면 학선리,20240118,,3,
5272033023,전북특별자치도 진안군 동향면 능금리,20240118,,3,
5272033024,전북특별자치도 진안군 동향면 자산리,20240118,,3,
5272033025,전북특별자치도 진안군 동향면 신송리,20240118,,3,
5272033026,전북특별자치도 진안군 동향면 성산리,20240118,,3,
5272034000,상전면,20240118,,2,5272000000
5272034021,전북특별자치도 진안군 상전면 갈현리,20240118,,3,
5272034022,전북특별자치도 진안군 상전면 주평리,20240118,,3,
5272034023,전북특별자치도 진안군 상전면 수동리,20240118,,3,
5272034024,전북특별자치도 진안군 상전면 월포리,20240118,,3,
5272034025,전북특별자치도 진안군 상전면 구룡리,20240118,,3,
5272034026,전북특별자치도 진안군 상전면 용평리,20240118,,3,
5272035000,백운면,20240118,,2,5272000000
5272035021,전북특별자치도 진안군 백운면 동창리,20240118,,3,
5272035022,전북특별자치도 진안군 백운면 평장리,20240118,,3,
5272035023,전북특별자치도 진안군 백운면 덕현리,20240118,,3,
5272035024,전북특별자치도 진안군 백운면 남계리,20240118,,3,
5272035025,전북특별자치도 진안군 백운면 반송리,20240118,,3,
5272035026,전북특별자치도 진안군 백운면 신암리,20240118,,3,
5272035027,전북특별자치도 진안군 백운면 백암리,20240118,,3,
5272035028,전북특별자치도 진안군 백운면 노촌리,20240118,,3,
5272035029,전북특별자치도 진안군 백운면 운교리,20240118,,3,
5272036000,성수면,20240118,,2,5272000000
5272036021,전북특별자치도 진안군 성수면 외궁리,20240118,,3,
5272036022,전북특별자치도 진안군 성수면 좌산리,20240118,,3,
5272036023,전북특별자치도 진안군 성수면 신기리,20240118,,3,
5272036024,전북특별자치도 진안군 성수면 구신리,20240118,,3,
5272036025,전북특별자치도 진안군 성수면 용포리,20240118,,3,
5272036026,전북특별자치도 진안군 성수면 도통리,20240118,,3,
5272036027,전북특별자치도 진안군 성수면 좌포리,20240118,,3,
5272036028,전북특별자치도 진안군 성수면 중길리,20240118,,3,
5272037000,마령면,20240118,,2,5272000000
5272037021,전북특별자치도 진안군 마령면 평지리,20240118,,3,
5272037022,전북특별자치도 진안군 마령면 동촌리,20240118,,3,
5272037023,전북특별자치도 진안군 마령면 계서리,20240118,,3,
5272037024,전북특별자치도 진안군 마령면 덕천리,20240118,,3,
5272037025,전북특별자치도 진안군 마령면 강정리,20240118,,3,
5272038000,부귀면,20240118,,2,5272000000
5272038021,전북특별자치도 진안군 부귀면 거석리,20240118,,3,
5272038022,전북특별자치도 진안군 부귀면 오룡리,20240118,,3,
5272038023,전북특별자치도 진안군 부귀면 세동리,20240118,,3,
5272038024,전북특별자치도 진안군 부귀면 신정리,20240118,,3,
5272038025,전북특별자치도 진안군 부귀면 수항리,20240118,,3,
5272038026,전북특별자치도 진안군 부귀면 두남리,20240118,,3,
5272038027,전북특별자치도 진안군 부귀면 황금리,20240118,,3,
5272038028,전북특별자치도 진안군 부귀면 궁항리,20240118,,3,
5272038029,전북특별자치도 진안군 부귀면 봉암리,20240118,,3,
5272039000,정천면,20240118,,2,5272000000
5272039021,전북특별자치도 진안군 정천면 봉학리,20240118,,3,
5272039022,전북특별자치도 진안군 정천면 갈용리,20240118,,3,
5272039023,전북특별자치도 진안군 정천면 모정리,20240118,,3,
5272039024,전북특별자치도 진안군 정천면 망화리,20240118,,3,
5272039025,전북특별자치도 진안군 정천면 월평리,20240118,,3,
5272040000,주천면,20240118,,2,5272000000
5272040021,전북특별자치도 진안군 주천면 주양리,20240118,,3,
5272040022,전북특별자치도 진안군 주천면 대불리,20240118,,3,
5272040023,전북특별자치도 진안군 주천면 운봉리,20240118,,3,
5272040024,전북특별자치도 진안군 주천면 신양리,20240118,,3,
5272040025,전북특별자치도 진안군 주천면 용덕리,20240118,,3,
5272040026,전북특별자치도 진안군 주천면 무릉리,20240118,,3,
5273000000,무주군,20240118,,1,5200000000
5273025000,무주읍,20240118,,2,5273000000
5273025021,전북특별자치도 무주군 무주읍 읍내리,20240118,,3,
5273025022,전북특별자치도 무주군 무주읍 당산리,20240118,,3,
5273025023,전북특별자치도 무주군 무주읍 오산리,20240118,,3,
5273025024,전북특별자치도 무주군 무주읍 장백리,20240118,,3,
5273025025,전북특별자치도 무주군 무주읍 내도리,20240118,,3,
5273025026,전북특별자치도 무주군 무주읍 대차리,20240118,,3,
5273025027,전북특별자치도 무주군 무주읍 용포리,20240118,,3,
5273025028,전북특별자치도 무주군 무주읍 가옥리,20240118,,3,
5273031000,무풍면,20240118,,2,5273000000
5273031021,전북특별자치도 무주군 무풍면 현내리,20240118,,3,
5273031022,전북특별자치도 무주군 무풍면 금평리,20240118,,3,
5273031023,전북특별자치도 무주군 무풍면 지성리,20240118,,3,
5273031024,전북특별자치도 무주군 무풍면 철목리,20240118,,3,
5273031025,전북특별자치도 무주군 무풍면 증산리,20240118,,3,
5273031026,전북특별자치도 무주군 무풍면 은산리,20240118,,3,
5273031027,전북특별자치도 무주군 무풍면 덕지리,20240118,,3,
5273031028,전북특별자치도 무주군 무풍면 삼거리,20240118,,3,
5273032000,설천면,20240118,,2,5273000000
5273032021,전북특별자치도 무주군 설천면 기곡리,20240118,,3,
5273032022,전북특별자치도 무주군 설천면 길산리,20240118,,3,
5273032023,전북특별자치도 무주군 설천면 청량리,20240118,,3,
5273032024,전북특별자치도 무주군 설천면 소천리,20240118,,3,
5273032025,전북특별자치도 무주군 설천면 대불리,20240118,,3,
5273032026,전북특별자치도 무주군 설천면 미천리,20240118,,3,
5273032027,전북특별자치도 무주군 설천면 장덕리,20240118,,3,
5273032028,전북특별자치도 무주군 설천면 두길리,20240118,,3,
5273032029,전북특별자치도 무주군 설천면 심곡리,20240118,,3,
5273032030,전북특별자치도 무주군 설천면 삼공리,20240118,,3,
5273033000,적상면,20240118,,2,5273000000
5273033021,전북특별자치도 무주군 적상면 사산리,20240118,,3,
5273033022,전북특별자치도 무주군 적상면 사천리,20240118,,3,
5273033023,전북특별자치도 무주군 적상면 삼가리,20240118,,3,
5273033024,전북특별자치도 무주군 적상면 삼유리,20240118,,3,
5273033025,전북특별자치도 무주군 적상면 방이리,20240118,,3,
5273033026,전북특별자치도 무주군 적상면 북창리,20240118,,3,
5273033027,전북특별자치도 무주군 적상면 포내리,20240118,,3,
5273033028,전북특별자치도 무주군 적상면 괴목리,20240118,,3,
5273034000,안성면,20240118,,2,5273000000
5273034021,전북특별자치도 무주군 안성면 장기리,20240118,,3,
5273034022,전북특별자치도 무주군 안성면 공진리,20240118,,3,
5273034023,전북특별자치도 무주군 안성면 죽천리,20240118,,3,
5273034024,전북특별자치도 무주군 안성면 공정리,20240118,,3,
5273034025,전북특별자치도 무주군 안성면 덕산리,20240118,,3,
5273034026,전북특별자치도 무주군 안성면 금평리,20240118,,3,
5273034027,전북특별자치도 무주군 안성면 사전리,20240118,,3,
5273034028,전북특별자치도 무주군 안성면 진도리,20240118,,3,
5273035000,부남면,20240118,,2,5273000000
5273035021,전북특별자치도 무주군 부남면 대유리,20240118,,3,
5273035022,전북특별자치도 무주군 부남면 대소리,20240118,,3,
5273035023,전북특별자치도 무주군 부남면 고창리,20240118,,3,
5273035024,전북특별자치도 무주군 부남면 장안리,20240118,,3,
5273035025,전북특별자치도 무주군 부남면 굴암리,20240118,,3,
5273035026,전북특별자치도 무주군 부남면 가당리,20240118,,3,
5274000000,장수군,20240118,,1,5200000000
5274025000,장수읍,20240118,,2,5274000000
5274025021,전북특별자치도 장수군 장수읍 장수리,20240118,,3,
5274025022,전북특별자치도 장수군 장수읍 노하리,20240118,,3,
5274025023,전북특별자치도 장수군 장수읍 선창리,20240118,,3,
5274025024,전북특별자치도 장수군 장수읍 노곡리,20240118,,3,
5274025025,전북특별자치도 장수군 장수읍 동촌리,20240118,,3,
5274025026,전북특별자치도 장수군 장수읍 덕산리,20240118,,3,
5274025027,전북특별자치도 장수군 장수읍 두산리,20240118,,3,
5274025028,전북특별자치도 장수군 장수읍 개정리,20240118,,3,
5274025029,전북특별자치도 장수군 장수읍 수분리,20240118,,3,
5274025030,전북특별자치도 장수군 장수읍 송천리,20240118,,3,
5274025031,전북특별자치도 장수군 장수읍 용계리,20240118,,3,
5274025032,전북특별자치도 장수군 장수읍 대성리,20240118,,3,
5274025033,전북특별자치도 장수군 장수읍 식천리,20240118,,3,
5274031000,산서면,20240118,,2,5274000000
5274031021,전북특별자치도 장수군 산서면 오성리,20240118,,3,
5274031022,전북특별자치도 장수군 산서면 쌍계리,20240118,,3,
5274031023,전북특별자치도 장수군 산서면 사계리,20240118,,3,
5274031024,전북특별자치도 장수군 산서면 봉서리,20240118,,3,
5274031025,전북특별자치도 장수군 산서면 하월리,20240118,,3,
5274031026,전북특별자치도 장수군 산서면 사상리,20240118,,3,
5274031027,전북특별자치도 장수군 산서면 이룡리,20240118,,3,
5274031028,전북특별자치도 장수군 산서면 신창리,20240118,,3,
5274031029,전북특별자치도 장수군 산서면 오산리,20240118,,3,
5274031030,전북특별자치도 장수군 산서면 건지리,20240118,,3,
5274031031,전북특별자치도 장수군 산서면 마하리,20240118,,3,
5274031032,전북특별자치도 장수군 산서면 백운리,20240118,,3,
5274031033,전북특별자치도 장수군 산서면 학선리,20240118,,3,
5274031034,전북특별자치도 장수군 산서면 동화리,20240118,,3,
5274032000,번암면,20240118,,2,5274000000
5274032021,전북특별자치도 장수군 번암면 교동리,20240118,,3,
5274032022,전북특별자치도 장수군 번암면 국포리,20240118,,3,
5274032023,전북특별자치도 장수군 번암면 죽산리,20240118,,3,
5274032024,전북특별자치도 장수군 번암면 사암리,20240118,,3,
5274032025,전북특별자치도 장수군 번암면 지지리,20240118,,3,
5274032026,전북특별자치도 장수군 번암면 동화리,20240118,,3,
5274032027,전북특별자치도 장수군 번암면 죽림리,20240118,,3,
5274032028,전북특별자치도 장수군 번암면 노단리,20240118,,3,
5274032029,전북특별자치도 장수군 번암면 논곡리,20240118,,3,
5274032030,전북특별자치도 장수군 번암면 대론리,20240118,,3,
5274032031,전북특별자치도 장수군 번암면 유정리,20240118,,3,
5274033500,장계면,20240118,,2,5274000000
5274033521,전북특별자치도 장수군 장계면 장계리,20240118,,3,
5274033522,전북특별자치도 장수군 장계면 금곡리,20240118,,3,
5274033523,전북특별자치도 장수군 장계면 무농리,20240118,,3,
5274033524,전북특별자치도 장수군 장계면 금덕리,20240118,,3,
5274033525,전북특별자치도 장수군 장계면 송천리,20240118,,3,
5274033526,전북특별자치도 장수군 장계면 월강리,20240118,,3,
5274033527,전북특별자치도 장수군 장계면 삼봉리,20240118,,3,
5274033528,전북특별자치도 장수군 장계면 명덕리,20240118,,3,
5274033529,전북특별자치도 장수군 장계면 오동리,20240118,,3,
5274033530,전북특별자치도 장수군 장계면 대곡리,20240118,,3,
5274034000,천천면,20240118,,2,5274000000
5274034021,전북특별자치도 장수군 천천면 장판리,20240118,,3,
5274034022,전북특별자치도 장수군 천천면 월곡리,20240118,,3,
5274034024,전북특별자치도 장수군 천천면 남양리,20240118,,3,
5274034025,전북특별자치도 장수군 천천면 삼고리,20240118,,3,
5274034026,전북특별자치도 장수군 천천면 봉덕리,20240118,,3,
5274034027,전북특별자치도 장수군 천천면 춘송리,20240118,,3,
5274034028,전북특별자치도 장수군 천천면 용광리,20240118,,3,
5274034029,전북특별자치도 장수군 천천면 오봉리,20240118,,3,
5274034030,전북특별자치도 장수군 천천면 연평리,20240118,,3,
5274034031,전북특별자치도 장수군 천천면 비룡리,20240118,,3,
5274035000,계남면,20240118,,2,5274000000
5274035021,전북특별자치도 장수군 계남면 침곡리,20240118,,3,
5274035022,전북특별자치도 장수군 계남면 화양리,20240118,,3,
5274035023,전북특별자치도 장수군 계남면 신전리,20240118,,3,
5274035024,전북특별자치도 장수군 계남면 호덕리,20240118,,3,
5274035025,전북특별자치도 장수군 계남면 화음리,20240118,,3,
5274035026,전북특별자치도 장수군 계남면 가곡리,20240118,,3,
5274035027,전북특별자치도 장수군 계남면 궁양리,20240118,,3,
5274035028,전북특별자치도 장수군 계남면 장안리,20240118,,3,
5274036000,계북면,20240118,,2,5274000000
5274036021,전북특별자치도 장수군 계북면 월현리,20240118,,3,
5274036022,전북특별자치도 장수군 계북면 매계리,20240118,,3,
5274036023,전북특별자치도 장수군 계북면 농소리,20240118,,3,
5274036024,전북특별자치도 장수군 계북면 어전리,20240118,,3,
5274036025,전북특별자치도 장수군 계북면 임평리,20240118,,3,
5274036026,전북특별자치도 장수군 계북면 원촌리,20240118,,3,
5274036027,전북특별자치도 장수군 계북면 양악리,20240118,,3,
5275000000,임실군,20240118,,1,5200000000
5275025000,임실읍,20240118,,2,5275000000
5275025021,전북특별자치도 임실군 임실읍 성가리,20240118,,3,
5275025022,전북특별자치도 임실군 임실읍 이도리,20240118,,3,
5275025023,전북특별자치도 임실군 임실읍 오정리,20240118,,3,
5275025024,전북특별자치도 임실군 임실읍 두곡리,20240118,,3,
5275025025,전북특별자치도 임실군 임실읍 갈마리,20240118,,3,
5275025026,전북특별자치도 임실군 임실읍 감성리,20240118,,3,
5275025027,전북특별자치도 임실군 임실읍 대곡리,20240118,,3,
5275025028,전북특별자치도 임실군 임실읍 정월리,20240118,,3,
5275025029,전북특별자치도 임실군 임실읍 이인리,20240118,,3,
5275025030,전북특별자치도 임실군 임실읍 두만리,20240118,,3,
5275025031,전북특별자치도 임실군 임실읍 장재리,20240118,,3,
5275025032,전북특별자치도 임실군 임실읍 신안리,20240118,,3,
5275025033,전북특별자치도 임실군 임실읍 현곡리,20240118,,3,
5275025034,전북특별자치도 임실군 임실읍 금성리,20240118,,3,
5275025035,전북특별자치도 임실군 임실읍 신정리,20240118,,3,
5275025036,전북특별자치도 임실군 임실읍 망전리,20240118,,3,
5275031000,청웅면,20240118,,2,5275000000
5275031021,전북특별자치도 임실군 청웅면 두복리,20240118,,3,
5275031022,전북특별자치도 임실군 청웅면 구고리,20240118,,3,
5275031023,전북특별자치도 임실군 청웅면 향교리,20240118,,3,
5275031024,전북특별자치도 임실군 청웅면 옥전리,20240118,,3,
5275031025,전북특별자치도 임실군 청웅면 석두리,20240118,,3,
5275031026,전북특별자치도 임실군 청웅면 청계리,20240118,,3,
5275031027,전북특별자치도 임실군 청웅면 남산리,20240118,,3,
5275031028,전북특별자치도 임실군 청웅면 옥석리,20240118,,3,
5275032000,운암면,20240118,,2,5275000000
5275032021,전북특별자치도 임실군 운암면 학암리,20240118,,3,
5275032022,전북특별자치도 임실군 운암면 선거리,20240118,,3,
5275032023,전북특별자치도 임실군 운암면 월면리,20240118,,3,
5275032024,전북특별자치도 임실군 운암면 지천리,20240118,,3,
5275032025,전북특별자치도 임실군 운암면 사양리,20240118,,3,
5275032026,전북특별자치도 임실군 운암면 쌍암리,20240118,,3,
5275032027,전북특별자치도 임실군 운암면 입석리,20240118,,3,
5275032028,전북특별자치도 임실군 운암면 용운리,20240118,,3,
5275032029,전북특별자치도 임실군 운암면 청운리,20240118,,3,
5275032030,전북특별자치도 임실군 운암면 마암리,20240118,,3,
5275032031,전북특별자치도 임실군 운암면 운종리,20240118,,3,
5275032032,전북특별자치도 임실군 운암면 운암리,20240118,,3,
5275032033,전북특별자치도 임실군 운암면 금기리,20240118,,3,
5275032034,전북특별자치도 임실군 운암면 운정리,20240118,,3,
5275033000,신평면,20240118,,2,5275000000
5275033021,전북특별자치도 임실군 신평면 창인리,20240118,,3,
5275033022,전북특별자치도 임실군 신평면 대리,20240118,,3,
5275033023,전북특별자치도 임실군 신평면 호암리,20240118,,3,
5275033024,전북특별자치도 임실군 신평면 원천리,20240118,,3,
5275033025,전북특별자치도 임실군 신평면 가덕리,20240118,,3,
5275033026,전북특별자치도 임실군 신평면 덕암리,20240118,,3,
5275033027,전북특별자치도 임실군 신평면 용암리,20240118,,3,
5275034000,성수면,20240118,,2,5275000000
5275034021,전북특별자치도 임실군 성수면 도인리,20240118,,3,
5275034022,전북특별자치도 임실군 성수면 양지리,20240118,,3,
5275034023,전북특별자치도 임실군 성수면 삼봉리,20240118,,3,
5275034024,전북특별자치도 임실군 성수면 태평리,20240118,,3,
5275034025,전북특별자치도 임실군 성수면 성수리,20240118,,3,
5275034026,전북특별자치도 임실군 성수면 왕방리,20240118,,3,
5275034027,전북특별자치도 임실군 성수면 오봉리,20240118,,3,
5275034028,전북특별자치도 임실군 성수면 삼청리,20240118,,3,
5275034029,전북특별자치도 임실군 성수면 월평리,20240118,,3,
5275034030,전북특별자치도 임실군 성수면 봉강리,20240118,,3,
5275034031,전북특별자치도 임실군 성수면 오류리,20240118,,3,
5275035500,오수면,20240118,,2,5275000000
5275035521,전북특별자치도 임실군 오수면 오수리,20240118,,3,
5275035522,전북특별자치도 임실군 오수면 용정리,20240118,,3,
5275035523,전북특별자치도 임실군 오수면 신기리,20240118,,3,
5275035524,전북특별자치도 임실군 오수면 둔덕리,20240118,,3,
5275035525,전북특별자치도 임실군 오수면 용두리,20240118,,3,
5275035526,전북특별자치도 임실군 오수면 둔기리,20240118,,3,
5275035527,전북특별자치도 임실군 오수면 대정리,20240118,,3,
5275035528,전북특별자치도 임실군 오수면 대명리,20240118,,3,
5275035529,전북특별자치도 임실군 오수면 오산리,20240118,,3,
5275035530,전북특별자치도 임실군 오수면 주천리,20240118,,3,
5275035531,전북특별자치도 임실군 오수면 오암리,20240118,,3,
5275035532,전북특별자치도 임실군 오수면 봉천리,20240118,,3,
5275035533,전북특별자치도 임실군 오수면 군평리,20240118,,3,
5275035534,전북특별자치도 임실군 오수면 금암리,20240118,,3,
5275036000,신덕면,20240118,,2,5275000000
5275036021,전북특별자치도 임실군 신덕면 수천리,20240118,,3,
5275036022,전북특별자치도 임실군 신덕면 삼길리,20240118,,3,
5275036023,전북특별자치도 임실군 신덕면 신흥리,20240118,,3,
5275036024,전북특별자치도 임실군 신덕면 신덕리,20240118,,3,
5275036025,전북특별자치도 임실군 신덕면 조월리,20240118,,3,
5275036026,전북특별자치도 임실군 신덕면 월성리,20240118,,3,
5275036027,전북특별자치도 임실군 신덕면 지장리,20240118,,3,
5275036028,전북특별자치도 임실군 신덕면 금정리,20240118,,3,
5275036029,전북특별자치도 임실군 신덕면 오궁리,20240118,,3,
5275037000,삼계면,20240118,,2,5275000000
5275037021,전북특별자치도 임실군 삼계면 후천리,20240118,,3,
5275037022,전북특별자치도 임실군 삼계면 봉현리,20240118,,3,
5275037023,전북특별자치도 임실군 삼계면 세심리,20240118,,3,
5275037024,전북특별자치도 임실군 삼계면 학정리,20240118,,3,
5275037025,전북특별자치도 임실군 삼계면 죽계리,20240118,,3,
5275037026,전북특별자치도 임실군 삼계면 홍곡리,20240118,,3,
5275037027,전북특별자치도 임실군 삼계면 산수리,20240118,,3,
5275037028,전북특별자치도 임실군 삼계면 삼계리,20240118,,3,
5275037031,전북특별자치도 임실군 삼계면 오지리,20240118,,3,
5275037032,전북특별자치도 임실군 삼계면 덕계리,20240118,,3,
5275037033,전북특별자치도 임실군 삼계면 두월리,20240118,,3,
5275037034,전북특별자치도 임실군 삼계면 뇌천리,20240118,,3,
5275037035,전북특별자치도 임실군 삼계면 삼은리,20240118,,3,
5275037036,전북특별자치도 임실군 삼계면 어은리,20240118,,3,
5275038000,관촌면,20240118,,2,5275000000
5275038022,전북특별자치도 임실군 관촌면 용산리,20240118,,3,
5275038023,전북특별자치도 임실군 관촌면 도봉리,20240118,,3,
5275038024,전북특별자치도 임실군 관촌면 병암리,20240118,,3,
5275038025,전북특별자치도 임실군 관촌면 덕천리,20240118,,3,
5275038026,전북특별자치도 임실군 관촌면 관촌리,20240118,,3,
5275038027,전북특별자치도 임실군 관촌면 슬치리,20240118,,3,
5275038028,전북특별자치도 임실군 관촌면 방현리,20240118,,3,
5275038029,전북특별자치도 임실군 관촌면 신전리,20240118,,3,
5275038030,전북특별자치도 임실군 관촌면 상월리,20240118,,3,
5275038031,전북특별자치도 임실군 관촌면 회봉리,20240118,,3,
5275038032,전북특별자치도 임실군 관촌면 방수리,20240118,,3,
5275038033,전북특별자치도 임실군 관촌면 복흥리,20240118,,3,
5275038034,전북특별자치도 임실군 관촌면 운수리,20240118,,3,
5275039000,강진면,20240118,,2,5275000000
5275039021,전북특별자치도 임실군 강진면 백련리,20240118,,3,
5275039022,전북특별자치도 임실군 강진면 부흥리,20240118,,3,
5275039023,전북특별자치도 임실군 강진면 갈담리,20240118,,3,
5275039024,전북특별자치도 임실군 강진면 회진리,20240118,,3,
5275039025,전북특별자치도 임실군 강진면 용수리,20240118,,3,
5275039026,전북특별자치도 임실군 강진면 옥정리,20240118,,3,
5275039027,전북특별자치도 임실군 강진면 문방리,20240118,,3,
5275039028,전북특별자치도 임실군 강진면 필봉리,20240118,,3,
5275039029,전북특별자치도 임실군 강진면 학석리,20240118,,3,
5275039030,전북특별자치도 임실군 강진면 방현리,20240118,,3,
5275040000,덕치면,20240118,,2,5275000000
5275040021,전북특별자치도 임실군 덕치면 두지리,20240118,,3,
5275040022,전북특별자치도 임실군 덕치면 사곡리,20240118,,3,
5275040023,전북특별자치도 임실군 덕치면 가곡리,20240118,,3,
5275040024,전북특별자치도 임실군 덕치면 천담리,20240118,,3,
5275040025,전북특별자치도 임실군 덕치면 장암리,20240118,,3,
5275040026,전북특별자치도 임실군 덕치면 일중리,20240118,,3,
5275040027,전북특별자치도 임실군 덕치면 물우리,20240118,,3,
5275040028,전북특별자치도 임실군 덕치면 회문리,20240118,,3,
5275041000,지사면,20240118,,2,5275000000
5275041021,전북특별자치도 임실군 지사면 관기리,20240118,,3,
5275041022,전북특별자치도 임실군 지사면 원산리,20240118,,3,
5275041023,전북특별자치도 임실군 지사면 안하리,20240118,,3,
5275041024,전북특별자치도 임실군 지사면 금평리,20240118,,3,
5275041025,전북특별자치도 임실군 지사면 영천리,20240118,,3,
5275041026,전북특별자치도 임실군 지사면 방계리,20240118,,3,
5275041027,전북특별자치도 임실군 지사면 계산리,20240118,,3,
5277000000,순창군,20240118,,1,5200000000
5277025000,순창읍,20240118,,2,5277000000
5277025021,전북특별자치도 순창군 순창읍 순화리,20240118,,3,
5277025022,전북특별자치도 순창군 순창읍 남계리,20240118,,3,
5277025023,전북특별자치도 순창군 순창읍 장덕리,20240118,,3,
5277025024,전북특별자치도 순창군 순창읍 복실리,20240118,,3,
5277025025,전북특별자치도 순창군 순창읍 백산리,20240118,,3,
5277025026,전북특별자치도 순창군 순창읍 교성리,20240118,,3,
5277025027,전북특별자치도 순창군 순창읍 가남리,20240118,,3,
5277025028,전북특별자치도 순창군 순창읍 신남리,20240118,,3,
5277031000,인계면,20240118,,2,5277000000
5277031021,전북특별자치도 순창군 인계면 갑동리,20240118,,3,
5277031022,전북특별자치도 순창군 인계면 도룡리,20240118,,3,
5277031023,전북특별자치도 순창군 인계면 쌍암리,20240118,,3,
5277031024,전북특별자치도 순창군 인계면 탑리,20240118,,3,
5277031025,전북특별자치도 순창군 인계면 심초리,20240118,,3,
5277031026,전북특별자치도 순창군 인계면 세룡리,20240118,,3,
5277031027,전북특별자치도 순창군 인계면 마흘리,20240118,,3,
5277031028,전북특별자치도 순창군 인계면 가성리,20240118,,3,
5277031029,전북특별자치도 순창군 인계면 중산리,20240118,,3,
5277031030,전북특별자치도 순창군 인계면 지산리,20240118,,3,
5277031031,전북특별자치도 순창군 인계면 노동리,20240118,,3,
5277032000,동계면,20240118,,2,5277000000
5277032021,전북특별자치도 순창군 동계면 현포리,20240118,,3,
5277032022,전북특별자치도 순창군 동계면 서호리,20240118,,3,
5277032023,전북특별자치도 순창군 동계면 어치리,20240118,,3,
5277032024,전북특별자치도 순창군 동계면 구미리,20240118,,3,
5277032025,전북특별자치도 순창군 동계면 동심리,20240118,,3,
5277032026,전북특별자치도 순창군 동계면 관전리,20240118,,3,
5277032027,전북특별자치도 순창군 동계면 신흥리,20240118,,3,
5277032028,전북특별자치도 순창군 동계면 유산리,20240118,,3,
5277032029,전북특별자치도 순창군 동계면 이동리,20240118,,3,
5277032030,전북특별자치도 순창군 동계면 수정리,20240118,,3,
5277032031,전북특별자치도 순창군 동계면 주월리,20240118,,3,
5277032032,전북특별자치도 순창군 동계면 내령리,20240118,,3,
5277032033,전북특별자치도 순창군 동계면 수장리,20240118,,3,
5277033000,풍산면,20240118,,2,5277000000
5277033021,전북특별자치도 순창군 풍산면 반월리,20240118,,3,
5277033022,전북특별자치도 순창군 풍산면 유정리,20240118,,3,
5277033023,전북특별자치도 순창군 풍산면 삼촌리,20240118,,3,
5277033024,전북특별자치도 순창군 풍산면 금곡리,20240118,,3,
5277033025,전북특별자치도 순창군 풍산면 죽전리,20240118,,3,
5277033026,전북특별자치도 순창군 풍산면 우곡리,20240118,,3,
5277033027,전북특별자치도 순창군 풍산면 한내리,20240118,,3,
5277033028,전북특별자치도 순창군 풍산면 대가리,20240118,,3,
5277033029,전북특별자치도 순창군 풍산면 두승리,20240118,,3,
5277033030,전북특별자치도 순창군 풍산면 상촌리,20240118,,3,
5277033031,전북특별자치도 순창군 풍산면 용내리,20240118,,3,
5277033032,전북특별자치도 순창군 풍산면 죽곡리,20240118,,3,
5277034000,금과면,20240118,,2,5277000000
5277034021,전북특별자치도 순창군 금과면 수양리,20240118,,3,
5277034022,전북특별자치도 순창군 금과면 발산리,20240118,,3,
5277034023,전북특별자치도 순창군 금과면 내동리,20240118,,3,
5277034024,전북특별자치도 순창군 금과면 동전리,20240118,,3,
5277034025,전북특별자치도 순창군 금과면 대성리,20240118,,3,
5277034026,전북특별자치도 순창군 금과면 청용리,20240118,,3,
5277034027,전북특별자치도 순창군 금과면 방성리,20240118,,3,
5277034028,전북특별자치도 순창군 금과면 남계리,20240118,,3,
5277034030,전북특별자치도 순창군 금과면 목동리,20240118,,3,
5277034032,전북특별자치도 순창군 금과면 방축리,20240118,,3,
5277034033,전북특별자치도 순창군 금과면 고례리,20240118,,3,
5277034034,전북특별자치도 순창군 금과면 장장리,20240118,,3,
5277034035,전북특별자치도 순창군 금과면 매우리,20240118,,3,
5277035000,팔덕면,20240118,,2,5277000000
5277035021,전북특별자치도 순창군 팔덕면 구룡리,20240118,,3,
5277035022,전북특별자치도 순창군 팔덕면 용산리,20240118,,3,
5277035023,전북특별자치도 순창군 팔덕면 월곡리,20240118,,3,
5277035024,전북특별자치도 순창군 팔덕면 광암리,20240118,,3,
5277035025,전북특별자치도 순창군 팔덕면 청계리,20240118,,3,
5277035026,전북특별자치도 순창군 팔덕면 서흥리,20240118,,3,
5277035027,전북특별자치도 순창군 팔덕면 산동리,20240118,,3,
5277035028,전북특별자치도 순창군 팔덕면 장안리,20240118,,3,
5277035029,전북특별자치도 순창군 팔덕면 창덕리,20240118,,3,
5277035030,전북특별자치도 순창군 팔덕면 덕천리,20240118,,3,
5277036000,쌍치면,20240118,,2,5277000000
5277036021,전북특별자치도 순창군 쌍치면 방산리,20240118,,3,
5277036023,전북특별자치도 순창군 쌍치면 신성리,20240118,,3,
5277036024,전북특별자치도 순창군 쌍치면 탕곡리,20240118,,3,
5277036025,전북특별자치도 순창군 쌍치면 중안리,20240118,,3,
5277036026,전북특별자치도 순창군 쌍치면 둔전리,20240118,,3,
5277036027,전북특별자치도 순창군 쌍치면 시산리,20240118,,3,
5277036028,전북특별자치도 순창군 쌍치면 옥산리,20240118,,3,
5277036029,전북특별자치도 순창군 쌍치면 종암리,20240118,,3,
5277036030,전북특별자치도 순창군 쌍치면 학선리,20240118,,3,
5277036031,전북특별자치도 순창군 쌍치면 도고리,20240118,,3,
5277036032,전북특별자치도 순창군 쌍치면 금평리,20240118,,3,
5277036033,전북특별자치도 순창군 쌍치면 쌍계리,20240118,,3,
5277036034,전북특별자치도 순창군 쌍치면 전암리,20240118,,3,
5277036035,전북특별자치도 순창군 쌍치면 양신리,20240118,,3,
5277036036,전북특별자치도 순창군 쌍치면 운암리,20240118,,3,
5277036037,전북특별자치도 순창군 쌍치면 용전리,20240118,,3,
5277036038,전북특별자치도 순창군 쌍치면 금성리,20240118,,3,
5277036039,전북특별자치도 순창군 쌍치면 오봉리,20240118,,3,
5277036040,전북특별자치도 순창군 쌍치면 종곡리,20240118,,3,
5277037000,복흥면,20240118,,2,5277000000
5277037021,전북특별자치도 순창군 복흥면 서마리,20240118,,3,
5277037022,전북특별자치도 순창군 복흥면 동산리,20240118,,3,
5277037023,전북특별자치도 순창군 복흥면 화양리,20240118,,3,
5277037024,전북특별자치도 순창군 복흥면 반월리,20240118,,3,
5277037025,전북특별자치도 순창군 복흥면 봉덕리,20240118,,3,
5277037026,전북특별자치도 순창군 복흥면 농암리,20240118,,3,
5277037027,전북특별자치도 순창군 복흥면 지선리,20240118,,3,
5277037028,전북특별자치도 순창군 복흥면 금월리,20240118,,3,
5277037029,전북특별자치도 순창군 복흥면 어은리,20240118,,3,
5277037030,전북특별자치도 순창군 복흥면 대방리,20240118,,3,
5277037031,전북특별자치도 순창군 복흥면 정산리,20240118,,3,
5277037032,전북특별자치도 순창군 복흥면 산정리,20240118,,3,
5277037033,전북특별자치도 순창군 복흥면 주평리,20240118,,3,
5277037034,전북특별자치도 순창군 복흥면 상송리,20240118,,3,
5277037035,전북특별자치도 순창군 복흥면 하리,20240118,,3,
5277037036,전북특별자치도 순창군 복흥면 답동리,20240118,,3,
5277037037,전북특별자치도 순창군 복흥면 석보리,20240118,,3,
5277038000,적성면,20240118,,2,5277000000
5277038021,전북특별자치도 순창군 적성면 지북리,20240118,,3,
5277038022,전북특별자치도 순창군 적성면 대산리,20240118,,3,
5277038023,전북특별자치도 순창군 적성면 운림리,20240118,,3,
5277038024,전북특별자치도 순창군 적성면 고원리,20240118,,3,
5277038025,전북특별자치도 순창군 적성면 내월리,20240118,,3,
5277038026,전북특별자치도 순창군 적성면 평남리,20240118,,3,
5277038027,전북특별자치도 순창군 적성면 괴정리,20240118,,3,
5277038028,전북특별자치도 순창군 적성면 석산리,20240118,,3,
5277039000,유등면,20240118,,2,5277000000
5277039021,전북특별자치도 순창군 유등면 창신리,20240118,,3,
5277039022,전북특별자치도 순창군 유등면 건곡리,20240118,,3,
5277039023,전북특별자치도 순창군 유등면 외이리,20240118,,3,
5277039024,전북특별자치도 순창군 유등면 오교리,20240118,,3,
5277039025,전북특별자치도 순창군 유등면 유촌리,20240118,,3,
5277039026,전북특별자치도 순창군 유등면 무수리,20240118,,3,
5277040000,구림면,20240118,,2,5277000000
5277040021,전북특별자치도 순창군 구림면 운남리,20240118,,3,
5277040022,전북특별자치도 순창군 구림면 구암리,20240118,,3,
5277040023,전북특별자치도 순창군 구림면 구산리,20240118,,3,
5277040024,전북특별자치도 순창군 구림면 성곡리,20240118,,3,
5277040025,전북특별자치도 순창군 구림면 율북리,20240118,,3,
5277040026,전북특별자치도 순창군 구림면 안정리,20240118,,3,
5277040027,전북특별자치도 순창군 구림면 금천리,20240118,,3,
5277040028,전북특별자치도 순창군 구림면 금창리,20240118,,3,
5277040029,전북특별자치도 순창군 구림면 방화리,20240118,,3,
5277040030,전북특별자치도 순창군 구림면 운북리,20240118,,3,
5277040031,전북특별자치도 순창군 구림면 월정리,20240118,,3,
5277040032,전북특별자치도 순창군 구림면 자양리,20240118,,3,
5277040033,전북특별자치도 순창군 구림면 구곡리,20240118,,3,
5277040034,전북특별자치도 순창군 구림면 화암리,20240118,,3,
5279000000,고창군,20240118,,1,5200000000
5279025000,고창읍,20240118,,2,5279000000
5279025021,전북특별자치도 고창군 고창읍 읍내리,20240118,,3,
5279025022,전북특별자치도 고창군 고창읍 교촌리,20240118,,3,
5279025023,전북특별자치도 고창군 고창읍 월곡리,20240118,,3,
5279025024,전북특별자치도 고창군 고창읍 월암리,20240118,,3,
5279025025,전북특별자치도 고창군 고창읍 석정리,20240118,,3,
5279025026,전북특별자치도 고창군 고창읍 월산리,20240118,,3,
5279025027,전북특별자치도 고창군 고창읍 노동리,20240118,,3,
5279025028,전북특별자치도 고창군 고창읍 화산리,20240118,,3,
5279025029,전북특별자치도 고창군 고창읍 내동리,20240118,,3,
5279025030,전북특별자치도 고창군 고창읍 덕산리,20240118,,3,
5279025031,전북특별자치도 고창군 고창읍 주곡리,20240118,,3,
5279025032,전북특별자치도 고창군 고창읍 도산리,20240118,,3,
5279025033,전북특별자치도 고창군 고창읍 죽림리,20240118,,3,
5279025034,전북특별자치도 고창군 고창읍 신월리,20240118,,3,
5279025035,전북특별자치도 고창군 고창읍 덕정리,20240118,,3,
5279025036,전북특별자치도 고창군 고창읍 율계리,20240118,,3,
5279025037,전북특별자치도 고창군 고창읍 석교리,20240118,,3,
5279025038,전북특별자치도 고창군 고창읍 성두리,20240118,,3,
5279031000,고수면,20240118,,2,5279000000
5279031021,전북특별자치도 고창군 고수면 와촌리,20240118,,3,
5279031022,전북특별자치도 고창군 고수면 황산리,20240118,,3,
5279031023,전북특별자치도 고창군 고수면 봉산리,20240118,,3,
5279031024,전북특별자치도 고창군 고수면 우평리,20240118,,3,
5279031025,전북특별자치도 고창군 고수면 남산리,20240118,,3,
5279031026,전북특별자치도 고창군 고수면 예지리,20240118,,3,
5279031027,전북특별자치도 고창군 고수면 인성리,20240118,,3,
5279031028,전북특별자치도 고창군 고수면 장두리,20240118,,3,
5279031029,전북특별자치도 고창군 고수면 초내리,20240118,,3,
5279031030,전북특별자치도 고창군 고수면 평지리,20240118,,3,
5279031031,전북특별자치도 고창군 고수면 부곡리,20240118,,3,
5279031032,전북특별자치도 고창군 고수면 상평리,20240118,,3,
5279031033,전북특별자치도 고창군 고수면 두평리,20240118,,3,
5279031034,전북특별자치도 고창군 고수면 은사리,20240118,,3,
5279032000,아산면,20240118,,2,5279000000
5279032021,전북특별자치도 고창군 아산면 봉덕리,20240118,,3,
5279032022,전북특별자치도 고창군 아산면 중월리,20240118,,3,
5279032023,전북특별자치도 고창군 아산면 목동리,20240118,,3,
5279032024,전북특별자치도 고창군 아산면 상갑리,20240118,,3,
5279032025,전북특별자치도 고창군 아산면 하갑리,20240118,,3,
5279032026,전북특별자치도 고창군 아산면 대동리,20240118,,3,
5279032027,전북특별자치도 고창군 아산면 주진리,20240118,,3,
5279032028,전북특별자치도 고창군 아산면 남산리,20240118,,3,
5279032029,전북특별자치도 고창군 아산면 성산리,20240118,,3,
5279032030,전북특별자치도 고창군 아산면 학전리,20240118,,3,
5279032031,전북특별자치도 고창군 아산면 운곡리,20240118,,3,
5279032032,전북특별자치도 고창군 아산면 용계리,20240118,,3,
5279032033,전북특별자치도 고창군 아산면 계산리,20240118,,3,
5279032034,전북특별자치도 고창군 아산면 구암리,20240118,,3,
5279032035,전북특별자치도 고창군 아산면 반암리,20240118,,3,
5279032036,전북특별자치도 고창군 아산면 삼인리,20240118,,3,
5279033000,무장면,20240118,,2,5279000000
5279033021,전북특별자치도 고창군 무장면 무장리,20240118,,3,
5279033022,전북특별자치도 고창군 무장면 성내리,20240118,,3,
5279033023,전북특별자치도 고창군 무장면 교흥리,20240118,,3,
5279033024,전북특별자치도 고창군 무장면 송현리,20240118,,3,
5279033025,전북특별자치도 고창군 무장면 원촌리,20240118,,3,
5279033026,전북특별자치도 고창군 무장면 강남리,20240118,,3,
5279033027,전북특별자치도 고창군 무장면 목우리,20240118,,3,
5279033028,전북특별자치도 고창군 무장면 덕림리,20240118,,3,
5279033029,전북특별자치도 고창군 무장면 옥산리,20240118,,3,
5279033030,전북특별자치도 고창군 무장면 고라리,20240118,,3,
5279033031,전북특별자치도 고창군 무장면 백양리,20240118,,3,
5279033032,전북특별자치도 고창군 무장면 신촌리,20240118,,3,
5279033033,전북특별자치도 고창군 무장면 만화리,20240118,,3,
5279033034,전북특별자치도 고창군 무장면 월림리,20240118,,3,
5279033035,전북특별자치도 고창군 무장면 도곡리,20240118,,3,
5279033036,전북특별자치도 고창군 무장면 송계리,20240118,,3,
5279034000,공음면,20240118,,2,5279000000
5279034021,전북특별자치도 고창군 공음면 두암리,20240118,,3,
5279034022,전북특별자치도 고창군 공음면 신대리,20240118,,3,
5279034023,전북특별자치도 고창군 공음면 구암리,20240118,,3,
5279034024,전북특별자치도 고창군 공음면 석교리,20240118,,3,
5279034025,전북특별자치도 고창군 공음면 장곡리,20240118,,3,
5279034026,전북특별자치도 고창군 공음면 칠암리,20240118,,3,
5279034027,전북특별자치도 고창군 공음면 용수리,20240118,,3,
5279034028,전북특별자치도 고창군 공음면 선동리,20240118,,3,
5279034029,전북특별자치도 고창군 공음면 건동리,20240118,,3,
5279034030,전북특별자치도 고창군 공음면 군유리,20240118,,3,
5279034031,전북특별자치도 고창군 공음면 예전리,20240118,,3,
5279034032,전북특별자치도 고창군 공음면 덕암리,20240118,,3,
5279035000,상하면,20240118,,2,5279000000
5279035021,전북특별자치도 고창군 상하면 장산리,20240118,,3,
5279035022,전북특별자치도 고창군 상하면 장호리,20240118,,3,
5279035023,전북특별자치도 고창군 상하면 용정리,20240118,,3,
5279035024,전북특별자치도 고창군 상하면 자룡리,20240118,,3,
5279035025,전북특별자치도 고창군 상하면 석남리,20240118,,3,
5279035026,전북특별자치도 고창군 상하면 하장리,20240118,,3,
5279035027,전북특별자치도 고창군 상하면 용대리,20240118,,3,
5279035028,전북특별자치도 고창군 상하면 검산리,20240118,,3,
5279035029,전북특별자치도 고창군 상하면 송곡리,20240118,,3,
5279036000,해리면,20240118,,2,5279000000
5279036021,전북특별자치도 고창군 해리면 하련리,20240118,,3,
5279036022,전북특별자치도 고창군 해리면 평지리,20240118,,3,
5279036023,전북특별자치도 고창군 해리면 고성리,20240118,,3,
5279036024,전북특별자치도 고창군 해리면 송산리,20240118,,3,
5279036025,전북특별자치도 고창군 해리면 안산리,20240118,,3,
5279036026,전북특별자치도 고창군 해리면 왕촌리,20240118,,3,
5279036027,전북특별자치도 고창군 해리면 라성리,20240118,,3,
5279036028,전북특별자치도 고창군 해리면 사반리,20240118,,3,
5279036029,전북특별자치도 고창군 해리면 방축리,20240118,,3,
5279036030,전북특별자치도 고창군 해리면 금평리,20240118,,3,
5279036031,전북특별자치도 고창군 해리면 광승리,20240118,,3,
5279036032,전북특별자치도 고창군 해리면 동호리,20240118,,3,
5279037000,성송면,20240118,,2,5279000000
5279037021,전북특별자치도 고창군 성송면 산수리,20240118,,3,
5279037022,전북특별자치도 고창군 성송면 하고리,20240118,,3,
5279037023,전북특별자치도 고창군 성송면 무송리,20240118,,3,
5279037024,전북특별자치도 고창군 성송면 암치리,20240118,,3,
5279037025,전북특별자치도 고창군 성송면 계당리,20240118,,3,
5279037026,전북특별자치도 고창군 성송면 판정리,20240118,,3,
5279037027,전북특별자치도 고창군 성송면 괴치리,20240118,,3,
5279037028,전북특별자치도 고창군 성송면 향산리,20240118,,3,
5279037029,전북특별자치도 고창군 성송면 학천리,20240118,,3,
5279037030,전북특별자치도 고창군 성송면 사내리,20240118,,3,
5279037031,전북특별자치도 고창군 성송면 낙양리,20240118,,3,
5279038000,대산면,20240118,,2,5279000000
5279038021,전북특별자치도 고창군 대산면 성남리,20240118,,3,
5279038022,전북특별자치도 고창군 대산면 광대리,20240118,,3,
5279038023,전북특별자치도 고창군 대산면 덕천리,20240118,,3,
5279038024,전북특별자치도 고창군 대산면 중산리,20240118,,3,
5279038025,전북특별자치도 고창군 대산면 매산리,20240118,,3,
5279038026,전북특별자치도 고창군 대산면 산정리,20240118,,3,
5279038027,전북특별자치도 고창군 대산면 율촌리,20240118,,3,
5279038028,전북특별자치도 고창군 대산면 춘산리,20240118,,3,
5279038029,전북특별자치도 고창군 대산면 연동리,20240118,,3,
5279038030,전북특별자치도 고창군 대산면 갈마리,20240118,,3,
5279038031,전북특별자치도 고창군 대산면 해룡리,20240118,,3,
5279038032,전북특별자치도 고창군 대산면 대장리,20240118,,3,
5279038033,전북특별자치도 고창군 대산면 회룡리,20240118,,3,
5279038034,전북특별자치도 고창군 대산면 지석리,20240118,,3,
5279038035,전북특별자치도 고창군 대산면 상금리,20240118,,3,
5279039000,심원면,20240118,,2,5279000000
5279039021,전북특별자치도 고창군 심원면 궁산리,20240118,,3,
5279039022,전북특별자치도 고창군 심원면 주산리,20240118,,3,
5279039023,전북특별자치도 고창군 심원면 고전리,20240118,,3,
5279039024,전북특별자치도 고창군 심원면 만돌리,20240118,,3,
5279039025,전북특별자치도 고창군 심원면 두어리,20240118,,3,
5279039026,전북특별자치도 고창군 심원면 도천리,20240118,,3,
5279039027,전북특별자치도 고창군 심원면 연화리,20240118,,3,
5279039028,전북특별자치도 고창군 심원면 월산리,20240118,,3,
5279039029,전북특별자치도 고창군 심원면 하전리,20240118,,3,
5279039030,전북특별자치도 고창군 심원면 용기리,20240118,,3,
5279040000,흥덕면,20240118,,2,5279000000
5279040021,전북특별자치도 고창군 흥덕면 흥덕리,20240118,,3,
5279040022,전북특별자치도 고창군 흥덕면 동사리,20240118,,3,
5279040023,전북특별자치도 고창군 흥덕면 치룡리,20240118,,3,
5279040024,전북특별자치도 고창군 흥덕면 신송리,20240118,,3,
5279040025,전북특별자치도 고창군 흥덕면 하남리,20240118,,3,
5279040026,전북특별자치도 고창군 흥덕면 용반리,20240118,,3,
5279040027,전북특별자치도 고창군 흥덕면 신덕리,20240118,,3,
5279040028,전북특별자치도 고창군 흥덕면 후포리,20240118,,3,
5279040029,전북특별자치도 고창군 흥덕면 사포리,20240118,,3,
5279040030,전북특별자치도 고창군 흥덕면 교운리,20240118,,3,
5279040031,전북특별자치도 고창군 흥덕면 석우리,20240118,,3,
5279040032,전북특별자치도 고창군 흥덕면 오호리,20240118,,3,
5279040033,전북특별자치도 고창군 흥덕면 석교리,20240118,,3,
5279040034,전북특별자치도 고창군 흥덕면 사천리,20240118,,3,
5279040035,전북특별자치도 고창군 흥덕면 제하리,20240118,,3,
5279040036,전북특별자치도 고창군 흥덕면 송암리,20240118,,3,
5279041000,성내면,20240118,,2,5279000000
5279041021,전북특별자치도 고창군 성내면 양계리,20240118,,3,
5279041022,전북특별자치도 고창군 성내면 월성리,20240118,,3,
5279041023,전북특별자치도 고창군 성내면 조동리,20240118,,3,
5279041024,전북특별자치도 고창군 성내면 부덕리,20240118,,3,
5279041025,전북특별자치도 고창군 성내면 덕산리,20240118,,3,
5279041026,전북특별자치도 고창군 성내면 신성리,20240118,,3,
5279041027,전북특별자치도 고창군 성내면 동산리,20240118,,3,
5279041028,전북특별자치도 고창군 성내면 월산리,20240118,,3,
5279041029,전북특별자치도 고창군 성내면 옥제리,20240118,,3,
5279041030,전북특별자치도 고창군 성내면 대흥리,20240118,,3,
5279041031,전북특별자치도 고창군 성내면 신대리,20240118,,3,
5279041032,전북특별자치도 고창군 성내면 용교리,20240118,,3,
5279041033,전북특별자치도 고창군 성내면 산림리,20240118,,3,
5279042000,신림면,20240118,,2,5279000000
5279042021,전북특별자치도 고창군 신림면 무림리,20240118,,3,
5279042022,전북특별자치도 고창군 신림면 외화리,20240118,,3,
5279042023,전북특별자치도 고창군 신림면 도림리,20240118,,3,
5279042024,전북특별자치도 고창군 신림면 덕화리,20240118,,3,
5279042025,전북특별자치도 고창군 신림면 가평리,20240118,,3,
5279042026,전북특별자치도 고창군 신림면 신평리,20240118,,3,
5279042027,전북특별자치도 고창군 신림면 반룡리,20240118,,3,
5279042028,전북특별자치도 고창군 신림면 세곡리,20240118,,3,
5279042029,전북특별자치도 고창군 신림면 자포리,20240118,,3,
5279042030,전북특별자치도 고창군 신림면 송용리,20240118,,3,
5279042031,전북특별자치도 고창군 신림면 법지리,20240118,,3,
5279042032,전북특별자치도 고창군 신림면 벽송리,20240118,,3,
5279042033,전북특별자치도 고창군 신림면 부송리,20240118,,3,
5279043000,부안면,20240118,,2,5279000000
5279043021,전북특별자치도 고창군 부안면 중흥리,20240118,,3,
5279043022,전북특별자치도 고창군 부안면 오산리,20240118,,3,
5279043023,전북특별자치도 고창군 부안면 수남리,20240118,,3,
5279043024,전북특별자치도 고창군 부안면 검산리,20240118,,3,
5279043025,전북특별자치도 고창군 부안면 수동리,20240118,,3,
5279043026,전북특별자치도 고창군 부안면 수앙리,20240118,,3,
5279043027,전북특별자치도 고창군 부안면 상암리,20240118,,3,
5279043028,전북특별자치도 고창군 부안면 봉암리,20240118,,3,
5279043029,전북특별자치도 고창군 부안면 송현리,20240118,,3,
5279043030,전북특별자치도 고창군 부안면 선운리,20240118,,3,
5279043031,전북특별자치도 고창군 부안면 용산리,20240118,,3,
5279043032,전북특별자치도 고창군 부안면 상등리,20240118,,3,
5279043033,전북특별자치도 고창군 부안면 사창리,20240118,,3,
5279043034,전북특별자치도 고창군 부안면 운양리,20240118,,3,
5280000000,부안군,20240118,,1,5200000000
5280025000,부안읍,20240118,,2,5280000000
5280025021,전북특별자치도 부안군 부안읍 동중리,20240118,,3,
5280025022,전북특별자치도 부안군 부안읍 서외리,20240118,,3,
5280025023,전북특별자치도 부안군 부안읍 선은리,20240118,,3,
5280025024,전북특별자치도 부안군 부안읍 봉덕리,20240118,,3,
5280025025,전북특별자치도 부안군 부안읍 신운리,20240118,,3,
5280025026,전북특별자치도 부안군 부안읍 모산리,20240118,,3,
5280025027,전북특별자치도 부안군 부안읍 행중리,20240118,,3,
5280025028,전북특별자치도 부안군 부안읍 연곡리,20240118,,3,
5280025029,전북특별자치도 부안군 부안읍 옹중리,20240118,,3,
5280025030,전북특별자치도 부안군 부안읍 내요리,20240118,,3,
5280025031,전북특별자치도 부안군 부안읍 외하리,20240118,,3,
5280025032,전북특별자치도 부안군 부안읍 신흥리,20240118,,3,
5280031000,주산면,20240118,,2,5280000000
5280031021,전북특별자치도 부안군 주산면 소주리,20240118,,3,
5280031022,전북특별자치도 부안군 주산면 덕림리,20240118,,3,
5280031023,전북특별자치도 부안군 주산면 동정리,20240118,,3,
5280031024,전북특별자치도 부안군 주산면 소산리,20240118,,3,
5280031025,전북특별자치도 부안군 주산면 갈촌리,20240118,,3,
5280031026,전북특별자치도 부안군 주산면 사산리,20240118,,3,
5280031027,전북특별자치도 부안군 주산면 돈계리,20240118,,3,
5280031028,전북특별자치도 부안군 주산면 백석리,20240118,,3,
5280032000,동진면,20240118,,2,5280000000
5280032021,전북특별자치도 부안군 동진면 봉황리,20240118,,3,
5280032022,전북특별자치도 부안군 동진면 내기리,20240118,,3,
5280032023,전북특별자치도 부안군 동진면 하장리,20240118,,3,
5280032024,전북특별자치도 부안군 동진면 장등리,20240118,,3,
5280032025,전북특별자치도 부안군 동진면 동전리,20240118,,3,
5280032026,전북특별자치도 부안군 동진면 안성리,20240118,,3,
5280032027,전북특별자치도 부안군 동진면 본덕리,20240118,,3,
5280032028,전북특별자치도 부안군 동진면 증산리,20240118,,3,
5280032029,전북특별자치도 부안군 동진면 당상리,20240118,,3,
5280033000,행안면,20240118,,2,5280000000
5280033021,전북특별자치도 부안군 행안면 역리,20240118,,3,
5280033022,전북특별자치도 부안군 행안면 삼간리,20240118,,3,
5280033023,전북특별자치도 부안군 행안면 진동리,20240118,,3,
5280033024,전북특별자치도 부안군 행안면 대초리,20240118,,3,
5280033025,전북특별자치도 부안군 행안면 신기리,20240118,,3,
5280034000,계화면,20240118,,2,5280000000
5280034021,전북특별자치도 부안군 계화면 계화리,20240118,,3,
5280034022,전북특별자치도 부안군 계화면 창북리,20240118,,3,
5280034023,전북특별자치도 부안군 계화면 양산리,20240118,,3,
5280034024,전북특별자치도 부안군 계화면 궁안리,20240118,,3,
5280034025,전북특별자치도 부안군 계화면 의복리,20240118,,3,
5280035000,보안면,20240118,,2,5280000000
5280035021,전북특별자치도 부안군 보안면 영전리,20240118,,3,
5280035022,전북특별자치도 부안군 보안면 상입석리,20240118,,3,
5280035023,전북특별자치도 부안군 보안면 남포리,20240118,,3,
5280035024,전북특별자치도 부안군 보안면 우동리,20240118,,3,
5280035025,전북특별자치도 부안군 보안면 신복리,20240118,,3,
5280035026,전북특별자치도 부안군 보안면 유천리,20240118,,3,
5280035027,전북특별자치도 부안군 보안면 하입석리,20240118,,3,
5280035028,전북특별자치도 부안군 보안면 상림리,20240118,,3,
5280035029,전북특별자치도 부안군 보안면 월천리,20240118,,3,
5280035030,전북특별자치도 부안군 보안면 부곡리,20240118,,3,
5280036000,변산면,20240118,,2,5280000000
5280036021,전북특별자치도 부안군 변산면 도청리,20240118,,3,
5280036022,전북특별자치도 부안군 변산면 격포리,20240118,,3,
5280036023,전북특별자치도 부안군 변산면 마포리,20240118,,3,
5280036024,전북특별자치도 부안군 변산면 운산리,20240118,,3,
5280036025,전북특별자치도 부안군 변산면 지서리,20240118,,3,
5280036026,전북특별자치도 부안군 변산면 대항리,20240118,,3,
5280036027,전북특별자치도 부안군 변산면 중계리,20240118,,3,
5280037000,진서면,20240118,,2,5280000000
5280037021,전북특별자치도 부안군 진서면 진서리,20240118,,3,
5280037022,전북특별자치도 부안군 진서면 석포리,20240118,,3,
5280037023,전북특별자치도 부안군 진서면 운호리,20240118,,3,
5280037024,전북특별자치도 부안군 진서면 곰소리,20240118,,3,
5280038000,백산면,20240118,,2,5280000000
5280038021,전북특별자치도 부안군 백산면 금판리,20240118,,3,
5280038022,전북특별자치도 부안군 백산면 용계리,20240118,,3,
5280038023,전북특별자치도 부안군 백산면 원천리,20240118,,3,
5280038024,전북특별자치도 부안군 백산면 대수리,20240118,,3,
5280038025,전북특별자치도 부안군 백산면 하청리,20240118,,3,
5280038026,전북특별자치도 부안군 백산면 거룡리,20240118,,3,
5280038027,전북특별자치도 부안군 백산면 대죽리,20240118,,3,
5280038028,전북특별자치도 부안군 백산면 평교리,20240118,,3,
5280038029,전북특별자치도 부안군 백산면 오곡리,20240118,,3,
5280038030,전북특별자치도 부안군 백산면 덕신리,20240118,,3,
5280038031,전북특별자치도 부안군 백산면 신평리,20240118,,3,
5280038032,전북특별자치도 부안군 백산면 죽림리,20240118,,3,
5280039000,상서면,20240118,,2,5280000000
5280039021,전북특별자치도 부안군 상서면 감교리,20240118,,3,
5280039022,전북특별자치도 부안군 상서면 가오리,20240118,,3,
5280039023,전북특별자치도 부안군 상서면 고잔리,20240118,,3,
5280039024,전북특별자치도 부안군 상서면 용서리,20240118,,3,
5280039025,전북특별자치도 부안군 상서면 장동리,20240118,,3,
5280039026,전북특별자치도 부안군 상서면 통정리,20240118,,3,
5280039027,전북특별자치도 부안군 상서면 청림리,20240118,,3,
5280040000,하서면,20240118,,2,5280000000
5280040021,전북특별자치도 부안군 하서면 청호리,20240118,,3,
5280040022,전북특별자치도 부안군 하서면 언독리,20240118,,3,
5280040023,전북특별자치도 부안군 하서면 석상리,20240118,,3,
5280040024,전북특별자치도 부안군 하서면 백련리,20240118,,3,
5280040025,전북특별자치도 부안군 하서면 장신리,20240118,,3,
5280041000,줄포면,20240118,,2,5280000000
5280041021,전북특별자치도 부안군 줄포면 줄포리,20240118,,3,
5280041022,전북특별자치도 부안군 줄포면 장동리,20240118,,3,
5280041023,전북특별자치도 부안군 줄포면 우포리,20240118,,3,
5280041024,전북특별자치도 부안군 줄포면 신리,20240118,,3,
5280041025,전북특별자치도 부안군 줄포면 난산리,20240118,,3,
5280041026,전북특별자치도 부안군 줄포면 파산리,20240118,,3,
5280041027,전북특별자치도 부안군 줄포면 대동리,20240118,,3,
5280042000,위도면,20240118,,2,5280000000
5280042021,전북특별자치도 부안군 위도면 진리,20240118,,3,
5280042022,전북특별자치도 부안군 위도면 정금리,20240118,,3,
5280042023,전북특별자치도 부안군 위도면 치도리,20240118,,3,
5280042024,전북특별자치도 부안군 위도면 대리,20240118,,3,
5280042025,전북특별자치도 부안군 위도면 거륜리,20240118,,3,
5280042026,전북특별자치도 부안군 위도면 식도리,20240118,,3,
5280042027,전북특별자치도 부안군 위도면 상왕등리,20240118,,3,
5280042028,전북특별자치도 부안군 위도면 하왕등리,20240118,,3,
